Title,Author,Genre,PublishedYear,ISBN
acervus crapula alius,Gwendolyn Schmeler,Romance,1973,5649548775389
adsum culpa culpo,Lucille Rosenbaum-Durgan,Fiction,1962,1406655128905
adamo bonus aeger,Abel Runte-Goodwin,Non-Fiction,1992,0751489229383
angulus volup conduco,Darla White,Biography,1992,4622534873429
enim desipio aetas,Miss Kristi Rippin,Romance,1968,1359917690943
administratio depono delibero,Wayne Sporer,Thriller,1993,8084126421731
arx utrum amplexus,Melanie O'Keefe,Romance,1985,5038984790134
tego corrigo denuo,Dr. Ella Price,Fiction,1978,5428893501774
caelum viridis artificiose,Thomas Bednar,Romance,1983,0050313343902
demonstro verumtamen ipsam,Teri Hessel,Biography,1982,4536835778718
urbs abeo explicabo,Velma Schultz DDS,Science Fiction,1956,9435946035395
coadunatio timor crustulum,Dr. Emilio Gleason,Fiction,2016,4158029815241
amplitudo eum asper,Gretchen Little Jr.,Thriller,2020,0959404476332
somnus trans stabilis,Edwin Grady I,Biography,1964,1134575374263
quo vinum culpo,Sophia Rodriguez-Ward,Science Fiction,1956,0425522668337
supra victoria agnitio,Melanie Kautzer,Fantasy,2007,6766401430905
damno surgo considero,Robyn Hahn,Non-Fiction,1987,9760402458715
excepturi aegrotatio nemo,Wilbur Howell,Fantasy,1961,0980280144760
cerno sodalitas absum,Vera Hagenes,Fantasy,2021,8340297958253
celo studio infit,Stacey Zemlak,Thriller,2006,7151135774298
ceno blanditiis suggero,Laverne Krajcik,Fiction,1966,1336726780091
utique versus studio,Rufus Kilback,Fantasy,1985,8922860816626
auxilium ter vae,Lela Rice,Fantasy,1979,1917258631630
adaugeo decretum cruentus,Robin Fisher,Romance,2020,6107583125349
subito vergo trepide,Casey Hodkiewicz I,Romance,2011,5440720587173
amicitia alioqui sufficio,Boyd Bahringer,Fiction,2018,5642167230212
artificiose capillus conqueror,Kristopher Greenfelder,Fiction,2008,6154148634775
tergiversatio cura anser,Gail Gusikowski,Thriller,1998,2742674938997
villa addo appositus,Dr. Ted Schmitt,Fantasy,2008,6306819750002
laboriosam minus qui,Ed Konopelski,Biography,1956,0805942494507
quaerat auxilium solutio,Marcus Heidenreich,Fiction,1986,1030257531681
unus succedo tabella,Lynda Larson,Non-Fiction,2019,0196636378224
tamen ante accedo,Danny Pagac,Romance,2001,5119029426485
nostrum cicuta aegre,Tracy Kris,Fiction,1996,3538653738850
peccatus adsuesco aegrus,Philip Kulas,Romance,1959,6832666526618
aliquid textus comis,Jasmine Goyette,Science Fiction,1967,4420547340823
calcar alienus non,Beulah Lebsack IV,Thriller,1958,9167895267683
adfero demoror ex,Elvira Kuphal,Mystery,1977,4947116027563
carbo statua venustas,Carlos Brown,Thriller,2023,6068876702106
stips optio corrumpo,Jodi Baumbach Jr.,Science Fiction,1951,9887946330138
verto spes sono,Cindy Fisher,Thriller,2002,9202128292537
suppono abeo vinum,Jacob Bartell Sr.,Mystery,2011,9739082317235
surgo patior cetera,Jerry Thompson-Brekke,Non-Fiction,1968,4769431218080
ara patior venio,Shaun Collins,Mystery,2016,9163487073189
bonus desolo ago,Troy Koepp Jr.,Thriller,1971,1701335555756
ab damnatio conventus,Lori Williamson,Biography,1957,2114523824325
pauper demergo basium,Jana Heidenreich,Biography,1972,3582517733855
tabesco aestas ab,Mr. Don Cassin,Mystery,2016,2353380017022
sum cenaculum vulgo,Sheila O'Reilly,Thriller,1984,0609828739767
cohors aspernatur tandem,Carla Collins,Fiction,1982,0897898382596
callide sunt deprecator,Deanna Renner DDS,Romance,2006,1330251316406
error tamen careo,Yvonne Kirlin,Fiction,2019,0315404730378
verecundia tres vito,Miss Amber Blick,Fantasy,1972,4342226687724
ustilo esse cohibeo,Randy Waters,Thriller,1956,1987990209957
conicio absens utilis,Jose Ratke,Romance,1962,1473030628467
debilito vallum truculenter,Myron Langosh,Biography,2000,7196860788749
expedita suasoria aut,Olga Conroy,Romance,1988,6690443708482
desino maiores claro,Amanda Weimann MD,Romance,1952,8554222138949
angulus denego termes,Dallas Wisozk,Thriller,1971,5330305695024
arbitro concido solitudo,Myra Halvorson,Romance,2008,2515587066885
antepono nesciunt facere,Andy Harris,Fantasy,1985,1387565111678
totam sonitus theologus,Ms. Charlotte Beer,Thriller,1986,4152617417482
animadverto sodalitas valens,Ted Bogisich,Non-Fiction,1989,9657465497358
decet quo denique,Iris Harris,Biography,1952,6569775870158
adhaero adiuvo sono,Elaine Pollich,Biography,2023,8371878174088
altus certe repellat,Jake Stamm,Fantasy,1952,7053483670887
calco terreo versus,Roy Roob,Biography,2024,1219682435614
blandior tabesco nesciunt,Joe Nolan,Thriller,1955,6474130211159
versus victus sol,Miss Christine Greenfelder,Non-Fiction,2003,0846562842766
adeptio agnosco verbera,Rachel Jast,Non-Fiction,2016,4202337392999
videlicet suus pariatur,Frank Weber,Thriller,1953,2696083033065
conforto audacia aestus,Janet Koepp MD,Non-Fiction,1965,7194352889341
sortitus subvenio coadunatio,Hugh Osinski,Non-Fiction,1999,7127419638112
natus totus sollicito,Herman Wintheiser,Romance,1974,6079635064561
error vesper expedita,Ginger Ebert,Fantasy,1960,0349717944612
quibusdam vox virgo,Erik Jaskolski,Non-Fiction,1961,1423618160856
circumvenio provident aiunt,Moses Lehner,Biography,2023,1268104908715
minima vilitas cubitum,Diane Ziemann,Mystery,1980,0809776549021
aeneus degenero maiores,Roger Schowalter MD,Thriller,2021,1991717094334
creptio defero thorax,Jacquelyn Hilpert-Okuneva,Biography,2013,1280751277396
quibusdam virtus villa,Laurie Gislason,Thriller,2002,2544412863629
arguo conforto communis,Arlene Haag,Mystery,2017,0966540750471
statua suffoco creta,Patty MacGyver,Fiction,1977,4825703903823
decet vestigium caries,Gerard Stokes,Non-Fiction,1972,3587310579148
arto cura adeptio,Candice Harvey,Thriller,2009,1076486859679
admoveo itaque curtus,Felicia Schneider,Fantasy,1955,5344036100296
temeritas adeptio eum,Mrs. Olive Botsford,Biography,2011,5067026948472
crepusculum tabesco virga,Carolyn Purdy,Fantasy,1966,9767922710566
cotidie rerum vita,Jacob Gutkowski,Fiction,1981,2562343435433
vesper custodia aestus,Joan Abernathy,Science Fiction,1978,1814535540702
adipiscor adulatio illo,Samuel Murphy,Thriller,2008,2560222698721
curtus aduro cultura,Dana Larkin,Fiction,2025,4220786637827
tempora aduro expedita,Willie Sanford,Mystery,1989,6889943640330
viriliter perferendis contego,Daryl Nienow,Fantasy,1991,8996430997077
degero vesco coaegresco,Joann Kuvalis,Romance,1980,4356756442131
vallum ullam toties,Clark Torphy,Mystery,1984,4012006357973
arbitro quisquam sui,Mattie Hickle,Non-Fiction,1958,1313804513191
callide cognomen bardus,Alejandro Armstrong-Schaefer,Fantasy,1969,4277996282643
capio sonitus tumultus,Elmer King,Mystery,1950,2580068286086
calculus sum subvenio,Clyde Stokes,Biography,2008,2888866247273
amaritudo vulpes traho,Samantha Goldner-Willms,Romance,2012,8490744827652
terror ante autus,Felix Moen PhD,Science Fiction,2022,5012584842391
suggero verbera circumvenio,Jonathan Quitzon,Thriller,2024,5815790103249
velit antepono delectus,Carlos Thompson,Romance,1953,4929798989778
cedo sui stultus,Mrs. Arlene Stroman,Fantasy,2010,4550287097653
error eaque talio,Lionel Bogan,Biography,2005,7786269385462
doloribus demitto statim,Edward Harber Sr.,Romance,2005,5432134747763
virga facere nam,Ira Cartwright,Thriller,1974,5898595671143
antiquus harum clementia,Carl Lebsack,Fiction,2016,1537492557087
ipsam apostolus cito,Rufus Russel,Romance,2003,2077090818342
commodi velit xiphias,Ms. Jennie Mann,Non-Fiction,2012,5077228870876
neque caterva usque,Joey Corkery,Science Fiction,1996,9174486909055
ventus coadunatio desipio,Peter McGlynn,Fantasy,2018,3223585930912
conventus ducimus solitudo,Lionel Pfeffer,Thriller,1975,3772411758457
defungo quidem deleo,Dr. Jody Abernathy,Romance,1986,4499418248700
vigilo inventore carbo,Cindy Tremblay-Goyette,Mystery,1990,2856995630516
impedit astrum sulum,Linda Spinka,Thriller,2015,6484279510617
textor usus defendo,Claire Hilll,Thriller,2023,0962097715509
aqua cupiditate veritatis,Leigh Klein,Thriller,1998,1876468947973
aveho magnam nihil,Christie Murphy,Fantasy,2009,6476367365774
adipisci uberrime totidem,Della Will,Romance,1986,5487186835712
amo avarus velit,Ira Lueilwitz-Stark,Romance,1993,4733164981115
delectatio victus alius,Eileen Yost,Science Fiction,1957,8904368937493
suscipio altus nam,Michele Bogan,Thriller,2009,1771770018686
ventosus calculus voluptatem,Miss Rosie Gutkowski,Mystery,2023,4984908750556
cito defetiscor defessus,Geneva Cartwright,Fiction,1960,8055981925485
vita natus vado,Alvin Armstrong V,Fiction,1982,4743493156270
omnis suppellex cupressus,Jesse Will,Science Fiction,1963,2269868893919
solvo celer sponte,Guy Ratke-Ziemann,Science Fiction,2007,7908550311707
canto constans damnatio,Essie Haley,Biography,1956,0563276725019
stipes nemo vicissitudo,Lana Olson,Fantasy,1972,8423209597839
artificiose tremo blandior,Ben Kuphal,Fantasy,1955,3129842227847
atqui alii vulgivagus,Dr. Ryan Stamm,Romance,2023,4531315575881
censura thorax tyrannus,Gerardo Miller,Thriller,1993,2833584673196
atrox cauda depopulo,Faith Koss,Biography,1972,9562393858516
ullus cernuus voluptatem,Ms. Gladys Keeling,Fantasy,2008,6686032645439
ars cruciamentum dolorem,Brent Terry,Biography,2018,1705995326508
acer conspergo alter,Jean Dietrich,Fiction,1979,4536216164647
tot antiquus commodo,Juan D'Amore IV,Non-Fiction,1979,2499809431590
demoror arbitro nam,May Breitenberg,Fantasy,2013,4297770498422
villa vicissitudo ara,Angela Morar,Science Fiction,2018,6044909776799
consuasor curvo varietas,Debbie Luettgen,Romance,2024,0017901341871
vulnus teres arguo,Scott Gorczany,Fantasy,1967,2082261823332
tersus derideo crux,Sheri Armstrong,Biography,1991,8875533627830
vinitor aetas commodo,Patty Funk,Science Fiction,1981,7091828705358
adipisci animus apostolus,Ray Reilly,Fiction,2011,9746729470861
cuius apparatus vir,Wilson Windler,Mystery,1962,1661247089423
tergeo damnatio cimentarius,Lindsay Erdman,Mystery,1993,6608289693407
viduo excepturi aranea,Merle Daugherty,Mystery,1996,2254463834817
spargo pel cado,Lynette Lind,Non-Fiction,1958,9158356494294
cohaero suppono aeternus,Bethany Moore,Thriller,2010,6360170046323
calculus decor incidunt,Cheryl Hickle,Science Fiction,1985,9377127304914
aegrotatio ipsum crudelis,Rose Marquardt MD,Non-Fiction,2007,5931833340518
molestias nostrum balbus,Marc Cummings PhD,Thriller,1962,0486155817693
vulnus benigne pariatur,Dr. Doris Harvey DVM,Thriller,1999,9261956307036
coaegresco certe vestigium,Cynthia Frami,Science Fiction,1992,5433906618532
accusator tibi conicio,Brenda Grimes,Mystery,1967,6013312883730
circumvenio sublime carpo,Jake Bergnaum,Thriller,1987,9836976023845
uterque corroboro audeo,Johanna Bartoletti,Thriller,1954,6236303682064
crastinus totam atqui,Franklin Wisozk,Fiction,1986,2324950807919
tener cupiditate viduo,Grady Turcotte,Fiction,1975,4246502582178
tenus viridis decens,Spencer Torphy,Thriller,1969,3459163296542
termes comminor defetiscor,Shane Veum,Fantasy,1964,4046885923735
admiratio timor suasoria,Delia Heaney,Thriller,1976,6894084460054
vita carcer cursus,Alvin Reilly Jr.,Fiction,2003,4547318770123
turba adflicto dedico,Angie Wisoky,Fiction,2020,7960222863548
voluptatem magni truculenter,Clark Ryan,Biography,1983,7053139886009
curis adaugeo bene,Bobby Considine,Thriller,1974,3985067765600
vomica abscido sopor,Aaron Brakus,Romance,1988,7276794559039
sto expedita solus,Tricia Mueller,Biography,1964,6276918004798
cohibeo asper commodo,Dr. Joanne Cole,Science Fiction,2014,6010771668901
cetera tunc abbas,Annette Ziemann,Fantasy,1970,6582221184311
tabella repellendus valde,Jaime Flatley,Romance,1970,8989520271512
barba concedo bene,Angel McKenzie,Science Fiction,1995,2032590614152
fugiat creptio voluntarius,Mr. Roger Johnson,Romance,1971,1902740142165
cervus bellicus temperantia,Mrs. Marguerite Boehm,Thriller,1993,4349039897379
conspergo consequuntur alo,Dr. Sadie Turcotte,Non-Fiction,2022,3092915433407
tubineus angulus suscipit,Brenda Mayer,Romance,1972,1823743804583
turpis celo corrupti,Wayne Harvey,Non-Fiction,2022,6516371779763
iure amo aeneus,Stewart Yost,Mystery,2017,2718915869916
accommodo cui varius,Marjorie Lubowitz,Thriller,2009,9698990030996
thema aeneus catena,Constance Jacobson,Fantasy,2010,3977886796648
timor volaticus tonsor,Mona Fisher,Non-Fiction,1999,2756871432254
uter demulceo ciminatio,Janis Deckow,Biography,1956,6904968085524
incidunt stella cohors,Rosemarie Blanda,Mystery,1978,8433539252212
deprimo coniecto viriliter,Pablo Smitham V,Science Fiction,1987,6557205772491
turba eius varietas,Clint Lynch,Science Fiction,1987,6624434876745
thymbra aduro condico,Tamara Auer,Romance,1999,9251917656627
demergo spargo suspendo,Kathleen Kling,Non-Fiction,1973,0398764291151
textilis volutabrum vulariter,Luke Strosin,Fantasy,1967,0367016987188
tertius sint tenuis,Christie O'Reilly-Trantow,Non-Fiction,1985,6351026941185
aufero pecus magnam,Earnest Leffler,Biography,2005,9624585692335
cura alii statim,Seth Romaguera,Science Fiction,1962,9681783095978
clamo usus solutio,Johnnie Oberbrunner,Non-Fiction,1992,4188668896327
aggero solvo arguo,Preston Murray,Thriller,1996,3450531773657
validus sufficio sono,Mr. Nick Botsford,Fiction,1981,5883095645300
carmen aeger confido,Carrie Erdman,Non-Fiction,1955,5136060564311
sophismata et ambitus,Alan Monahan,Romance,1984,5090853160521
sollers tamen doloribus,Shane Grimes,Romance,2000,0691687080203
derelinquo constans canonicus,Lindsey Mann PhD,Thriller,1970,7290551786858
amplus concedo taedium,Amelia Kunde,Fantasy,2017,2018709435612
nostrum urbanus confugo,Jodi Harber,Mystery,1971,4633436397623
vorago voluptatibus theologus,Ricardo Vandervort,Thriller,1959,6926999510182
cur minima antiquus,Ervin Aufderhar,Science Fiction,1976,2567816305105
conqueror stipes attollo,Ellen Langworth,Biography,1960,6161633186120
aeneus sed verbera,Monique Block,Science Fiction,1965,7541903954623
bonus crepusculum laudantium,Stacy Pouros,Romance,2016,4667000120658
cito abutor deripio,Eleanor Hansen,Romance,1985,2148096189054
ara cribro aqua,Misty Gleichner,Biography,1965,5368836983515
derelinquo suffragium sollers,Latoya Reichel-Spencer,Romance,1992,3623557229980
stabilis tenetur defessus,Cary Walsh,Romance,1982,9957252958764
auditor verecundia necessitatibus,Vera Kunze DDS,Thriller,2024,0354903429803
comminor blandior crebro,Loretta Steuber III,Thriller,1984,6057486152604
vehemens thermae unde,Patty Lesch,Non-Fiction,1987,1413164401324
denique clibanus cum,Glenn Keebler,Biography,1954,8631624651172
defungo adficio tutamen,Devin Muller,Thriller,1973,7499702071855
bellicus valeo vinitor,Estelle Doyle II,Thriller,1952,1198282725642
tepidus auctus caries,Yvonne Mosciski,Fiction,2004,9434034707960
clementia molestiae thermae,Elias Ward,Mystery,1994,3818799877617
appositus summa defessus,Dr. Levi Paucek,Fiction,2005,3852956180672
admiratio spargo volutabrum,Bernadette Nitzsche,Fiction,1999,7947900434062
comparo creta laborum,Marianne Jerde,Thriller,2011,0888392746910
absens urbs bibo,Blake Bruen,Non-Fiction,2017,5893058317143
abeo sed defetiscor,Hattie Wisozk,Fantasy,2011,6061778021219
suggero caelestis tui,Krista Prosacco,Romance,1999,7387629928658
vomito velum quas,Vincent Terry,Fantasy,1976,8757266427171
quos sustineo apto,Warren Lesch,Mystery,1988,0736418511007
ipsa caute paens,Cody Willms,Science Fiction,1997,9307148243088
hic voco demonstro,Estelle Crona,Non-Fiction,2019,4380872289353
tantillus cimentarius video,Angela Crooks,Thriller,1975,8643703592694
attero canto teres,Lauren Windler,Mystery,2000,4682339077201
capto aranea beatus,Kelvin Heidenreich,Science Fiction,1952,2321567173953
tardus unde addo,Ms. Bernice Abernathy,Mystery,1951,7118009341344
suffoco aufero beneficium,Mr. Brandon Weimann,Science Fiction,2020,2499658141746
ago ut turpis,Lamar Olson,Biography,2024,8368719628713
temeritas auctor talis,Miss Joy Kohler,Fantasy,2004,3166042614187
adulatio audacia chirographum,Mitchell Ullrich,Science Fiction,2011,1086184158306
cibus explicabo rem,Kristen Lindgren,Biography,2013,2788380297499
armarium et tabula,Esther Hane DVM,Fantasy,2007,3342381051970
sto vigilo fugiat,Troy Morissette,Romance,1997,3813065853023
aurum bos cervus,Willie Feil,Science Fiction,2020,1327395613196
decumbo arceo voluptates,Lloyd Wolff,Thriller,1976,4639569890573
taceo vester demum,Randolph Medhurst,Thriller,2005,4214906121106
nemo audio caveo,Monica Nitzsche,Non-Fiction,1994,9798730610021
earum arto victus,Mr. Sam Champlin I,Non-Fiction,1981,8173145853664
sollers tamdiu ait,Wilbert Leffler,Science Fiction,1960,9305626967146
stillicidium dignissimos crudelis,Dr. Hugh Hansen IV,Romance,1975,1271194462968
vae delicate maiores,Dr. Lyle Schimmel,Non-Fiction,2022,7663389388702
beatae aufero tabella,Cameron Kassulke,Mystery,1958,2652090014397
decens vinum candidus,Jimmy Emard,Romance,2001,6144721468315
facilis sub vociferor,Ms. Sarah Brown,Biography,2022,5713217331311
bardus theologus utpote,Alton Champlin,Science Fiction,2003,9752692469159
solum demens eos,Harold Goyette,Biography,1992,2020955825266
amplitudo vomica tergiversatio,Mae Vandervort-Reilly,Thriller,2002,5838971467023
aestivus vicinus accendo,Derek Casper,Mystery,2002,0435292727103
vomica vomer cognatus,Roberta Harris,Thriller,2007,3027900032819
expedita confugo arbor,Camille Emmerich,Science Fiction,1962,2169068299909
auxilium strenuus censura,Ken Bailey,Biography,1954,4191611110690
vinculum conatus tabula,Chris Kessler,Romance,1958,4565271643970
cupio conicio infit,Willis Hamill,Non-Fiction,2001,2612873842719
vesper clementia derideo,Essie Runolfsdottir,Biography,1995,0259415311077
colo sophismata claustrum,Darin Pollich,Non-Fiction,2018,2124045766798
cur optio cursim,Elvira White,Thriller,2001,4508822264945
veniam avarus vinum,Barbara Boehm Sr.,Science Fiction,1976,2780526097227
coma timor carpo,Judy Brekke,Non-Fiction,2002,8685177569487
uredo crudelis aqua,Kenny McDermott,Fiction,2019,8245460384692
aptus sint accedo,Noel Hoppe,Biography,1984,1154857390555
suppono vinitor colligo,Winifred Cormier,Biography,2016,0372283951486
quisquam doloremque decet,Crystal Schroeder,Non-Fiction,2004,7920663741210
solum dolorem cerno,Mr. Elijah Sipes,Fantasy,2020,6350457642642
contigo vere maiores,Ora Pacocha,Romance,1984,2119372788315
terreo quae depono,Omar Schultz,Fantasy,1958,0421645824945
ars amo clibanus,Bernice Shanahan,Mystery,1959,7248292469815
optio totidem color,Eula Herzog IV,Mystery,1975,1747364996625
subvenio libero fugiat,Glenn Will,Science Fiction,1987,0026968321022
creptio usus denuncio,Clayton Kemmer,Fantasy,2022,3908345730117
adstringo adsuesco amissio,Elmer Waelchi,Science Fiction,2007,3853787816548
cupiditate annus veniam,Derek Auer IV,Romance,1983,8639442921905
socius ea sint,Mrs. Betsy Bashirian,Biography,1982,5100454290355
adulatio terebro sursum,Garry Crooks,Non-Fiction,2017,3598095594385
tricesimus architecto aiunt,Evelyn Powlowski,Fantasy,2019,5077099907886
officiis argentum ubi,Dr. Lawrence Schamberger,Thriller,1958,0694148485803
solutio tamquam audio,Rosemary Mueller,Romance,2020,0723582965202
trans subseco audentia,Delbert Koch,Romance,1991,9828440739038
crudelis stultus unus,Jared Boyle,Biography,2020,7760078474614
crebro turpis canto,Kelvin Bogan,Mystery,1980,6640611249716
tabernus cognatus suus,Roger Mraz,Fantasy,1994,9810459511858
adulescens amiculum suggero,Rodney Rice,Romance,1952,9471526488576
cruciamentum tenuis solitudo,Karl Anderson,Romance,1951,8980190114578
vesco celer adnuo,Wendell Schaefer Sr.,Fantasy,1999,7257987993225
suscipit veniam aut,Connie Kiehn,Science Fiction,1979,6424220395969
vinco depromo avaritia,Jerome Schmitt,Biography,1991,7417452310267
absque caput canto,Ernesto Berge,Fantasy,1998,4810928367537
denuo nisi adipisci,Kristi Lind,Fiction,1958,0128851267892
clam convoco varietas,Terence Rohan-Satterfield,Science Fiction,1989,8262861757844
cognatus deserunt desparatus,Mamie Nikolaus,Science Fiction,1966,2655986374867
cerno tempore tribuo,Beth Schoen,Non-Fiction,1998,0382730408651
calculus pel accedo,Neil Dare,Romance,1972,9100847741875
statim umbra facere,Nick Grant,Romance,1973,7695362094560
eos thesaurus teres,Guillermo Stokes,Science Fiction,1974,0038449555288
unde patria armarium,Donnie Dicki,Fiction,2000,0298986514048
tenetur nihil infit,Darrel Ratke,Mystery,2025,5204706350139
amoveo talio cibus,Kim Bergnaum,Thriller,1972,6396434283268
corrupti solus suscipit,Ruby Gleason,Thriller,1960,7550699827736
aperte strenuus crastinus,Sheila Boyer,Biography,1960,0673383057312
acervus debilito suspendo,Mario Reynolds,Non-Fiction,1951,1806625131049
auctus acidus defungo,Laverne Stamm,Fantasy,1955,2166529006545
utroque claudeo fuga,Jackie Lindgren,Fantasy,1986,2212577414791
curtus admiratio alienus,Clyde Hauck,Fiction,1975,2635822607517
teneo rerum usque,Pearl Rogahn,Thriller,1993,0843714818203
caecus demonstro deinde,Cecilia Toy I,Thriller,1985,1465690216155
urbanus viriliter admitto,Annette Dietrich,Thriller,1964,0583923803144
magnam cubitum vox,Mr. Joey McClure,Non-Fiction,1978,4952439877708
reiciendis dolore bestia,Carroll Schiller,Romance,2024,9832522926878
supellex tactus alveus,Nellie Bins,Science Fiction,1964,1059347003990
usitas tabella tracto,Kenny Breitenberg II,Romance,1958,8584172729634
conturbo alias catena,Mrs. Lori Kassulke,Non-Fiction,1969,7475862698419
cunabula repudiandae amitto,Dr. Sylvia Hansen,Biography,2002,2002528829937
vaco venio creta,Elisa King,Science Fiction,1966,4732083589528
solio atqui bestia,Yvette Reynolds,Thriller,1951,8616729687325
cum culpa astrum,Wm Pfannerstill,Fantasy,1957,2088642899885
temperantia ipsam cognomen,Tricia Sanford,Science Fiction,1966,8872282121482
decor vulgus vilis,Mr. Dexter Stroman,Fantasy,2022,3069328549672
clementia vox dens,Anita Bins III,Fantasy,1984,0001843180857
virgo acceptus vetus,Colleen Dicki,Science Fiction,1999,9102510186223
sit depraedor vos,Merle Hegmann,Romance,2024,2051111804521
aegrotatio curiositas totus,Keith White V,Biography,1993,1921650961757
turba callide decipio,Fredrick Dickinson,Non-Fiction,1975,9723093688392
laborum rem stips,Chad Schneider,Non-Fiction,1996,9465517592707
reprehenderit volup adinventitias,Elisa Auer,Biography,2014,9832424660842
voro solus sono,Blanche Tromp I,Science Fiction,1955,0512827403957
adipisci alii caelum,Martin Kulas-Ebert,Thriller,2001,7443017480466
aestas virga cuppedia,Ralph Pfannerstill,Fantasy,2023,4816833426723
defluo ultra cohaero,Paulette Roberts,Science Fiction,1957,4839144197272
porro praesentium deserunt,Enrique Corwin,Fantasy,1983,9595318090623
deporto ciminatio adnuo,Noah Hills,Romance,1985,9235632818022
benigne usus iusto,Edward Boyle,Science Fiction,1962,3951440172713
adduco conicio aut,Jesus Spinka,Biography,2016,2316208546267
tibi appono turpis,Alton Wunsch II,Mystery,1956,1398155705328
amo commemoro defessus,Sadie Watsica,Fantasy,1991,7807528444526
spectaculum canis capillus,Roger Bergnaum,Romance,1952,9618923147867
suffoco centum antea,Cassandra Willms,Non-Fiction,1980,3901287150430
bos concido aperio,Eleanor Haag,Non-Fiction,1982,1281225678055
aut damno atque,Laura Williamson,Fantasy,1975,2700980753119
corona turpis titulus,Cesar Conn,Mystery,2018,8328872748129
verumtamen corroboro valde,Andre Hartmann,Romance,2012,2099172465924
adfectus turbo dolorum,Erin Schulist,Fiction,2012,0458452324160
vilicus celebrer vestrum,Fannie Lakin,Biography,1989,9840894562218
tendo deputo vulgivagus,Edmond Bahringer V,Mystery,1965,7002065370359
brevis angelus crastinus,Mrs. Kelli Collier,Romance,1957,3487484184436
causa terminatio artificiose,Jeanne Erdman,Mystery,2019,0232905026165
supellex adduco ustilo,Russell Hudson-Hermann,Non-Fiction,1988,3044828705740
desipio utique occaecati,Gilbert Bailey I,Mystery,1980,5977940025056
carbo caecus desino,Debbie Marvin,Non-Fiction,1988,9042135198809
amo coniecto aspicio,Leon Schiller,Science Fiction,2005,0525297784856
varietas aliqua temptatio,Jerome Stokes,Fantasy,1997,3557509153146
acies uberrime supplanto,Brent Maggio,Fiction,1955,1770089118818
absorbeo sollicito deleo,Paul Stroman,Mystery,2014,2578041065811
taedium canis amplitudo,Tabitha Rowe Sr.,Romance,2019,7841466119522
delinquo vobis vero,Darla Cummings DVM,Romance,1978,4848540242368
cohors surculus adsuesco,Ervin Bauch,Non-Fiction,1998,8500836661849
aureus bos adsuesco,Dr. Albert Rau,Non-Fiction,1970,8370834874142
contra tonsor deleo,Michele Schaefer,Fiction,2022,9685292152825
titulus aurum valde,Julia Hills,Science Fiction,2025,5170547404978
xiphias demitto tremo,Ora Bartell-Howell,Biography,1975,0716872564491
timidus enim deleo,Eduardo Green,Biography,1960,3906754842336
cariosus socius calculus,Marilyn Stiedemann-Hintz,Science Fiction,2014,6130461838775
tantum corrumpo spoliatio,Ashley Wintheiser,Fantasy,1952,8146762127402
quibusdam amita textus,Jeffery Kreiger,Science Fiction,2023,4320307719247
iusto tempore molestias,Amelia Macejkovic,Science Fiction,1997,0101609529549
solutio quis solutio,Vickie Brekke,Non-Fiction,1995,3840926483587
tam ea dicta,Angel Brekke,Science Fiction,1999,8030727639651
impedit ater adicio,Wanda Collins,Biography,2012,0893986771250
venustas clamo deludo,Colin Labadie,Romance,1988,8501367175377
demo sequi ascisco,Luke Harber,Fiction,1996,8479954161647
aliqua audio debilito,Opal Okuneva,Fiction,1969,5679401405540
vociferor nisi numquam,Charlene O'Hara,Science Fiction,1998,2135992578119
thorax cibo stipes,Angel Nicolas-Spencer,Science Fiction,2023,0507973310026
creber desipio desidero,Gloria Metz,Romance,1967,1988705343456
votum casus labore,Jessie Wyman-Schmitt,Mystery,1998,6400112997947
tenax convoco candidus,Edward Stanton II,Mystery,1978,1434302271011
fuga tutis vicinus,Dr. Rex Mann,Biography,1971,6445307682627
assumenda explicabo suggero,Nadine Rempel,Science Fiction,2009,6720141175068
vestrum degusto quibusdam,Chris Wilkinson,Mystery,1974,4170282408142
aggredior censura quasi,Brooke Quigley,Romance,1999,7188350009839
aegre tametsi aegrotatio,Shelia Wolf,Mystery,2001,8480004602634
distinctio cervus reiciendis,Miss Rosa Lakin,Non-Fiction,1960,2477701898162
quos una id,Ms. June Hettinger,Fiction,1990,3758341220465
adaugeo delego veniam,Ernest Gulgowski,Fiction,2009,6172444789043
denuncio alioqui quis,Ebony Zieme,Thriller,1953,3991758733312
traho vulticulus ara,Lena Towne,Romance,1966,8635181453042
harum temptatio adulescens,Kerry Wilkinson,Romance,1967,2737893290068
vallum voluptates comprehendo,Geraldine Nader,Thriller,1963,0840143263010
recusandae illo sto,Miss Miriam Kutch,Biography,1958,5303123974269
textor statim vorax,Arnold Johnston,Mystery,2008,1514261369054
cur conscendo stultus,Lucia Lesch,Thriller,1974,0899351092531
umerus substantia turbo,Jake Kshlerin,Mystery,2009,2563969930248
infit vos voco,Mathew DuBuque,Science Fiction,1996,5929118236381
vulpes pariatur corporis,Marjorie Rutherford,Romance,1990,3293756223718
vito arca custodia,Marc Harvey,Mystery,1997,3221522531284
chirographum claro facilis,Toni Smith I,Non-Fiction,1979,8180259811280
nisi curatio vulnus,Shawna Langosh,Fantasy,2016,4329131394720
despecto depulso vulnero,Jacquelyn Deckow,Fantasy,1959,7224895528962
amitto textus aedificium,Miss Audrey Simonis,Biography,2020,0308297376141
voro aut dolor,Ms. Annie Hauck,Fantasy,1953,3116304084942
comis asporto arceo,Lewis Muller DDS,Romance,1978,7821958805871
torqueo aetas aurum,Diana Kuphal,Fiction,2017,9086505041654
conduco tutis suasoria,Katherine Denesik,Thriller,2019,9854694209401
thermae adfectus conqueror,Mable Wintheiser II,Biography,1999,4705800130520
charisma nisi arceo,Arlene Schuster,Fantasy,2024,4018271162216
vel clamo pecto,Pauline Nikolaus,Non-Fiction,2022,1813615202721
odio cometes numquam,Terri Jerde,Thriller,1989,7681973926450
pauci atque hic,Cary Goldner,Fantasy,1994,5898214386499
thorax cariosus virgo,William Cummerata,Mystery,1979,8385492105021
strues solutio ventosus,Heather Kozey,Thriller,1991,1246490883625
similique vetus uterque,Lila Turcotte,Biography,1960,2532961371575
addo molestiae ad,Taylor Reilly,Science Fiction,1991,4861187344482
subito cattus civis,Clint Okuneva,Biography,1968,8807413777186
trepide cubo officia,Norma Bednar,Biography,2011,1567687027955
vitiosus delicate quas,Alice Stark,Science Fiction,1997,6846817266699
tripudio spectaculum venio,Ross Jacobs DVM,Fiction,2005,7111386361717
sub trans traho,Sabrina Turcotte,Science Fiction,1984,3863158609038
stips asperiores possimus,Irving Rosenbaum,Fiction,2005,4622721778582
desipio similique subvenio,Angie Schamberger,Fiction,1973,0595465573674
sustineo conculco stella,Domingo McCullough,Romance,2016,1319708511709
ea beatus talus,Shaun Botsford,Fantasy,1974,1947961098728
avaritia currus triumphus,Melanie Hahn,Science Fiction,2025,6643172845463
verbera approbo utrimque,Evelyn Rath,Biography,1997,5339038788207
suggero arceo curtus,Stella Simonis,Science Fiction,2018,0927702151786
confugo apto sunt,Whitney Grant,Fantasy,2021,8317834189423
vinco vinco spargo,Tomas Brekke,Fantasy,2016,2140450794375
voveo summa eius,Lamar Jerde,Mystery,2013,7794745846360
curriculum caelestis angulus,Rhonda Anderson PhD,Romance,1987,1242037792196
argentum minus averto,Brendan Heller,Fiction,1984,3682132817840
sumo velut varietas,Mrs. Tanya Hane II,Fiction,1956,7461882551095
antea aperiam ipsum,Laverne Auer,Science Fiction,1969,0152425910102
arbor desipio decumbo,Clara Hilpert IV,Science Fiction,1981,4338392243443
carmen cresco verumtamen,Edwin Aufderhar II,Biography,1998,0203100850318
creo curatio nam,Colleen Lang,Fantasy,1978,5711802069017
cogo angustus illo,Kelley Keeling DVM,Biography,1964,5471081909418
vulgo tollo contabesco,Elena Schowalter,Fiction,1967,2089525736901
sufficio vobis vesper,Pat McCullough,Thriller,2007,1788871349500
sponte sumptus terebro,Dwayne Nienow,Fiction,1974,2448589454248
doloribus decerno arma,Ellen Will,Romance,2007,4380689554103
temeritas facere vesco,Luke Satterfield,Non-Fiction,2008,5785353128355
comburo arto incidunt,Dean Ondricka,Thriller,1960,8090428707703
strenuus demitto alius,Cynthia Gusikowski,Mystery,2012,1827500233013
utpote dicta custodia,Janet Langworth,Science Fiction,2002,5108441040637
admitto sumo corroboro,Joshua Robel IV,Science Fiction,1994,4492775343134
angustus nesciunt annus,Leland Gerhold-Bernhard,Biography,1975,7968283324202
articulus vivo audio,Harold Smith,Fiction,2017,9904453150481
spero doloribus conqueror,Crystal Deckow,Thriller,2017,9634742162292
denuo aperte laboriosam,Terence Gibson-Kris,Romance,1969,5923629704920
perferendis vitium cupiditas,Lillian Torp,Fantasy,1960,7224006782139
sustineo torrens amet,Louise Marvin V,Science Fiction,1991,9325649916255
est apparatus alioqui,Domingo Will,Romance,1971,1342932910675
amet villa beneficium,Jesse Lehner,Fiction,1982,8269410076257
perspiciatis adiuvo odio,Rosemarie Rempel,Romance,2014,5634780405380
ver vehemens tutamen,Guadalupe Wunsch,Biography,1993,4097632265449
aliqua casso coaegresco,Verna Hintz,Science Fiction,1955,3019778173098
annus corporis balbus,Ms. Louise Tremblay,Fantasy,1979,7381846279695
solitudo ea sollicito,Enrique Hirthe,Fiction,2019,7284364704904
utilis uberrime nam,Linda Homenick,Fantasy,1975,6696555992534
adsum totus barba,Bradford Huels,Romance,1998,2674673672048
bellicus thesaurus crapula,Blake Ortiz PhD,Non-Fiction,1972,6418792148395
sunt quidem quia,Emily Murphy,Biography,2019,7442733170163
subnecto vallum curo,Katherine Daniel,Fantasy,2019,7868062196197
approbo tantillus collum,David Bogisich,Fantasy,1989,1620247292956
cariosus valens cubicularis,Leo Gerhold V,Romance,2022,7215067117885
textilis benigne demulceo,Isabel Funk,Thriller,1952,3788313682998
sulum theologus libero,Edmund Schuppe-Beer,Fantasy,1999,2466855986829
ratione textus teres,Emanuel Strosin,Fantasy,1968,1639760601648
centum sumptus deficio,Rosalie Huels,Thriller,2000,2450467807554
alveus magnam aeneus,Laurence Towne,Non-Fiction,2018,7447388774525
civitas dolore sopor,Margie Ebert,Mystery,2001,6256728982100
clamo correptius dignissimos,Dr. Shannon Armstrong,Fantasy,2003,4222562072378
centum aegrotatio vado,Sue Gulgowski-Kling,Fantasy,2023,2730135570465
curo aer audeo,Franklin Swift-Fadel,Science Fiction,1997,4626563414191
vitium contabesco nulla,Woodrow Torphy,Non-Fiction,2023,3311022623135
aliquid terminatio vestigium,Cesar Anderson,Romance,2019,1232265318304
sum deprecator cura,Ms. Marlene Bogisich,Mystery,1993,2524488219302
quibusdam accusantium arbitro,Miss Kendra Padberg-Tromp PhD,Thriller,2020,9868702154356
brevis demum vociferor,Miranda Legros,Science Fiction,1996,1117021647326
desolo terreo audentia,Chelsea Streich,Romance,2024,9984081843381
reiciendis curto tricesimus,Lionel Pouros MD,Mystery,2001,1808790025086
nostrum victus alo,Tammy Harris,Non-Fiction,1988,4383587253615
tabesco aestivus degenero,Taylor Howe,Science Fiction,1983,9179619562246
stips arx delinquo,Johanna O'Hara,Fantasy,2025,1121975269048
suscipio autem audax,Courtney Beier,Mystery,1999,7777565718324
dens circumvenio vindico,Debra Schroeder,Non-Fiction,2001,7812607259477
adimpleo mollitia soleo,Becky Gislason,Mystery,2021,6853594198698
cumque arto stillicidium,Santos Wolff,Fantasy,1962,8200531682125
agnosco curtus admiratio,Margaret Wiza,Biography,1965,5675331406893
suffragium commodo venia,Miss Pam Torphy,Non-Fiction,2025,3035859326087
incidunt advenio mollitia,Edmund Cassin,Biography,1954,2753767832398
supellex animadverto damnatio,Jenny Kilback IV,Non-Fiction,2006,8155143088733
circumvenio somnus tergum,Muriel Mante,Mystery,1989,2783496289900
solutio clibanus sollicito,Virgil Rolfson,Mystery,2002,3124160786580
cribro comprehendo depulso,Elaine West,Thriller,2015,1674844235359
universe aranea arguo,Ted Grant II,Science Fiction,2004,3430346858283
aspernatur abundans degusto,Gladys Schimmel,Science Fiction,1956,0787057744587
taceo charisma molestias,Gerardo Daugherty,Mystery,1975,4003950887962
defleo adipisci altus,Van Dibbert,Science Fiction,2017,8013598866564
vulnero eaque velum,Travis Corkery,Fiction,2024,2673648062756
spiculum desino angustus,Mrs. Lindsay Kutch Jr.,Fantasy,1956,9267801524225
labore culpa vito,Natalie Schowalter,Thriller,1978,3467286224414
absque defero ullam,Francisco Kris,Science Fiction,1954,0983250966157
viriliter abstergo adulescens,Sabrina Streich,Mystery,2000,1965891813011
abscido vilis contego,Kristin Abshire,Thriller,1951,4609475218847
eius temptatio repudiandae,Joanna Medhurst,Non-Fiction,1975,3273529488611
abstergo bene tenax,Damon Hudson V,Science Fiction,1965,6729976452626
ambitus eaque cum,Mr. Tim Quigley,Biography,1961,4861253155359
quibusdam virga creator,Alberta Simonis,Non-Fiction,1956,8276379327446
vinum sunt solvo,Wilfred Kassulke,Science Fiction,1995,5821152328959
talio super aperio,Hattie Jerde,Romance,2003,5900918573544
vomito deserunt quisquam,Marion Fadel,Biography,1975,1231686039673
suasoria clibanus tabella,Brenda Bayer,Biography,2016,8109954433753
credo communis ullus,Ivan Legros,Biography,1992,0700062805273
audacia constans totus,Diane Erdman,Biography,1973,5039152731207
capitulus cribro adipiscor,Sammy Schaefer,Non-Fiction,1980,5515683714033
aut terreo natus,Ismael Gottlieb,Romance,1980,9499384206589
cupiditas coniuratio ancilla,Holly Ankunding,Science Fiction,1992,8965085495120
vox suadeo tabesco,Dale D'Amore,Fiction,1989,0689390048570
confugo praesentium adipiscor,Rhonda Effertz,Mystery,2023,8634977082223
tonsor adeo subiungo,Freda Toy,Fiction,2009,9945771830891
venustas venustas carpo,Miguel Heaney,Biography,1957,9255409033026
curia ad contego,Cary Jakubowski,Biography,1977,7756739343454
paens denique cogito,Sidney Boyer,Romance,2008,0151068464047
tempore artificiose cursus,Dale Miller,Romance,1974,8209540122733
amita cupiditate numquam,Ramiro Mitchell,Fantasy,1974,1909133178617
apparatus concido recusandae,Alfred Mante,Thriller,2020,7055450654392
carus debitis tenuis,Steve Upton,Non-Fiction,1986,9033144936930
strenuus commemoro aqua,Clifton Daniel,Non-Fiction,1997,6208012288181
verbum una solio,Sue Nicolas DDS,Mystery,1986,4340408537135
tricesimus reiciendis clibanus,Miss Judy Bergnaum,Mystery,1968,3474436338444
aeneus ait arma,Yvette Halvorson PhD,Mystery,1981,4955224461573
conculco comparo conturbo,Manuel Hintz,Biography,1969,6635245897130
tepesco combibo bos,Victoria Marks,Romance,1963,9740127167259
viriliter umerus argumentum,Ms. Jamie Goyette,Fiction,2008,8754461075690
tepesco culpa vacuus,Wayne Murray,Non-Fiction,2020,7873860160830
denique voluptatibus quam,Virginia Rippin,Science Fiction,1954,4587932543775
valetudo toties iure,Edith Friesen,Romance,2004,9987752260593
stabilis utrimque claro,Meghan Huel,Biography,2015,2914011959763
timidus odio debitis,Gary Hessel V,Non-Fiction,1991,9410131382133
atrocitas tumultus defero,Lindsay Bartell,Fantasy,2006,4193835949727
provident venia blandior,Yvette Lesch,Romance,1952,0642066054858
curriculum argentum magni,Delbert Keebler,Non-Fiction,1997,5363833123767
denique error sperno,Dr. Bobby Mayer,Romance,1966,2890361187071
solum talio cado,Dr. Karen Prosacco,Fiction,1987,1194721477373
statim succedo victus,Marcus Kovacek,Science Fiction,2002,0237151667573
angelus clibanus vel,Lloyd Gleichner,Thriller,1987,8393562663486
concedo armarium accusator,Mrs. Pearl Casper,Mystery,1974,1298639810608
administratio demens patria,Geraldine Yost,Non-Fiction,1958,9938322666300
atque corrumpo cras,Jeannette Wunsch,Non-Fiction,2008,9742503659397
taceo ager amaritudo,Drew Jerde IV,Fantasy,2007,9089911545504
ultio vesco accommodo,Melody Kris,Fantasy,1961,2800939018441
amaritudo ait sto,Mr. Josh Beatty,Fantasy,1978,0845477090843
minima victoria atrox,Ashley Cummings,Non-Fiction,2022,0541292236959
nulla veniam sed,Dr. Mark Jacobson,Mystery,1987,1075542070404
defetiscor curvo volo,Jeannie Kub,Romance,1990,5200888537387
surculus amplitudo deduco,Bertha Price,Non-Fiction,1975,5356839093847
labore concido crustulum,Johnnie Keebler,Non-Fiction,2001,0169054734068
tempora addo barba,Misty Hilpert,Non-Fiction,2004,2485707613575
sol valens consequatur,Betsy Rath,Non-Fiction,1976,0713616186425
talus quam illo,Trevor Boyer,Romance,1959,4145050131878
desipio bestia ducimus,Deanna Heaney,Thriller,1969,4141168541916
blanditiis sol ceno,Heidi Cummerata,Biography,2021,4494504285050
utor itaque recusandae,Lynn Kshlerin,Non-Fiction,1977,4889403263393
victoria cotidie deserunt,Geraldine Franey,Romance,1997,7689135587999
turpis arceo cunctatio,Gordon Witting,Non-Fiction,2021,7281664577269
cultura calcar accusamus,Leslie Kunde,Fiction,2020,4672044776485
ullus adeo tergeo,Troy McCullough,Biography,2004,8868259401306
adsidue suscipio tenax,Tracy Russel,Romance,1963,0397729546106
comis cervus cura,Sheila Mraz,Mystery,1971,0842708809732
comitatus audeo denuo,Jill Dicki,Fiction,1997,0705999116957
totidem confero ultra,Dr. Phyllis Nader,Mystery,1957,2767225254447
labore viriliter depopulo,Leticia Waters,Non-Fiction,1962,9012872252016
speciosus creber caute,Vernon Anderson,Fiction,1993,1466593188750
synagoga traho pel,Lori Okuneva,Fiction,1958,1318761324735
caries curtus summa,Jeff King I,Mystery,1969,2923447934063
spiritus cohibeo vulgaris,Mr. Jody Keebler,Romance,1954,1537628116083
curvo vereor tabesco,Mr. Roderick Luettgen Sr.,Romance,1997,1735420863904
tergum arbustum defero,Stanley Gusikowski,Thriller,1955,9226648184147
omnis triumphus vulariter,Marian Ortiz,Mystery,2007,9555375040714
condico templum quisquam,Ricardo Bode,Science Fiction,1952,0874638361083
adsidue numquam antiquus,Jane Prosacco,Mystery,2017,9686103234183
vomito fugiat apparatus,Erica Baumbach,Science Fiction,2002,4703967433083
iste strenuus tabula,Pete Buckridge,Fantasy,2015,4167405091453
facilis circumvenio coniuratio,Jeremiah Considine,Fantasy,1994,0943028573072
delicate tamisium cattus,Ben Osinski,Thriller,2015,8727578609222
perferendis cruciamentum nemo,Corey Koepp,Biography,1973,0729665617298
conicio statim valens,Ernestine Yost,Romance,2020,0060995160842
appono patruus argumentum,Angelica Schuster,Non-Fiction,1961,6716568858587
vigor quae suasoria,Ray Berge,Fantasy,1979,4407341525964
deprimo tibi vox,Kelley Jacobson,Biography,1999,0824588769050
trans vorago condico,Sylvester Reilly,Fiction,2025,8991745231527
a vinculum appello,Patricia Waelchi-Rempel,Biography,1996,7262000177489
alioqui apud succedo,Misty Gulgowski,Biography,1994,5304680842515
inflammatio adfectus atrocitas,Lyle Schmeler,Science Fiction,1969,3206650730510
inventore teres a,Mae Kutch I,Romance,2011,3626105964485
texo creber celer,Danny Sanford,Mystery,1961,2209653877053
tantillus cenaculum claudeo,April Ernser,Mystery,2005,8135813668126
alias cupressus voluptate,Dana Bauch,Fantasy,2006,3770761628740
degenero vir vulgivagus,Lynda Kerluke,Fiction,1964,1415590632181
id thalassinus volutabrum,Matt Beer,Romance,1980,5158276126981
approbo tutis paulatim,Margaret Mohr,Mystery,1992,5622628066503
conservo strenuus quibusdam,Irvin Harris,Science Fiction,1992,1465692262968
dedecor calco vaco,Rudolph Schroeder,Fantasy,1981,5405913468566
tepesco tepesco comis,Suzanne Stroman,Non-Fiction,2016,7684649274671
alias avaritia peior,Barry Fritsch,Fantasy,1968,9879988775648
tracto arx unde,Josh Johnson,Fantasy,1970,8370856231712
eveniet thymum impedit,Dewey Gutkowski,Thriller,1961,5151197311590
auctor cilicium cohors,Philip Miller,Biography,2020,0249963169308
adipiscor toties temporibus,Della Goldner,Fiction,1997,1041226466506
assumenda advoco derelinquo,Donald Brekke,Fantasy,1990,1669211807289
bellum alveus volva,Simon D'Amore,Fiction,2016,5689975506376
similique ambulo tubineus,Ollie Roberts,Fantasy,1977,2744007463955
depulso quisquam ventito,Melanie Yundt,Romance,1995,0371886524630
subito aestus cornu,Velma Batz,Thriller,2000,2457108359232
tristis odit terminatio,Brandon Bartell,Mystery,1996,2315830228607
charisma terminatio aptus,Jay Tromp,Fiction,1984,9141709019595
deleniti usus corona,Freddie Roob,Fiction,2014,6326302053527
ipsa decet urbanus,Mathew VonRueden,Thriller,1989,8768493025439
deinde tamen umbra,Gerardo Franey,Thriller,1998,1734368660041
claudeo sustineo degero,Ms. Raquel Farrell,Fiction,2002,6934476469041
ulciscor fuga tertius,Andrew Prohaska,Biography,1987,8275734208941
nam cedo consequatur,Ms. Cecilia Leuschke,Romance,1992,3907878455456
vinitor vinitor vilicus,Robert Jaskolski,Fantasy,2016,2659297471703
natus pecto quo,Monique Morar,Thriller,2014,3482771637967
colo caterva vilitas,Dale Schmeler,Non-Fiction,1959,7158844779915
appello patrocinor bellum,Cedric Keebler,Science Fiction,2002,5127724471869
debitis temperantia arbor,Jeannette Wiegand,Science Fiction,1971,4899117477003
tutis conturbo aestus,Dana Bahringer,Fantasy,1958,9989950925053
thorax eligendi tactus,Marjorie Lakin,Mystery,1989,9977104593384
soleo crastinus beneficium,Lloyd Lowe,Fiction,1986,0009888061647
arca vulnus occaecati,Lorene Metz,Fiction,2007,0183482828870
aetas amplitudo villa,Joanna Huel II,Non-Fiction,1985,0927748074814
civitas solitudo tergo,Terrell Carroll,Biography,1970,4602030781074
dolores delicate vito,Dan Schiller,Fiction,1993,6368760547024
incidunt spiculum undique,Audrey Douglas III,Romance,1951,3942149058621
agnitio altus quidem,Leticia Toy,Mystery,1976,3351767076608
speciosus vulpes provident,Amanda Bosco DVM,Science Fiction,1999,2421336533302
vomer ea paulatim,Dan Hartmann,Mystery,1952,9084393834414
cribro amita cetera,Ed Braun-Brakus,Non-Fiction,1978,0842766648271
defero solvo vitium,Winifred Fahey DDS,Science Fiction,2004,3761537279497
tepidus angelus summisse,Micheal Hoeger,Science Fiction,1964,0327600185289
aetas uberrime sint,Edward Crooks,Biography,2011,7177777309715
totidem cado vix,Cheryl Tremblay,Fantasy,1981,3117324824822
ascit crinis caelestis,Van Denesik,Non-Fiction,2016,3929734166223
creator benigne subiungo,Luz Barrows,Mystery,1983,5454883325017
perspiciatis veritatis inflammatio,Jane Reichel,Biography,1955,5514057524499
autus sortitus aequitas,Mr. Lyle Powlowski,Romance,1977,3841929959937
abbas speculum capitulus,Kristopher Koch,Science Fiction,1988,8791794110920
coadunatio vestrum bestia,Glenda Okuneva IV,Biography,2001,8720307389266
aptus laboriosam nobis,Jack Dibbert-Padberg,Romance,1973,5623822244380
benigne volo iusto,Aaron Buckridge II,Science Fiction,1989,5764878069238
spiritus sono corrumpo,Joy Bailey IV,Fiction,2016,0126222026978
veritatis comptus tenuis,Blanca Borer-Volkman,Non-Fiction,1966,7622843559917
bardus textus urbanus,Saul Glover,Biography,1965,2633403450042
crinis suggero provident,Richard Kuhlman,Non-Fiction,1961,6662754800154
similique velociter cras,Amos Stroman,Fiction,1998,4630186389782
sursum supellex conscendo,Sadie Keebler PhD,Mystery,1984,1248858783697
terra statua decretum,Angelica Johnston,Fantasy,2007,7590838764459
vis veritas valde,Mr. Felix Mayert,Biography,2014,5803856313872
ascit apto odio,Roland Jaskolski,Non-Fiction,1990,5636882529787
dolor terga spoliatio,Corey Altenwerth,Biography,1982,6030764969385
atque ascisco similique,Simon Strosin,Fiction,2008,5794432428779
tamisium temperantia voco,Flora Abernathy,Science Fiction,1957,8663779141346
conventus delicate surculus,Roland Brakus,Biography,1970,1102106947705
depromo studio quasi,Ronnie Hansen III,Mystery,1990,7272135098896
combibo aestas comprehendo,Elvira Koch,Non-Fiction,1951,0798075941574
pectus explicabo trepide,Florence Ernser,Mystery,2018,2759357877306
temptatio totus celer,Rosie Harvey,Thriller,1995,9613276161426
depulso adimpleo amplitudo,Henry Weissnat DDS,Non-Fiction,1960,7401398615525
valetudo aptus baiulus,Kay Harvey,Romance,1981,6078560766361
cunae vulnus illo,Miss Minnie Runolfsson Sr.,Mystery,1976,3237459591317
clarus quae ascit,Austin Mraz,Fantasy,1978,5497037696420
curriculum capillus stillicidium,Dale Bernier DVM,Science Fiction,2000,5956251034754
abstergo infit cenaculum,Essie Carter III,Biography,1975,4497501443109
quia arma comparo,Mack Stiedemann,Thriller,2006,4463033944251
tempora vix avarus,Tasha Block,Romance,1956,0447709803743
beatae demoror stultus,Reginald Barton,Biography,1950,7826767897094
virgo volva sub,Dr. Ted Hilpert Jr.,Science Fiction,2008,3976925654495
asper paens soluta,Ella Pfeffer,Romance,1969,6902636526555
illo theologus custodia,Armando Osinski,Non-Fiction,1992,7670165107336
recusandae vociferor vesco,Mr. Lionel Considine,Non-Fiction,1965,5321027938986
anser supplanto aeneus,Darryl Runolfsson,Science Fiction,1984,9875944195171
civitas adsidue aestas,Reginald Emard,Fantasy,1959,7100791075138
admitto somniculosus credo,Ira Padberg,Fantasy,2018,9763031178171
claro solutio optio,Frank Upton,Biography,1997,2148351841880
suscipit voveo condico,Lance Bode-Gutmann PhD,Fiction,1984,2936860955709
sulum vestrum ambulo,Sergio Emmerich,Biography,1965,3454591551155
occaecati caritas vesco,Jeffrey Schowalter,Non-Fiction,1958,8341152225399
uterque absorbeo repellendus,Nathaniel Runolfsson,Romance,1974,2288789991476
admoneo voco error,Stewart Haag,Thriller,1953,3044471423005
aggero aranea corpus,Gladys Purdy,Biography,2022,3946282353619
demo vapulus solus,Ervin Cartwright,Non-Fiction,1988,3391283590401
coaegresco audeo ipsa,Aaron Mayer,Non-Fiction,2025,9983607817984
succedo nam thymbra,Earnest Heller,Thriller,2025,2709937648443
viscus catena termes,Marion Gislason I,Mystery,1951,0737518684809
aro via eligendi,Roland Witting,Thriller,1988,0333707315442
velit tenetur defero,Brooke Hickle,Biography,1978,5985548367174
cado bis aurum,Joey Borer,Non-Fiction,1953,5375828848977
cumque utpote ater,Lorraine Moen,Thriller,2018,1115176746522
aptus theca desolo,Jared Hills,Non-Fiction,1959,1765099612117
temporibus curiositas undique,Dave Rippin III,Thriller,1995,3506157689089
armarium atavus campana,Kelli Raynor,Mystery,1984,3603152747678
bellicus adeptio demo,Lawrence Quitzon,Biography,2017,2864850297728
cursim voluntarius volo,Miss Kate Considine,Thriller,2011,2048415736577
absum torrens asper,Nina Douglas PhD,Fantasy,1968,9123633055701
comedo praesentium vicissitudo,Brooke Baumbach,Romance,1993,7774528090062
occaecati brevis cognomen,Yvette Heathcote,Fantasy,1958,8071346330385
vehemens curso pecus,Terence Upton,Thriller,2016,4624884023532
adulescens appono reiciendis,Derrick Reynolds IV,Non-Fiction,2001,2543089992480
astrum uredo volubilis,Kathleen Walter,Fantasy,2008,0566724301890
quasi sulum undique,Dave Goldner I,Biography,1987,0117330756647
uberrime sulum basium,Preston Carroll,Fiction,1964,5705965416133
dolor sulum amita,Doris Schneider,Fantasy,2012,1970114781483
sumptus caveo sulum,Jeffrey Cremin,Science Fiction,1978,3657274759831
ipsam capitulus amplitudo,Donald Marquardt,Romance,1990,3321428922437
delectus sollicito sophismata,Miss Christine MacGyver MD,Biography,1991,7860984787104
consuasor ad theatrum,Latoya VonRueden,Science Fiction,1957,1834121262492
illo aurum itaque,Vicki Robel,Fantasy,1973,3045030316987
absconditus sponte umerus,Guillermo Bergstrom,Fiction,2009,8625931618241
xiphias versus cado,Mr. Hubert Stanton V,Fantasy,1983,3010493187548
arca adflicto adstringo,Gwendolyn Muller,Mystery,1995,6672452638763
degusto repellat thalassinus,Phillip Hagenes,Fantasy,1964,2214094056826
victus ustilo coerceo,Sadie Orn,Biography,1972,2010979599287
utrum socius tricesimus,Rosalie Dach,Fiction,1992,4968325065593
derelinquo coruscus argentum,Dustin Marquardt,Mystery,1968,6618603820481
sum antea sint,Dr. Johnathan Rolfson MD,Fiction,1977,8907701170364
arbor aliquam calamitas,Wilfred McKenzie IV,Romance,2009,9194852707134
molestias tibi explicabo,Cary McCullough,Non-Fiction,1973,0405324411191
absque accusamus temporibus,Henrietta Casper,Science Fiction,1961,1659075028767
tubineus aedificium amitto,Herbert Kunze,Non-Fiction,2021,0252175902746
vetus sapiente contigo,Estelle Halvorson,Mystery,2017,8641483559193
ulterius eveniet consequatur,Matthew Beatty,Fantasy,1962,8607469029120
et acceptus ambitus,Alonzo Brekke DDS,Mystery,1998,8241365843515
defessus speculum ocer,Jacquelyn Botsford,Romance,1996,8631945139805
communis volutabrum umbra,Stacy Hane,Romance,2004,3669625228234
nostrum voveo benigne,Yvonne Flatley,Romance,2002,6963286019659
vinitor canis vesco,Christine Heathcote,Non-Fiction,1961,5792996116325
unus delicate chirographum,Dr. Franklin Russel,Fantasy,2019,0537365318117
colo acerbitas statua,Al Mayer,Mystery,2015,6142625656194
adiuvo creo voveo,Sergio Jakubowski,Mystery,2012,6676651113068
undique tracto denuncio,Josephine Collins,Romance,2004,1445005221119
cura acquiro asperiores,Chelsea Dooley,Science Fiction,2019,8786153425679
aiunt torrens turbo,Melanie Witting-Schmeler,Biography,2004,7828596807549
vero cedo bardus,Dr. Shannon Denesik,Mystery,2024,1219117261158
degenero deduco decet,Cristina Green,Biography,2005,1678979282809
eos vestigium capitulus,Stewart Beier-Braun,Non-Fiction,2025,4760177430692
vita recusandae combibo,Fannie Kemmer,Non-Fiction,1990,4490629936499
velit terreo vapulus,Angie Gleason,Fantasy,1991,0191604186079
substantia verus despecto,Louise Leffler,Fantasy,1984,2198109329496
pel calco officia,Ida Ritchie-Reichel,Fiction,2008,4050212296238
iure sufficio sperno,Melissa Jakubowski,Thriller,1970,7371822172106
cinis corona adipiscor,Becky Pouros,Science Fiction,1951,4053806192626
vesica vomito cruciamentum,Salvador Lowe,Romance,1983,5629027897291
canonicus fuga angustus,Mr. Ken Leuschke,Thriller,1992,5672514905541
arcesso corporis attollo,Ms. Patty Lehner,Fantasy,1974,4201398612365
vergo inflammatio in,Eddie Rohan,Biography,2025,0920660439433
utilis ambulo vacuus,Ora Prosacco,Science Fiction,2004,2526529995163
summisse curiositas aegrus,Lora McCullough,Thriller,1961,9188431224194
cohors tamisium arguo,Andre Rosenbaum,Mystery,1985,9613317435115
vere tollo tam,Miss Ginger Oberbrunner,Fiction,2024,7160926292562
deserunt credo valeo,Alexandra Wunsch,Science Fiction,1977,6012418357597
vaco carpo appositus,Mr. Gordon Tromp,Science Fiction,1980,5819090477946
articulus officia administratio,Miranda Glover,Science Fiction,1993,9042069792597
casso sonitus nulla,Dwight Willms I,Non-Fiction,1992,3694827847727
vinco solutio suffragium,Miss June Grady,Biography,2025,9497813194093
auxilium cado adsidue,Dr. Katie Roberts,Mystery,2011,8669695297875
decet damno eius,Monique Grady,Thriller,2022,0051442271041
dolorum conduco vilis,Judy Koss,Fantasy,1995,7965691575660
cohors approbo accommodo,Julie Daugherty,Mystery,1979,9820265438995
vomica ancilla trans,Charlotte Smitham IV,Non-Fiction,2012,9190699552045
adficio decet toties,Sophie Smith V,Non-Fiction,1985,2611238274283
approbo curiositas cibo,Jessie Greenfelder,Fiction,1975,9135281400045
assumenda vehemens thema,Jimmy Russel,Thriller,1960,2255313446989
usus aegre abbas,Alton Jacobson,Mystery,1973,1625187245777
officia vetus apto,Wesley Hilll,Biography,1952,5221443359073
tantillus defluo peccatus,Sheri Schroeder,Fiction,1984,2081150764148
tabgo conturbo dolores,Beatrice Aufderhar,Non-Fiction,1997,1617658521825
amita solium accendo,Helen Littel,Fantasy,1979,0155681324875
pariatur studio tum,George Stroman,Non-Fiction,2003,1329011742512
sponte amita utilis,Lena Beer,Science Fiction,1979,0574083343005
bibo magni eaque,Clint Nienow,Fiction,2004,5050251457951
earum comes adulescens,Hugh Halvorson,Fantasy,1956,4852164981121
in quaerat cotidie,Orlando Corwin,Fantasy,2003,3293833825231
suasoria vestrum coniecto,Clay Kessler,Thriller,1964,7247083995655
tandem textus constans,Mrs. Elaine Johnson,Romance,1997,3570045256425
expedita adflicto bellum,Jeannie O'Reilly I,Mystery,1992,5644125845813
veniam undique tabesco,Homer Dicki,Thriller,1988,4439618427777
calamitas utilis solio,Lana Sauer,Mystery,2006,1083354560353
ipsam sonitus ait,Rosa Corkery,Fantasy,2019,0436729886277
tonsor benevolentia cedo,Scott West,Fantasy,1962,3140941951309
tametsi doloribus basium,Arturo Jast,Fantasy,2019,8956810994006
verbera alienus sperno,Deborah Johns II,Fiction,1956,3558368877562
stabilis tremo victoria,Elaine Wolff,Non-Fiction,1983,8844815343536
varietas vulnero toties,Dr. Casey Ullrich,Fantasy,2005,9532645188690
defluo demulceo tabella,Wallace Maggio,Science Fiction,1950,4743342547014
assumenda tantum veritas,Dr. Ethel Schmitt,Thriller,2003,0694361852439
ventito desino virga,Ada Cronin,Non-Fiction,2012,8574549917157
cognatus termes vel,Mr. Bruce Steuber,Romance,2002,5616923763130
argumentum causa valens,Christopher Shields,Biography,1953,2690445215559
tardus cupio absum,Monique Hane,Biography,1974,7687904601729
magni crur pax,Eunice Legros,Romance,2001,0987620306016
pecto agnosco bestia,Jeffery Price,Non-Fiction,1957,1068685366538
spectaculum averto tametsi,Lynn Mosciski,Fantasy,1972,0986381350601
vis coerceo certe,Francis Kris-Swaniawski,Romance,1989,3610937773120
suadeo accusamus theatrum,Hattie Kassulke,Biography,1981,9800481240415
calco tibi error,Cindy Prohaska,Science Fiction,1959,7809409433891
omnis attonbitus odit,Mr. Jan Schmeler II,Biography,1974,5253310075612
hic cuius alioqui,Edmond Walsh,Fantasy,1952,4332397078738
totam aperio sortitus,Johnnie Mohr-Cruickshank,Fiction,1999,4927204929283
id aliquid arbustum,Sandy Wolff,Biography,2018,5964817458865
cavus rem terror,Doris Fahey III,Non-Fiction,2005,2256947173394
caute cuius pariatur,Dr. Sonya Farrell,Biography,1983,0785247739476
compono venia solio,Samantha Rodriguez,Biography,2003,9265330348439
crudelis cresco comedo,Harold Kris,Fantasy,1966,7235630348540
amplus iusto architecto,Andres Waelchi,Fiction,1968,5001711403944
arguo sumo eaque,Olivia Howe,Science Fiction,2000,4164646594341
necessitatibus stella sono,Mrs. Carolyn Quigley,Science Fiction,2006,6422339049577
conicio ara timor,Ralph Steuber,Fiction,1984,1658849880083
deporto caelum aufero,Dustin Heaney,Fiction,1966,3872007142790
validus adhaero super,Ms. Laurie Upton,Fiction,1960,4113972384725
anser curvo volva,Lorenzo Macejkovic,Biography,1976,1074863216162
usus exercitationem acervus,Joanna Lubowitz,Fantasy,1971,4803778434430
culpo cornu vestrum,Wanda Smith-Zemlak,Science Fiction,1989,0198362074098
deduco decerno audacia,Brooke Effertz,Romance,2015,6897474670426
cogo delectus textor,Cristina Bartoletti Sr.,Science Fiction,1971,0255315461080
coniuratio tactus amissio,Gertrude Kihn,Fantasy,1994,9531521528667
stipes reprehenderit spiritus,Jason Kunze,Thriller,1994,6305908934199
ventus suppellex conatus,Ms. Maggie Klein,Fiction,2025,1747925196305
conduco pauper perferendis,Phil Mitchell,Romance,2008,2101740303898
tres sophismata cura,Pat Tremblay,Fantasy,1979,1142646268582
vorax turpis stabilis,Mr. Darryl Schinner,Romance,2024,6382272553813
deinde tantillus vulpes,Alyssa Lueilwitz,Thriller,2000,9416166408116
astrum porro deludo,Hattie Friesen,Mystery,1962,7486240431007
nesciunt charisma concedo,Martin Shields,Non-Fiction,1958,7064000091196
vesco casso substantia,Tiffany Crona,Romance,2007,7753966633686
utroque accommodo tam,Sherry Heidenreich,Science Fiction,1984,3855008133889
arca uter carcer,Amy Beier DDS,Fantasy,1974,4358409218627
pectus curvo sopor,Rafael Koss,Romance,2001,2540091152671
trucido nam beneficium,Rogelio Boyle,Fiction,1974,2462127366049
corroboro canonicus cauda,Joseph Kihn,Fiction,2020,8257011212123
amissio stillicidium virga,Mr. Wilson Rowe,Fiction,1973,1949310989634
thesaurus bos corpus,Jean Skiles,Thriller,1990,8683223288586
temptatio cupressus thesaurus,Charlotte Haley,Fantasy,2011,6477116780548
curtus conor defaeco,Salvatore Stoltenberg Jr.,Fantasy,1991,9411426924666
corpus autus sunt,Laurie Johnston,Thriller,1964,3389548252879
pectus tantum carmen,Rufus Willms,Romance,2015,3575767888809
tergum verto charisma,Gregg Will,Non-Fiction,2014,0626065898236
adamo strues talis,Duane Rohan,Science Fiction,1961,7979954550468
nihil quasi surculus,Phil Brekke,Non-Fiction,2015,5915008380353
baiulus tracto colo,Mr. Derek Raynor,Thriller,2023,0818972914204
cito convoco demergo,Dwayne Windler,Mystery,1963,6673367833657
civis corrigo cultellus,Lynn Mante,Thriller,2002,4046688621862
aspernatur dolor audeo,Dewey Rath,Non-Fiction,2011,5986033818967
defluo ustulo commodi,Tracy Ritchie,Science Fiction,1956,2241407177124
aperiam solium caries,Lynn Parker DVM,Science Fiction,1992,2890532338550
vaco sodalitas admiratio,Natasha Stanton,Science Fiction,1970,5781944674946
vos utrimque quisquam,Darrel Fritsch,Mystery,1968,0571058518896
inflammatio absque velum,Reginald Breitenberg,Thriller,1991,9456638737625
angulus acervus concido,Ms. Diane Parisian,Biography,2005,8842802191323
demo abduco audio,Darla Rogahn,Mystery,2021,9891598002719
viduo ago nam,Kerry Wisoky,Romance,1998,0184935817672
astrum crinis ocer,Glen Watsica,Non-Fiction,1978,2930643206268
suus confugo amplexus,Mr. Mitchell Stehr,Fiction,2016,3164395706901
ara despecto bardus,Chelsea Dare,Non-Fiction,1985,4099731300523
acies accusantium labore,Ms. Crystal Kris,Thriller,2005,1493196764847
audacia absconditus acies,Mr. Rogelio Jenkins DVM,Fantasy,2023,1975802067788
cito cruentus urbanus,Rodolfo Boehm,Non-Fiction,1985,4718380257509
dolorem cupiditate at,Teri Feest PhD,Biography,2003,6006508524395
aeternus admiratio verus,Hugh Schuppe,Thriller,1975,0625373349319
conculco adnuo beneficium,Naomi Hartmann,Biography,2006,6342942199325
copiose argentum acquiro,Mr. Wallace Bins,Thriller,2015,9864140490841
clarus cupressus crinis,Katrina Barton,Romance,2023,1113376965161
sodalitas architecto tergum,Ronnie Kerluke,Thriller,1993,0390426511196
iure amissio suscipit,Roosevelt Kreiger,Thriller,2024,4546112218847
delicate volup decipio,Lana Zboncak,Fantasy,2011,6062021043077
sortitus bis bellum,Sherman Gleichner,Non-Fiction,1980,3442381607857
veritatis cura aliquid,Catherine Mayert,Romance,1973,6620667074447
qui earum sub,Marion Simonis,Fiction,2019,6929034729962
numquam apostolus supplanto,Ann Larkin,Biography,1966,4330134586285
dolor taedium crux,Dr. Lori Moen,Thriller,2015,0211122594822
apud delego valde,Leo Botsford V,Biography,1984,1120204594167
votum uredo dignissimos,Ms. Jeanne Cruickshank,Romance,1964,7190564915187
amissio uter rem,Elvira Witting,Romance,1981,3789945003752
tego solvo eligendi,Hugo Franecki,Fantasy,1958,2642230553751
thesis porro arcus,Lindsey Fritsch,Biography,1960,7894641770129
vitium calco libero,Sophie Waters,Fantasy,1960,6002450116491
sapiente canonicus abduco,Lee Hayes,Romance,1966,6636149291913
curiositas cerno triduana,Robyn Dickens,Fantasy,1951,9494688455542
voro ventosus clam,Preston Beahan,Romance,1980,8174700469210
aro tonsor desino,Lynne MacGyver,Mystery,2021,1207240661814
tepesco amor desparatus,Dora Rutherford II,Science Fiction,2016,7959570892740
defendo adflicto vacuus,Leslie Kshlerin PhD,Biography,2006,5059906506555
maiores quas certe,Kenneth Harber Sr.,Non-Fiction,2019,9375749663790
derideo labore demo,Lynda Lubowitz,Thriller,1977,8108415510508
talis spero casus,Jamie Price,Biography,2006,6307743436788
decretum argentum reprehenderit,Dr. Roland Cremin,Thriller,2020,9122350634127
artificiose umbra eveniet,Jorge Borer,Mystery,2010,8292188911038
clamo cervus cinis,Christina Tromp,Mystery,1954,0259449714129
vinum basium cubicularis,Brenda McKenzie PhD,Mystery,2006,7846745596195
at ustulo cui,Jane Halvorson-Stracke,Thriller,2023,4473636008782
conqueror ante bene,Miss Tara Bahringer,Romance,1968,9343839475487
ciminatio vir annus,Miss Kelli Hartmann,Fiction,1986,4081295805237
demum cenaculum accusator,Raymond Tromp,Fantasy,2023,5294691847684
corroboro deleo nisi,Glenda Wolf,Fiction,1962,4744802705593
apto tricesimus venio,Miss Angel Marquardt,Fiction,2024,9261815416668
thymum quod quibusdam,Jodi Hettinger,Fiction,2024,5021150486056
somniculosus copiose aequitas,Larry Weber,Thriller,1979,5464240628192
vobis texo uredo,Stephen Lubowitz,Fantasy,1997,4158176691141
acceptus arbustum ex,Mr. Franklin Reilly,Biography,1965,7636611096385
summisse cur dolores,Fredrick Hilpert,Biography,2000,2576685887032
viduo conicio crastinus,Terry Williamson,Mystery,1972,3503117118480
stips tepesco terror,Jenny Gorczany,Fantasy,1978,3625217965646
ratione temperantia cornu,Gary Jerde,Mystery,2015,0578794590315
bos vulticulus deduco,Sandra Erdman,Romance,1956,2050873233115
suus voluptatibus comedo,Ricky Hane,Fiction,2016,2319981287849
mollitia adversus spargo,Marguerite Blick,Romance,1991,3922607793234
est via copiose,Benjamin Schiller,Fantasy,1985,0858287414574
solio benigne cogito,Ray Little IV,Romance,1988,1169365027107
appello soluta perferendis,Derek Stokes,Fiction,1993,3876474630442
vulgo admoveo necessitatibus,Cody Corwin,Romance,1962,0604680566370
creo ustilo vorax,Dr. Francisco Hettinger I,Fiction,1971,2865998793669
vetus cogito comburo,Jimmie Heaney,Mystery,2007,2367013955332
curtus depromo denuncio,Meghan Dare,Biography,2018,4058207285897
templum cena viduo,Clara Rempel,Mystery,1985,2625121843348
comedo voveo tracto,Alma Johnson,Fiction,1976,9094485779618
spiculum sollicito pax,Betsy Wolf,Fantasy,1998,3106311406334
cometes a vere,Melanie Klein,Fiction,1989,4911079072258
quia libero titulus,Kendra Christiansen DVM,Science Fiction,1950,7816731493171
summopere quod mollitia,Jaime McKenzie,Non-Fiction,1996,5831617669334
carbo thesis harum,Danielle West,Science Fiction,1970,7792235252393
arbustum porro tabesco,Joyce Wolf,Thriller,1967,7091228026460
curso victus cupio,Marcos Kling,Romance,1963,4794908864688
sollers certus chirographum,Javier Erdman,Fantasy,1988,7780865710258
sufficio avaritia coaegresco,Rose Hessel,Non-Fiction,2005,4795898431767
vetus eos vociferor,Lionel Reichert,Science Fiction,2024,4388811164575
curiositas defaeco bis,Blanca Jerde,Mystery,2007,7405869610368
alveus totus condico,Madeline Beahan,Thriller,2007,3362668242617
beatae aperio corrupti,Pamela Reichert,Non-Fiction,1965,7413167006868
deputo repellat adipisci,Velma Rohan,Science Fiction,1956,4062211680955
hic amissio clibanus,Mr. Juan Zemlak III,Mystery,1950,9607303037728
damnatio credo dens,Dr. Viola Lueilwitz,Fantasy,1990,7060273356525
deprimo sodalitas angelus,Shane Schmeler,Fantasy,1968,7628518585445
aranea cetera velut,Miguel Buckridge Sr.,Romance,1976,1128434981202
socius speculum dolor,Vickie Predovic,Mystery,1998,3813630979830
corona curso velum,Preston Stroman,Fiction,1975,2644967590791
avaritia deprimo vehemens,Dr. Estelle Pacocha,Fantasy,1999,0824973469533
blandior venustas quis,Wendy Lynch,Fantasy,1960,2893398154537
trado cohaero alioqui,Matt Dach,Biography,1955,9877574764503
chirographum vox maiores,Misty Zemlak,Science Fiction,1999,1669074669438
demum vomito sub,Clark Mayer,Science Fiction,1985,8567249057990
vicissitudo libero pariatur,Tracy Crooks,Mystery,1979,2492759991483
colo totam curso,Mr. Spencer Hauck,Non-Fiction,2005,5898988049074
agnitio modi conturbo,Angelica Christiansen,Thriller,2012,7364361523825
victus iusto somniculosus,Dana Nitzsche,Science Fiction,1980,5289237683318
nostrum sufficio cumque,Antonio Homenick,Thriller,1991,4071846096921
fuga vestrum cultellus,Erica Morissette,Fiction,1961,5136434307517
bibo vulgaris curriculum,Jessica Stark,Fantasy,1964,0510960005127
virtus sto complectus,Ruby Tromp,Fiction,1991,7603015765263
thorax vulnus spero,Katie Altenwerth-Corwin I,Biography,2017,9487619532552
subito inflammatio accedo,Paul Wehner,Mystery,1969,9343469879267
adulescens comedo aduro,Dr. Glenn Cormier,Mystery,1972,3051595701829
veritatis usque aduro,Brendan Rippin,Mystery,2019,1732549592585
acidus defendo decumbo,Jackie Lueilwitz,Non-Fiction,2023,9412679599440
consequatur ver uxor,Clyde Gottlieb,Science Fiction,2004,4025006212964
reiciendis admiratio utique,Adrienne Herzog DDS,Fiction,2004,5337120249766
vereor maxime arbor,Joseph Schumm,Thriller,1952,1916059480516
audentia subiungo custodia,Ivan Bednar,Romance,2000,0096741889855
deorsum veritas canto,Miss Sophia Rutherford,Science Fiction,1964,6779868799228
cognomen acquiro bibo,Dave Moore,Science Fiction,1992,4699896488370
antiquus cresco tot,Luz Jacobson,Fantasy,1950,2777472360339
cerno cur concedo,Mercedes Hermiston III,Fantasy,1997,0401481197383
usus decor voluptatem,Tyrone Feil,Biography,2004,0461030122610
timidus aiunt aiunt,Carlton Leannon,Biography,2023,0611781905752
volaticus omnis depulso,Sheila Fisher-Price,Non-Fiction,1980,1479142668156
cura dicta suus,Mrs. Willie Kirlin,Fantasy,2005,6476257431012
suscipit ullam quia,Lynette Schmeler Jr.,Non-Fiction,2011,6169757964572
fugiat addo sono,Freddie Runolfsson-Kulas,Thriller,2012,7870549058229
conatus demonstro capio,Timothy Heller,Science Fiction,1999,0659664129617
tollo tepesco tolero,Gregg Satterfield-Kautzer,Thriller,2010,9027123843988
delectus fuga vetus,Tyler Gerhold,Non-Fiction,2010,0264801070729
depraedor comes apud,Dr. Darryl Stamm,Fantasy,2014,2259839799215
abundans vestigium deporto,Dennis O'Conner,Mystery,1957,3937199115715
vacuus carcer annus,Mrs. Kelley Botsford,Thriller,2013,9004547609514
cibus vesco uberrime,Dr. James Mohr,Biography,1950,6203101181952
apostolus ambulo conatus,Lena Green,Fantasy,1995,3593072767480
voluptate confero comminor,Shawn Pfannerstill II,Non-Fiction,1982,6198327576124
vivo dedico vicissitudo,Tammy Lesch DDS,Science Fiction,1959,5472032011160
testimonium appello deinde,Heather Weissnat,Non-Fiction,1951,8083248412597
strues turpis capto,Amelia Jenkins,Romance,1951,8139243231231
solus curis culpo,Willard Johns-Brown,Mystery,1959,4400903984493
vel impedit adstringo,Mrs. Lucia Kling,Non-Fiction,2007,4751307835655
temptatio pecco facere,Israel Gislason DDS,Non-Fiction,2014,8392012082275
audentia studio beatae,Kelley Stoltenberg,Fiction,1952,0555662597131
esse aperiam coruscus,Shari Herman,Science Fiction,2013,3726557081311
minima tertius tondeo,Antonio Walker,Mystery,2004,9470458838908
utrum usus sulum,Mr. Alberto Spencer,Non-Fiction,1965,6528942779880
supplanto caterva corona,Rudy Gerhold,Fiction,1981,8222927931919
suppellex voro desino,Annette Harris V,Thriller,2003,4438815078216
umerus cubicularis accedo,Robert Boyle,Science Fiction,1983,7341123208827
admiratio cetera damno,Andrew Hansen,Biography,1975,5797154788381
solio casso aequitas,Enrique Witting,Thriller,1980,1195305859309
creta varietas explicabo,Clara Strosin,Romance,1955,6282508761691
viscus admiratio infit,Mathew Kohler,Fantasy,1963,2984880291648
anser aperiam repudiandae,Harriet Rau,Romance,1982,0663886482839
votum patrocinor vigilo,Josephine Nienow,Mystery,1983,9371689726246
curso vomer succurro,Jermaine Kihn,Biography,1968,0472192924376
delibero consectetur avaritia,Kevin Hudson,Biography,2008,5192573607750
clementia fugiat colligo,Mr. Gary Kozey,Romance,1991,7109417673759
adsuesco cognatus temporibus,Moses Deckow,Biography,2011,1739835654474
cognatus sodalitas accedo,Sadie D'Amore,Fantasy,1961,6539667468516
caries administratio temptatio,Dr. Colin Abshire-Halvorson,Thriller,1986,8752155110629
tepesco paens censura,Jesus Hyatt-Adams,Romance,1974,3054405050811
dignissimos accendo temperantia,Mr. Malcolm Nicolas,Fiction,2001,1325280408454
cupio complectus natus,Tracy Simonis,Science Fiction,1987,3430339682875
suscipio delinquo defungo,Dr. Walter Bernier,Biography,1971,1222153764409
solvo constans admitto,Ms. Jeanette Zieme,Biography,1962,5796832537992
vinculum ceno magni,Dr. Irvin Lindgren,Fiction,1995,1556593670657
tyrannus atrocitas decipio,Deanna Reichert I,Fiction,1960,4403537601304
amicitia consuasor ubi,Miss Marjorie Mertz,Biography,1985,6539775189930
complectus universe dedico,Mr. Kurt Stokes,Fantasy,2014,0003301323346
amplus vester inflammatio,Tomas Jast II,Fantasy,1962,0343957364000
temeritas dignissimos studio,Angie Schumm,Romance,2015,9090828775955
aveho deludo uxor,Lindsey Harber Sr.,Romance,1969,4067475222407
carus argumentum terror,Freddie Gislason,Fiction,2000,1691929397717
tersus virga absque,Rachael Hayes,Fiction,1953,1229846477623
abscido cedo angulus,Laurie Cummerata,Science Fiction,1960,6930188180112
theca capto viridis,Glenda Kautzer,Romance,1988,2410423616965
terminatio consectetur vis,Patricia Hahn,Science Fiction,1953,6532704637355
terminatio necessitatibus triduana,Alvin Cummerata,Biography,1958,7456769091508
officia tollo apud,Oscar Ortiz,Mystery,1983,3615491751060
avaritia nemo compello,Inez Botsford,Non-Fiction,1972,6732990162805
titulus cupiditate asper,Adam Pagac,Mystery,1958,2502833050810
vere enim tersus,Melvin Little,Fiction,1959,5389600572723
condico torqueo audax,Sonja Reichel,Science Fiction,1963,6861704191774
curia speciosus laudantium,Mrs. Frances Hessel,Thriller,1990,5714027488312
quidem umerus bardus,Paul Fay,Thriller,1998,2431010443755
vita blandior cimentarius,Mack Daniel,Biography,1999,1771355092325
victus cumque argentum,Mrs. Estelle Feeney,Fantasy,1980,6737204918508
assumenda cuius canis,Lonnie Harber DVM,Biography,1972,2723240780776
tripudio ara vester,Evan Sporer Sr.,Thriller,1995,7986060827518
caterva possimus suffoco,Debbie Kling,Thriller,1987,9036091608083
corrupti tum defendo,Patty Oberbrunner,Mystery,2020,9237718385348
vespillo tot maiores,Tasha Wolf,Non-Fiction,1989,5884175423202
cognatus sursum tego,Mr. Dominic Blanda,Mystery,1966,0242046853494
acidus tubineus consequatur,Dr. Leona Pfeffer-Schumm,Mystery,2021,6208225268606
eos vapulus umquam,Essie Willms,Romance,1972,5282643814014
saepe agnitio alo,Olga Grant,Fiction,2003,7454879216779
barba in deprimo,Lyle Wehner,Thriller,1995,9270676820611
creator deripio culpa,Ms. Brandy Kilback,Science Fiction,2009,0732028912088
vetus subnecto placeat,Irvin Dicki,Science Fiction,1959,5931359026872
aestus speculum alo,Jessica Kovacek,Science Fiction,1964,0661593375196
defaeco volup testimonium,Kristine Bednar,Romance,1966,6609263323826
theologus claudeo consuasor,Dr. Lucia Waters,Fiction,2008,1661798820073
tempora subvenio versus,Pearl Reynolds,Biography,1955,2228876000623
balbus defetiscor cras,Vernon Bechtelar,Science Fiction,1955,1227420088180
constans claro verbum,Lamar Bergnaum,Fantasy,1959,6112014216234
comptus vereor cogito,Marty Hettinger,Fantasy,1955,8869460807343
ager aequus iste,Jeffery Howe,Non-Fiction,1951,5830869097738
illo bene laudantium,Jacqueline Upton,Biography,2015,6891723170967
universe voluptates acies,Lena Batz,Biography,1973,3785212705331
tenetur laborum spectaculum,Mark O'Connell,Non-Fiction,1959,3779784057734
vito temptatio excepturi,Saul Parker,Science Fiction,1998,9091799150140
theatrum voluptas crustulum,Sally Ebert,Mystery,2025,7824190630665
subseco condico eius,Seth Kuhn,Biography,2000,7278907884849
itaque voluptates vacuus,Melinda Weber,Romance,2023,3769629045606
tabernus suffoco aurum,Sammy Williamson,Fiction,2007,4242536084550
coerceo averto bos,Lindsey Kerluke-Hirthe,Non-Fiction,2021,5337634493167
cotidie territo cohibeo,Mrs. Vicki Walsh,Thriller,1965,7407254868243
accendo temptatio beatus,Brendan McKenzie,Biography,1967,3977826784328
suadeo candidus derelinquo,Alma Leannon,Thriller,1980,6607677635944
peior adfero aranea,Emanuel Klocko,Thriller,1980,1166849739161
cibus apparatus officiis,Judy Heller,Non-Fiction,1988,0044352532997
ustulo ceno consectetur,Laura Pollich,Mystery,1976,7208074660468
ante cavus utrum,Chelsea Collins,Mystery,1967,6254693666777
denego cavus amet,Horace Kilback,Science Fiction,2025,3944221475332
iste tabesco vitae,Dr. Johnnie Lueilwitz,Fantasy,1968,3664204257293
confugo volup arceo,Charlie Ebert-Mills,Romance,1982,7353909939458
admiratio cicuta officia,Teri Thompson,Non-Fiction,1997,4660757843448
tantillus denego desparatus,Delia Nikolaus,Fiction,2015,8619421346199
acsi conspergo confero,Wilbur Turcotte,Mystery,1966,8674314056468
centum atavus demum,Eleanor Kovacek-Beier,Thriller,1975,3730035040048
timor vel vesica,Jan Rippin,Fantasy,1952,3637465384069
itaque angulus verbera,Nathan Kovacek,Biography,2019,2417483486795
tertius earum adhuc,Gayle Lang,Thriller,2007,2762351400691
solio qui possimus,Courtney Goyette,Mystery,1979,6165050757916
aperte contigo adeo,Lee Reinger III,Fiction,1995,7020148643441
capto thymbra conduco,Juana Klein-Koch,Fiction,2009,5825144139792
conturbo vigilo vestigium,Luther Corkery,Thriller,1984,3875812681926
esse similique thalassinus,Jerald Hayes,Thriller,2009,2173754007844
angelus adfectus vindico,Sherri Gottlieb,Fiction,1979,1453340977608
supra derelinquo vilicus,Antoinette Zboncak,Non-Fiction,1983,3523813768940
crapula pariatur vel,Tracey Langosh,Thriller,1950,7715989293775
bestia earum crebro,George Herman,Biography,2012,1797224976754
ut utilis antiquus,Paul Strosin,Biography,1953,9903197348338
quam nemo vito,Tabitha Little,Thriller,1983,8053353295681
utrimque verbera vespillo,Dr. Lucas Deckow,Science Fiction,2001,9655070439252
demens timidus alienus,Gerardo Krajcik,Biography,1979,5049683347499
sursum neque incidunt,Tracy Buckridge,Mystery,2020,8935047676907
pecto cinis decumbo,Preston Leuschke,Science Fiction,2025,4945061049166
terminatio versus quod,Debra Purdy,Biography,1966,8370128396445
sollicito adflicto solum,Darrin Hettinger,Thriller,1965,2734832134403
dolore defungo averto,Delores Lowe,Science Fiction,1962,3334616786232
terminatio adipisci sumo,Bernard Kassulke I,Fiction,1987,0765124145204
ago considero demitto,Tami Treutel,Biography,1995,9954137413904
volaticus universe desparatus,Roosevelt Reichel,Non-Fiction,2008,8909889218285
possimus credo considero,Nichole Jakubowski,Romance,2001,0102437934934
placeat consectetur arguo,Brian Auer,Science Fiction,1981,7537818865395
sponte ara suspendo,Wendy Schuster,Romance,2004,2854450710501
tredecim tunc damnatio,Rudolph Vandervort V,Non-Fiction,2024,1384912082322
astrum sufficio dedecor,Karl McKenzie Sr.,Biography,2023,6225759544399
decens compello cernuus,Mr. Lucas Thompson,Biography,1998,9301072523301
solium congregatio audentia,Lisa Hessel,Fiction,2022,2048538281017
velut tres deprecator,Elaine Gusikowski,Romance,2001,7712126650873
cogo vetus terra,Olivia McKenzie,Biography,2007,8652621608093
patrocinor volva thymum,Jason Renner,Fantasy,2018,9585836429208
calamitas vitae cognomen,Susie Bode,Science Fiction,1964,6534796556720
absorbeo vigilo supellex,Mr. Arnold Collins,Mystery,1987,0138859055998
eligendi admitto somniculosus,Cornelius Heathcote V,Thriller,1956,6108649301999
aranea suppellex accusantium,Miriam Romaguera-Johnston PhD,Biography,1977,8567953892405
coruscus articulus valde,Melissa Schimmel,Non-Fiction,1971,2081577866535
repellendus tepesco voluptate,Gladys Kautzer,Mystery,1974,0236834014581
dolores tandem capitulus,Dr. Pat Klocko,Fiction,1965,7800774015532
varietas vicissitudo quibusdam,Adrian Mosciski,Biography,1989,7554650295123
tripudio corporis subiungo,Ralph Oberbrunner,Mystery,1951,9031363539961
sol aro dedico,Dr. Bradley Von,Science Fiction,1972,1447016607982
aetas accedo atque,Enrique Gutmann,Non-Fiction,1987,3424177494033
correptius cubitum comis,Ann Stiedemann,Fantasy,1992,0556594433117
comitatus claro vulgo,Irvin Fay,Thriller,2008,8038729568703
depraedor calco est,Valerie West,Fiction,2002,2082852532477
basium summisse corporis,Penny Hudson,Romance,2001,8571684521414
praesentium delego subito,Krystal Roberts,Biography,2008,0421000636345
alias summisse tabesco,Nellie Beer,Science Fiction,1965,7684695448733
textilis circumvenio color,Sherry Sawayn Jr.,Romance,1993,9367295269470
caelestis voluptates crebro,Diana Conn IV,Fiction,1990,8663849754050
expedita debilito sumptus,Clark Yost-Bergnaum,Non-Fiction,1983,6951134264592
dedecor enim arceo,Sylvia Hermann,Thriller,1997,8074431616474
acerbitas minus cernuus,Frank Kub,Biography,1993,3583540376983
depereo capio confugo,Silvia Larson,Romance,2024,0163588664737
coadunatio subnecto suadeo,Mrs. Casey MacGyver,Science Fiction,2005,3961546756995
acsi tabesco cubitum,Ms. Jeanette Reynolds,Thriller,1979,6222639881922
tutamen avaritia occaecati,Marvin McLaughlin,Non-Fiction,1999,0839864033652
tabgo abeo voco,May Stroman DDS,Mystery,1986,2935881624472
adsidue texo enim,Bertha Weimann DVM,Biography,1957,6377424428719
traho officia vitiosus,Dr. Malcolm Jast III,Science Fiction,2003,3692329057856
ambitus labore laudantium,Hugh Gislason,Fiction,2009,8973216547796
carmen doloremque repudiandae,Ms. Tracey Smitham,Non-Fiction,1984,3159046190113
vesco cunctatio aegre,Michael Rowe,Science Fiction,1990,5571801001127
ipsa utor aestivus,Kelly Waters-Stracke,Non-Fiction,1993,4911747361169
cilicium tui sublime,Douglas Klocko IV,Thriller,1953,9131486772939
pectus censura arx,Monique O'Reilly MD,Biography,1954,2194082937628
ducimus bellum triduana,Dexter Murray,Science Fiction,1995,1859072459153
sordeo ubi volutabrum,Charlotte Sporer,Thriller,2012,7207512178072
creator sodalitas cunae,Ollie Johns,Thriller,1976,9488218748163
acidus artificiose corroboro,Walter Marvin,Romance,1993,6923638605191
admiratio cicuta molestias,Kerry Durgan I,Non-Fiction,2020,2864385375836
vos thymbra vae,Mr. Ron Bogisich,Mystery,2013,5971585752198
timor abstergo delego,Lorena Beahan-Schulist,Science Fiction,1984,7117964480826
cornu cruentus uxor,Edwin Schoen,Fantasy,1976,1395839702996
caelestis auditor deficio,Oscar Baumbach Jr.,Fantasy,2024,2928685827340
agnosco talus conicio,Blanca Berge,Non-Fiction,1953,8887504056501
suspendo utrimque calculus,Robin Trantow,Mystery,1992,7604168673754
comptus vilis amicitia,Renee Rice,Romance,1967,3406062713404
concido sub candidus,Mike Zboncak Jr.,Romance,1962,3518045099420
atrox aequus stultus,Lila Yundt,Science Fiction,1966,3248281356519
vacuus capto vitae,Elaine Lesch,Thriller,2012,4538129220043
vulgo desidero inflammatio,Gwen Simonis-Corkery,Mystery,1995,4746851924572
adfectus decretum vita,Kristin Lang DVM,Fantasy,1964,6992405907750
vito cupio cattus,Dr. Ashley Parker IV,Mystery,1996,7704257694892
strenuus alter tabesco,Kristine Stark,Science Fiction,2010,3415016548341
trado possimus adficio,Cecilia Johnston DDS,Science Fiction,1979,0635823931499
spargo thesis cometes,Kate Blanda,Mystery,1975,4348501578426
tumultus venustas nam,Judith Ledner,Biography,1971,6625585887387
pecus ambulo harum,Betty Hilll-Dickinson,Mystery,1964,1561284389738
sed deprimo somnus,Dr. Devin Hermann,Thriller,1957,5590183421898
non sustineo tutis,Enrique Beier,Biography,1983,1954208766182
degenero molestias vergo,Elizabeth Bayer,Science Fiction,1951,9912151577197
talus attero sapiente,Andrew Fritsch,Romance,1989,2411747318421
advoco maiores aeger,Jaime Grimes,Biography,1985,1699366238085
amita corrumpo corrumpo,Clifton Kris V,Romance,2016,8701572415241
audio aegrus basium,Roman Ankunding,Non-Fiction,1966,3370224471470
combibo commemoro caste,Tony McLaughlin,Biography,1952,3617049268168
copiose adipiscor architecto,Dr. Francisco Fahey IV,Non-Fiction,2012,5046942439586
odio vinitor deleo,Rachael Herman,Science Fiction,1951,4059087929987
volaticus deorsum cauda,Leona Heathcote,Fantasy,1992,9353849091644
communis talus bene,Forrest Mosciski,Non-Fiction,1955,5699322761358
tyrannus correptius viriliter,Jamie Jakubowski,Biography,1989,9399210181968
defungo abundans victoria,Wm Flatley,Biography,1957,3524753668076
cena celer adfectus,Mr. Abraham Rippin,Thriller,2013,5072593465957
illum conventus ad,Herman Hermann,Fantasy,1992,5455136847678
ipsum somnus vitae,Gladys Ruecker,Fiction,2004,1487772651157
carbo despecto vel,Mr. Joshua Robel,Thriller,1965,7001190716076
abbas tripudio bonus,Kirk Bogisich,Biography,1963,7798323609796
coniecto varietas tam,Miss Muriel Greenholt,Romance,2009,5111874654013
quibusdam tribuo vomer,Jeffrey Tremblay,Fiction,1961,1035770251902
repellendus veritatis adinventitias,Derek Walker Jr.,Science Fiction,1969,3725289864045
conculco curriculum totus,Guadalupe Prosacco,Non-Fiction,2021,1304676484732
vetus desparatus desidero,Sophie Hilll,Fantasy,1976,6707196988173
vitium abstergo valeo,Nicolas Legros PhD,Non-Fiction,1988,6278789162434
alter praesentium numquam,Fernando Schmeler-Rosenbaum,Mystery,1989,7689888846355
autem accommodo caecus,Abel Boyer,Non-Fiction,1992,3315297009199
depereo vespillo error,Tomas Balistreri,Non-Fiction,2023,3823361075265
virgo ratione aggredior,Norman Cole,Fiction,1978,1877717219083
custodia catena demoror,Steven Altenwerth-Okuneva,Fiction,2018,8676435122262
defendo averto excepturi,Seth Veum,Fiction,1981,1180768905997
abstergo summopere tenuis,Teri Cummings Jr.,Fiction,1958,9568385314745
cognomen cupiditas dolorum,Lonnie Krajcik,Fiction,1965,4398553149815
asporto absorbeo caput,Jasmine Lang DDS,Biography,1972,5387169123447
admoveo possimus desino,Emily Dibbert,Fantasy,1955,0618781911064
versus arx stella,Candice Christiansen,Fiction,1950,0062713098221
placeat timidus suscipit,Stuart Hoppe-Frami,Science Fiction,2002,2452387227409
ventito victoria amor,Elena Grimes,Mystery,2003,0454221241608
tandem crustulum bene,Julia Kirlin,Romance,1998,1856299968357
ut vinitor corporis,Elisa Kling,Biography,1962,4783468181819
occaecati dolor usque,Wilma Osinski,Fantasy,2015,1426852854032
ventus ullam accusamus,Maggie Simonis,Science Fiction,1968,5389482615674
auxilium dolorem confido,Ana Kertzmann,Fiction,1952,9600207273897
comitatus vesco somnus,Moses Kutch,Fiction,1977,2865147609516
minus cogito universe,Heather Reinger,Fiction,2006,9790075209324
vallum beneficium adopto,Chelsea Johns,Fantasy,1981,6167330085998
sodalitas utrum acervus,Harry Funk,Fiction,2024,3052957824885
amoveo absconditus cupiditas,Dr. Felipe Ryan,Science Fiction,1972,6079468418413
conspergo ager templum,Linda Hessel,Non-Fiction,2025,6708599679995
adinventitias argumentum comis,Mr. Kenneth Fadel,Non-Fiction,1975,1356463878027
caecus cur desino,Amanda O'Hara,Biography,2006,8944304290555
cruciamentum auxilium vilitas,Cassandra Effertz,Non-Fiction,1952,1061474635704
vinculum ventus conitor,Patti Brown,Mystery,2010,7404732054936
triumphus casus aspernatur,Cameron Bode,Biography,1979,0631608206743
vir benevolentia magnam,Julio Fay,Science Fiction,1962,6467598038227
quas patior annus,Jesus Baumbach MD,Romance,1950,1318112120931
audacia corroboro minus,Evan Jast,Mystery,2010,6549156064934
tabesco amoveo vesco,Irving Abshire Sr.,Mystery,1961,4237528839691
coruscus statua supplanto,Edgar Schiller,Mystery,2008,7673914775198
aranea cibus cauda,Gloria Stark,Mystery,1952,7913488741573
argentum tam amaritudo,Lucas Effertz,Fantasy,1955,4366722336658
desolo considero vespillo,Whitney Bartoletti,Biography,1985,5113943773804
baiulus vis umquam,Jeremiah Schaefer,Thriller,1965,6240950451954
angelus accedo illum,Joey Rempel,Science Fiction,1990,3539967469130
aliqua cursim talis,Julio Stamm,Fantasy,1956,8440182499327
surgo vero harum,Douglas Schaden,Romance,1981,8939166341331
titulus cultura hic,Dana Muller,Science Fiction,1952,4098182013654
apostolus molestiae vesco,Jaime Hahn,Fantasy,2021,5602421644545
tabernus appello culpo,Dr. Lester Barton DVM,Science Fiction,1982,8064040043880
deporto aufero amita,Harry Considine,Romance,1974,1532888651996
caste corona tero,Betsy Williamson,Non-Fiction,1975,8488716887673
vitae aggredior vaco,Ashley Green,Thriller,2025,4471572789167
audentia valeo pectus,Cody Kulas DDS,Biography,1972,1591829067661
constans vinitor rem,Melinda Hilll,Non-Fiction,1973,4011787748949
utrum templum tonsor,Dr. Nathan Wyman,Mystery,2013,2973820397147
reiciendis tripudio suspendo,Frederick Kub,Non-Fiction,1968,9550025792729
amita adamo sumo,Eunice Hermiston,Fiction,1969,5871085258564
attollo veritas vulnero,Bernadette Mayert,Fiction,1963,2578756862368
defluo adsum tres,Earnest Hamill,Thriller,2024,5633829432143
taedium ter recusandae,Brittany Bergstrom IV,Science Fiction,2006,9200919173549
cubicularis verbera possimus,Aaron Tillman,Non-Fiction,1967,7420493891138
delicate cumque commodo,Willie Simonis,Biography,1991,1042057162615
acer celo benigne,Ebony Schuppe,Fiction,2012,2930466681830
antea valde compono,Shannon Schaefer,Fiction,1998,1675519974464
porro suus aequitas,Emma Corwin,Non-Fiction,1981,1785732672921
vito tibi facilis,Laura Leannon,Science Fiction,1998,6414753367709
carus advenio eligendi,Pete Kirlin,Science Fiction,1994,4088821577881
fugiat demens delicate,Dale Jakubowski,Fiction,1984,2613195100451
civis abbas cras,Sidney Hegmann,Fiction,2022,8078215209058
turba adinventitias alius,Donna Nikolaus DVM,Fiction,1968,9388183698247
aperiam certe tener,Marguerite Jacobs,Romance,2014,9579529126225
conservo audio adopto,Irving Reinger,Science Fiction,1961,8633487521068
aestas theca turpis,Sara Haag-Armstrong,Biography,2014,0193169715518
tergo auditor vulgivagus,Brent Block,Fantasy,1964,0833574198991
atrocitas eligendi ait,Leslie Mann,Mystery,1990,5811377539018
ultra depromo delego,Diane Feil,Non-Fiction,1996,0541343540589
beatus pariatur deorsum,Mr. Andrew Connelly,Non-Fiction,2023,1537309336454
temptatio viduo voluptatibus,Heidi Thompson,Biography,2011,9500923015904
chirographum uterque expedita,Leroy Cronin MD,Fantasy,1969,8902843399566
aestus solvo ab,Mindy DuBuque,Fiction,1981,5010372631155
vox tego spero,Sally Howell-Abernathy,Fantasy,2011,8888909376990
nostrum vulpes celo,Ted Rice,Non-Fiction,2014,5975357365239
absconditus voluptas cogito,Pauline Sawayn,Thriller,1953,8879520495991
conatus crinis ambulo,Mrs. Pamela Fahey,Non-Fiction,2015,5800712556913
trepide carmen reiciendis,Miss Nina Breitenberg,Fiction,1986,0342083663713
deprimo asporto debitis,Lisa Christiansen DVM,Non-Fiction,2008,1705144167389
eligendi soleo arbustum,Angelo Lesch,Thriller,1971,2647997961344
tametsi adeo quaerat,Lela Wilkinson,Mystery,2012,3863278786550
via aranea barba,Cristina Kuvalis,Romance,2007,1861567350898
unde summopere defessus,Dr. Guadalupe Herman,Science Fiction,1966,8023607184840
texo vomer vapulus,Daisy Lehner,Non-Fiction,1967,8823343431405
capio perferendis aeternus,Fredrick Hickle,Biography,2015,2068275598767
autus cinis crux,Blanche Bogan,Romance,1993,9625047895791
reiciendis nisi charisma,Dr. Austin Klocko,Romance,1989,6803543988018
caput depopulo subnecto,Elsa Kuhn-Murphy,Biography,1958,8659033943502
depulso denego uredo,Stephanie Kozey,Non-Fiction,1975,5474077442798
occaecati tergiversatio thorax,Gene Zboncak IV,Non-Fiction,1964,3437887341028
valetudo atque aveho,Mr. Steven Cole,Non-Fiction,2012,0988801465256
admoveo celebrer contabesco,Merle Schowalter,Biography,1998,3909076504416
tot aegrus assumenda,Henrietta Lebsack,Mystery,2011,4150236127390
annus ea dedico,Mrs. Angel Casper,Non-Fiction,1978,9833179213780
spes suffoco dolore,Yolanda Hintz,Fantasy,1982,4377596840625
alienus vester sumo,Dr. Elena Emmerich,Non-Fiction,2000,4573082453165
suadeo veritas alius,Sherri Crist,Thriller,1977,9278503090082
audeo paulatim sunt,Loretta Ratke-Towne,Science Fiction,1967,6008296005994
dolorum curo vobis,Jasmine Roob,Thriller,2012,7579782002663
crapula conspergo termes,Patsy Heaney,Fiction,2021,0634170697080
vociferor tam sopor,Leah Rogahn MD,Biography,1983,6203859518572
vicinus voveo aptus,Shaun Paucek,Fiction,1951,5438991239264
beatus auxilium distinctio,Miranda Gleason-Deckow,Non-Fiction,2023,8463464363434
bos eveniet vester,Hubert Lesch,Fiction,2023,5617665755810
baiulus quis aveho,Shawn White,Fantasy,1980,1367712080927
cariosus vinitor numquam,Christy VonRueden,Romance,2014,7323872900015
ventosus amicitia blanditiis,Katie Luettgen-Little,Mystery,1979,6640413002758
fugit pariatur sordeo,Benjamin Koss,Fiction,1980,0548212210667
depromo dedecor perspiciatis,Mr. Alvin Raynor,Fantasy,2002,6672830283180
cultellus sollers arca,Duane Towne,Mystery,2011,4028612832052
adipiscor voluptatem ustilo,Merle Schmitt-Steuber,Mystery,2007,5150268483061
demergo aurum ager,Dr. Juan Olson,Mystery,1960,6334872930272
ab admitto vulnus,Samuel Osinski,Non-Fiction,1957,2699527867639
conicio fugit confugo,Nicholas Carter,Fantasy,1979,1759346441687
avarus corroboro tendo,Angelica Little,Romance,1994,8965702423794
socius admitto subseco,Dana Bruen,Thriller,1961,0431034895132
vesper somniculosus copia,Clara Weissnat,Mystery,2013,2316182668272
stella ipsam ab,Miss Kristy Altenwerth,Fiction,1999,3720754922120
delicate curis cogito,Ms. Judy Abernathy,Science Fiction,2016,5190294236327
aduro atavus uxor,Irene Ondricka,Fantasy,1984,6672149050318
curso illum spiculum,Yvonne Rippin,Thriller,2024,4757590325001
ago assentator vindico,Irving Hyatt,Fantasy,1987,5781304771186
dens tenus totam,Nicolas Kozey,Mystery,2011,9189488591981
addo aegre inflammatio,Debra Gibson,Non-Fiction,1967,6268381945549
pauper vado vomica,Alfred Collins,Mystery,1991,5580892873914
crudelis autem antepono,Margarita Brekke,Non-Fiction,1985,2611609338696
clementia summisse statua,Gerard Padberg,Fantasy,1965,3553528323882
libero cicuta confugo,Everett Bauch,Romance,1992,0136245618099
decumbo ultra reprehenderit,Jill Fisher,Mystery,1983,9725008063957
aer theologus ciminatio,Sheryl Bartell,Romance,1985,0052298989937
varius amissio cursus,Clark Heaney,Fiction,1995,3246009760172
cresco vestigium canto,Doyle Franecki,Mystery,1957,0083921992301
stips aperte adnuo,Lena Larson,Mystery,1964,8704775324933
supplanto uxor vilitas,Sharon Larkin,Thriller,1954,3963393785918
communis demulceo subito,Lonnie Mayer,Non-Fiction,1963,2675068606295
aperio allatus dignissimos,Dr. Marcella Torphy,Biography,1969,5544240334632
vobis tego facere,Pam Dickens,Romance,2016,0789750360117
aranea alveus ab,Shawna Mayer,Thriller,1989,6299312622390
explicabo sed tenetur,Charlene Cassin,Science Fiction,2012,9812801547486
blandior terror clamo,Jimmy Wolff-Hirthe,Fantasy,2004,6941788280447
acceptus aro tribuo,Peggy Spencer,Romance,1965,5021171380323
ex depopulo pecus,Saul Price,Romance,1959,5334019902235
spiritus vinitor congregatio,Luis Franecki,Fiction,1995,9179850844388
auditor amet correptius,Cesar Collins,Mystery,2016,2267261641341
crudelis tertius administratio,Andrea Denesik,Mystery,1991,0771503976853
alienus stips deporto,Miss Antoinette Hettinger,Mystery,2010,8672504182848
vulgaris taceo copia,Rosemary Reynolds,Fantasy,1992,7613433852639
vomito animi defaeco,Alma Senger,Non-Fiction,1978,5683351641386
solum tempus error,Maureen Kuhic,Mystery,1992,8256147160862
toties supplanto tristis,Peggy Steuber,Science Fiction,1990,4857395032636
adhaero magni impedit,Kristie Streich IV,Thriller,1962,3011344207654
vigilo uxor advoco,Mrs. Arlene Lueilwitz,Romance,1982,8124763989595
cibo tendo vulgo,Penny Heidenreich,Science Fiction,1962,3718240599206
velum administratio dolorum,Andres Jast,Romance,1954,0795936115243
nisi voluptatibus minus,Joann Jast,Romance,1984,2095840013365
carus averto usus,Marjorie Leuschke,Fiction,1974,7495092322543
delibero torrens deinde,Anne Schoen,Thriller,1990,7542023718723
adeo sub cohibeo,Mildred Purdy,Biography,1978,9911221717258
turba vinculum pax,Steven Heidenreich,Romance,1959,5124407551704
tendo ullam caste,Matthew Marquardt,Science Fiction,1974,4608530260048
claudeo tenetur demonstro,Karla Muller,Science Fiction,2011,5801938874743
comburo talio commodo,Tracy Hermann,Biography,1951,3188499284416
corrupti vitiosus ver,Kurt Beahan-Moen,Fiction,1981,6286939831118
spero sumptus vesco,Zachary Hand,Fiction,2002,2006068190154
non facilis tametsi,Misty Wiza,Fantasy,1992,2581700267512
repellendus decretum auxilium,Melinda Grady,Non-Fiction,1994,6424085079117
collum tui adversus,Pete Schumm II,Thriller,2000,6338935809050
necessitatibus ceno decumbo,Edwin Herman,Mystery,2022,8063008799319
bis depromo usque,Walter Upton,Biography,2013,4796237174632
voveo cattus aptus,Mr. Roland Ankunding,Thriller,1984,0230417906384
audeo aqua vomica,Anita Hilpert,Thriller,1982,8021563521173
coerceo earum clarus,Miriam Daniel,Mystery,1997,5646661818971
brevis audio aurum,Guillermo Bauch,Fiction,2019,0248039229242
abduco audentia creo,Russell Auer-Jacobi,Biography,1995,1200158866188
aro caute tredecim,Phil Hoeger,Mystery,2019,8533690906303
vindico ut veritas,Alberto Kozey-Hane,Fantasy,2022,6006603334394
volo cavus tantillus,Terri Jaskolski,Biography,2022,3399904835537
minus cernuus velociter,Warren Mills,Fiction,1956,3039596704271
exercitationem cogo consectetur,Alex Fisher,Biography,1962,4132729342523
voluptas aequus articulus,Evelyn Beahan,Thriller,1963,9275008742581
porro trans audax,Dawn Schiller,Non-Fiction,1962,6604393466382
valeo aestas statua,Ms. Sheryl Fisher MD,Biography,1966,3861710539010
caterva sollers tamdiu,Mary Jerde,Fantasy,1962,3189294376796
soluta voluptate comedo,Guy Franey,Thriller,2003,0633565122819
creptio vestrum solium,Natalie Davis,Fantasy,1995,3248302122256
clamo crudelis sto,Toby Gorczany IV,Fiction,2000,0403403742467
confugo vigilo quo,Madeline Stanton,Non-Fiction,2009,5433780434435
conforto coniecto aegre,Ernesto Wunsch,Science Fiction,2022,7676457938890
crinis id cruentus,Lynda Towne,Biography,1980,2046847829650
correptius uterque harum,Albert Veum,Romance,1979,4496020851783
textor aspicio tripudio,Josh Turner,Non-Fiction,1988,9472065496134
clibanus avaritia alii,Ian Barrows,Romance,2024,7086854313240
vulgivagus patruus cinis,Brandon Rempel,Biography,2000,3387875167478
contra pecus delectatio,Irvin McCullough,Fiction,1980,5043379116683
turpis conitor cognatus,Courtney Heathcote,Mystery,2007,5712349713769
repudiandae aut stillicidium,Emilio Bergnaum DDS,Mystery,2021,6404719580944
deleo illum spes,Sarah Robel,Mystery,2025,7076471834718
toties tamen capto,Amber Wunsch MD,Fiction,1966,5269889448943
depraedor comburo cum,Lindsay Kautzer,Romance,1994,7978924398679
vos depromo cenaculum,Kelley Dare Sr.,Fantasy,2001,6065457298659
sunt volo arceo,Dr. Rex Dare,Non-Fiction,2025,0470135468724
carpo nulla tam,Anne Kerluke,Thriller,1990,7086786859233
quaerat quo sophismata,Mrs. Amanda Schroeder,Mystery,1998,8283149714666
tamisium desolo adulatio,Elbert Kozey,Science Fiction,1998,5222237494889
triduana uxor dapifer,Mr. Lorenzo Rowe,Romance,1951,4352247041183
taceo modi excepturi,Johanna Roob-Krajcik,Science Fiction,1959,6115559744580
vehemens acceptus via,Francisco Nikolaus,Science Fiction,2019,5914274509372
arx vigilo truculenter,Mr. Donald Bashirian,Science Fiction,2009,9753898146523
vinum cubo auxilium,Cameron Hackett,Biography,1962,3769647954775
compello vitiosus adicio,Kelvin Lang,Biography,1995,8835699423814
consequatur nobis abstergo,Jordan Fisher,Thriller,1953,3860043325431
doloribus molestiae subseco,Irma Thompson,Fantasy,1987,5912984839283
audio degenero facilis,Gabriel Hagenes,Romance,2018,9291572468207
compono cura victus,Calvin Cummerata,Mystery,1994,8616143822530
acquiro statim surgo,Angel Kuhn,Fiction,1971,4046768801389
tamen somniculosus vox,Wade Green,Science Fiction,2020,0129711403916
turpis apud ad,Sylvia Kris,Romance,1978,8857750416171
damnatio adinventitias corpus,Maxine Franey IV,Science Fiction,1969,1089267700713
asper alo cogo,Genevieve Kertzmann,Non-Fiction,1955,1709261972281
cognomen sonitus acsi,Blanche VonRueden-Howell,Fantasy,2009,1885736492336
sponte vilis auditor,Alison Willms,Non-Fiction,1955,5539931670240
tenus conitor utrimque,Mr. Clifton Reilly,Science Fiction,1994,2059967764308
audentia acerbitas clam,Opal Koepp,Fiction,1974,7717284168874
uberrime curis accommodo,Nathaniel Brown,Fiction,1952,7130474235126
officia commemoro deduco,Daryl Heidenreich,Fiction,1952,6304274798388
alioqui iste contigo,Gerald Lindgren,Fantasy,2005,8640854582089
cimentarius inventore coruscus,Ronald Pfeffer,Fiction,1957,6872959381893
vicinus aufero tempora,Lorena Reinger,Science Fiction,1982,6371945703526
bos ullus vorago,Gustavo Davis,Fiction,2005,8047590101516
vinum pauci curis,Fred Streich,Science Fiction,1990,2056824215440
vinculum crudelis exercitationem,Orlando Friesen PhD,Fantasy,1999,3954578732849
accommodo aegrotatio averto,Wm Lesch,Fiction,1951,4568594555026
viscus victus dedico,Sonja Stanton,Mystery,2012,6266814269739
decor comparo deripio,Scott Dickinson,Biography,1985,7203442967974
defetiscor ex videlicet,Darla Mraz V,Mystery,2001,5733599973815
verbum laborum utpote,Francis Baumbach,Romance,2004,4660267117277
varius eligendi cruciamentum,Marion Lebsack,Mystery,2010,6103182489915
adhaero theatrum altus,Eleanor Purdy,Mystery,1986,5499876296525
vallum alioqui quis,Sheri Borer-Mann,Biography,1990,9514207351017
aliquam taceo tenetur,Leona Ankunding MD,Fantasy,1991,8556228595313
cogo versus carus,Mr. Eric Bednar MD,Fantasy,1991,6575188331864
versus summisse versus,Felix Blick,Non-Fiction,2010,7174913075060
tibi defetiscor vicinus,Pat Bednar,Non-Fiction,1999,7682991934356
delego decens facilis,Rex Boehm,Biography,1965,6099517171960
corrumpo vinculum certe,Jared Walter,Mystery,1960,7351562549266
cohaero certe comminor,Mrs. Candice Boyle,Science Fiction,1970,7440733482112
decens temperantia suffragium,Geneva Roob,Fantasy,1989,7180834706885
eaque caste nesciunt,Myron Haley,Mystery,1954,7076672045360
assumenda conicio cupiditas,Amelia Gleichner,Non-Fiction,2003,1110175053636
conservo vulpes degero,Lana Walter,Mystery,1953,5534817969365
suadeo circumvenio tantillus,Geoffrey Mante Sr.,Fiction,1974,8500970299607
cum statim convoco,Maria Hegmann,Fiction,1975,4990359006838
velit apud vereor,Tracy Zboncak,Romance,2007,5154375790581
statim asper temperantia,Stephen Nolan,Non-Fiction,2023,0847966741080
vicinus spes tenax,Marcus Spencer,Fiction,1950,7935794988207
thymbra spoliatio villa,Karen Smitham II,Fantasy,2016,6736181859827
supplanto fugiat atrocitas,Hector Kshlerin,Science Fiction,1998,5273639319363
vita uter atavus,Katherine Toy,Science Fiction,2002,9503640036597
cohibeo conatus suffoco,Lucas Stark,Mystery,1975,3912373118766
debitis benevolentia templum,Jonathan Marvin,Non-Fiction,1995,3149651552750
tero voco confido,Joan Huel,Science Fiction,2008,9228319468696
verto provident voluptatem,Mr. Eddie Huels,Thriller,1959,6495604655809
crebro totidem deficio,Lorena Oberbrunner,Thriller,1955,3195404128711
antea modi vulgo,Rufus Jones,Thriller,1975,7567166297486
dolores cauda incidunt,Merle Murazik,Non-Fiction,1986,1275743835111
ancilla cras virga,Ignacio Haag V,Fiction,1991,1117646912436
utrimque amitto usus,Damon Roberts Sr.,Thriller,1970,8166665066731
cado degusto arcus,Eduardo Gibson,Thriller,1985,0367228147192
terga considero toties,Wanda Lesch,Fantasy,2010,3773097102382
vulgus ara dolores,Heidi Veum,Non-Fiction,1983,2957179156742
inventore sodalitas turba,Dr. Sadie Brekke DDS,Fiction,1998,7273182704886
ventosus tabernus beatus,Luis Christiansen-Marks Sr.,Fiction,1995,5204174633357
desolo adsum caput,Janet O'Reilly,Romance,1995,8364180152556
acer deprimo conforto,Celia Bailey,Non-Fiction,1965,7140941001982
ait casus canonicus,Roberta Grimes,Thriller,2008,4119770089081
tabula infit coerceo,Jerry Toy,Biography,2015,1587031652483
crapula neque vix,Joanna Langworth-Hayes,Fiction,2004,1587930701988
tot ademptio acies,Hugo Wiegand,Romance,1984,0687317647407
subnecto celer illum,Rafael Von,Romance,2006,2276144851729
vulariter absque excepturi,Valerie Donnelly,Romance,2010,1243767439345
tyrannus volva vilicus,Doyle Von,Romance,1998,6753991296171
vigilo numquam comprehendo,Jeremiah Parisian IV,Fiction,2002,2806552451152
averto totus terga,Miss Ginger Bradtke,Thriller,2017,8077878600100
ater apparatus accommodo,Donald Doyle,Fantasy,1989,2932088884955
torrens angustus consectetur,Yvette Koss,Thriller,2000,3955376293875
tunc verumtamen creator,Marie Hand DVM,Fiction,1981,7063338545928
textilis tenetur aeger,Rebecca Cartwright,Science Fiction,2013,4785416867573
arceo undique aufero,Amos Grimes,Romance,1973,4269412774256
abundans vinum arca,Percy Gorczany,Biography,2007,5533278878972
averto adfero textus,Mr. Harry Corwin,Mystery,2019,6859830594605
labore talus auctus,Lois Dicki,Thriller,1956,3407027401945
voluptates vir nisi,Kate Murphy DDS,Romance,1966,0734352781426
spoliatio creptio velut,Henrietta Nienow,Science Fiction,1950,8154794247226
adsidue color acidus,Pam Mraz,Science Fiction,1996,2332996529558
deinde hic subseco,Mr. Garry Gutmann,Romance,2009,5753964691515
ultio vito porro,Jessie Goodwin,Romance,2011,7524271188702
valeo absum ciminatio,Jorge Hoeger,Non-Fiction,1996,1720928990574
voluptatum culpo benigne,Reginald Graham,Fantasy,1985,8408926478414
sollicito vulnero terreo,Dr. Luis Frami,Thriller,1982,1002577573709
viridis arca deporto,Dr. Geraldine Beatty,Mystery,1983,4535136256658
amoveo audio vociferor,Miranda Kuhic,Thriller,1967,2829208387399
deripio deserunt nihil,Lois Beahan,Non-Fiction,1987,5368349176189
cohibeo ancilla vallum,Beverly Mann MD,Biography,1968,1807768763298
inventore amplitudo apto,Martha Hahn,Romance,2009,0381993386560
ara vitiosus ater,Jim Dickens IV,Fantasy,2006,8204552533356
texo cavus cubitum,Dr. Elijah Reichert PhD,Mystery,1995,8837070480165
viridis carmen alii,Ryan Willms,Biography,1978,4487204779264
tardus uberrime tandem,Bertha Bins,Non-Fiction,1960,3156342323521
terga denuncio fugit,Morris Batz,Fantasy,1999,9649397586266
ocer causa centum,Rolando Fahey,Fiction,1953,2484907136207
thalassinus denego audeo,Beulah Nitzsche PhD,Mystery,2021,5176581585866
depraedor peior strues,Barbara Feil,Science Fiction,1987,6026244541847
arcesso considero conforto,Tanya Lockman,Mystery,1990,8205171666025
utrum triduana viduo,Jane Marks,Romance,1956,4458399654194
arceo ancilla auxilium,Sylvia Lynch,Fiction,1994,5514468451494
dolorum denego triumphus,Manuel Cormier,Mystery,2004,5166348181042
arbustum creo vox,Dr. Edna Boyle MD,Thriller,1975,0481067123064
subnecto praesentium dolor,Anita Denesik,Fiction,1955,4747815429843
cohaero perferendis ipsum,Janet Little,Fiction,1951,8229900966698
volaticus cruentus volva,Mrs. Krista Barton,Biography,2018,5642994672515
collum subito approbo,Clifford Nitzsche Jr.,Fiction,1961,0076095434276
volubilis utroque laboriosam,Pamela Abshire,Fiction,1958,5163694181010
non carcer combibo,Phyllis Kuphal,Science Fiction,2010,7220554453079
tempora cervus cursus,Daniel Paucek,Fantasy,2011,3560478347776
chirographum spero adduco,Phyllis Nienow,Biography,2023,1350900344148
vociferor beatae canonicus,Darrin Schroeder,Fantasy,2008,5749394716079
traho consuasor adhuc,Bobbie Gutkowski,Science Fiction,1952,4662963011373
suppono tum suppono,Doug Moore DDS,Biography,1984,9813151678101
decor creator titulus,Cassandra Lemke,Fantasy,1989,3927982039042
tricesimus abstergo aperiam,Dr. Joseph Corkery,Fantasy,2013,7954352101609
condico solus casso,Kathy Franecki,Thriller,1963,6709526575420
nulla clarus adsum,Joann Weber,Non-Fiction,2000,6426826070765
vestrum deorsum arma,Elaine Stehr,Thriller,1954,5754401842674
arto atavus voluptas,Anna Barrows,Romance,1983,1975284827629
sumptus corporis civitas,Jamie Batz,Fiction,2013,1347093035445
quod constans sunt,Jaime Wintheiser-Deckow,Thriller,1984,3221396499735
repellendus adstringo caelestis,Juan Okuneva,Biography,2018,5996044500721
ea velut attollo,Lynda Medhurst,Science Fiction,1976,4329247445477
vilicus aperte subiungo,Jill Tromp,Fiction,1960,9786167877072
suffoco stipes solutio,Dennis Yost,Romance,1975,8199301606374
viduo barba traho,Mr. Oscar Kuvalis-Hane,Biography,1955,1636658824238
vox ventus incidunt,Stella Maggio,Mystery,1962,4522762335454
trepide cohaero spoliatio,Glenda McLaughlin,Thriller,2025,7702204627040
vita consequatur ara,Charlotte Hilll,Mystery,2005,3363308702736
patior advoco conatus,Percy Ledner,Science Fiction,1983,7648129735173
molestias audax soluta,Charlie Stark,Fantasy,1955,8418491369466
caveo aestas solus,Eula Roberts,Non-Fiction,1968,6331321874734
confugo compello supplanto,Tasha Moore,Mystery,1957,2097248186435
summopere aegre ventito,Jamie Muller,Thriller,1967,5651692766758
adstringo crudelis solvo,Hugo Frami,Fiction,2007,8991800846117
tenus cras tempus,Colin Kuphal,Fiction,1981,2373168479866
adeptio valens curiositas,Lola Oberbrunner,Thriller,1975,5659236727081
tam catena colligo,Molly Ankunding,Thriller,1996,0793018134864
altus facilis cum,Tyler Kassulke,Non-Fiction,2025,2570554509612
traho conventus numquam,Roberta Zulauf,Fantasy,1968,0254308372538
temperantia decor vivo,Ricky Legros III,Mystery,2018,0665427806904
aduro corroboro solutio,Timmy Wunsch,Non-Fiction,1957,0462362399666
tabula tristis avarus,Vivian Morar,Biography,1951,8088054383989
ustulo truculenter curvo,Hope Tromp,Biography,2021,2657461583244
tantillus vestrum delectus,Alberto Okuneva,Biography,1979,8306081357007
defungo theatrum cariosus,Kenneth Predovic DDS,Fiction,2009,9062908565917
vulgus admoveo iure,Tyrone Wiza,Biography,1957,8604837873063
debitis distinctio viduo,Stacey Abbott,Fantasy,1970,5633384890017
magnam creber confero,Joann Schultz,Romance,2012,9364790108977
comprehendo appello talus,Kim Stark,Biography,2012,4774957639306
solutio velociter earum,Andre Hermann-Hilpert,Fiction,2013,1543108555241
utpote ulterius surgo,Jonathon Heathcote,Biography,1985,9179105699864
validus bibo solvo,Eloise Luettgen-Littel,Romance,1963,5765664231123
decor stabilis degenero,Mr. Erik Beer,Thriller,1954,4354299472175
utrimque abscido testimonium,Marcos Larkin,Fantasy,2024,0882906989540
benevolentia vergo quisquam,Sadie Haley,Fantasy,1978,5142397952335
delicate acceptus ter,Joey Gerhold,Mystery,1999,1890343509366
cupio strues aedificium,Natasha Bruen Jr.,Science Fiction,1962,2511526520257
angustus cedo absens,Dr. Terrence Tromp MD,Thriller,1996,2389802105528
summopere attonbitus vociferor,Tomas Sanford,Mystery,1981,7770321601387
avaritia caelestis vetus,Jimmie Lynch III,Science Fiction,2024,8708954095543
perspiciatis libero adiuvo,Brooke Hilll PhD,Science Fiction,1956,3237416958634
aro tutis canis,Victor Metz,Fiction,1984,8001677106079
adhaero subnecto absque,Kristie Stiedemann Jr.,Thriller,2012,1985471051324
carpo pax calamitas,William Schimmel,Fiction,1951,2193834798506
ipsum tenax versus,Malcolm Greenholt,Romance,1998,2874250000760
subseco tamdiu doloribus,Dr. Stella Heidenreich DDS,Thriller,2024,2490565548859
adfero ultra admoveo,Sherman Wisozk-Kiehn,Fantasy,2003,9272151527981
aeger adfero tergo,Roosevelt Rolfson,Fantasy,1950,6721472844671
corrumpo sustineo stultus,Marcella Heaney IV,Romance,1953,7101598353267
valde strues inflammatio,Bertha Mosciski,Mystery,1974,1771484647447
umquam molestiae atrocitas,Ada Upton Jr.,Romance,1954,0090989431200
fuga labore adamo,Kelli McKenzie,Mystery,2002,6981995121343
demergo bis confido,Joel Jacobi,Romance,1977,0957698616180
quisquam benigne titulus,Delia Keebler-Boehm,Fantasy,1964,2722259590852
tenuis acerbitas censura,Stella Goyette,Thriller,1964,4115012015252
ater avaritia alter,Wesley Abshire,Thriller,1971,2355032526014
totidem abduco degenero,Christie Funk,Science Fiction,2005,0542854303558
clibanus crur magnam,Eileen Hyatt-Tremblay,Non-Fiction,2019,5123488290792
in acies id,Michael Miller MD,Non-Fiction,1986,1584728745500
corpus adficio acerbitas,Dewey Schultz,Romance,1979,1954927782999
vulnus sumptus cohors,Lena Kautzer,Science Fiction,1987,1292284203816
curriculum defungo conturbo,Heidi Waters,Mystery,1961,0568958385776
creator tepidus cruciamentum,Marcus Muller,Fiction,1972,2199541326989
utpote crastinus decipio,Doyle Senger,Thriller,2015,8561479778554
attollo animi vulgus,Pat Pagac,Thriller,2001,0049639799286
careo tepidus patior,Maxine Labadie,Mystery,1978,0391894486400
terra uberrime aestas,Alex Conroy,Fantasy,2010,6978641302398
solvo tubineus tolero,Isabel Goldner,Thriller,1979,6237690356902
utrum ventus tabernus,Mr. Otis Weber,Romance,1997,8515424495449
aedificium turbo admoneo,Toby Pollich,Romance,2024,2591792446704
volubilis verbum anser,Mr. Ronald Bogan PhD,Fantasy,1970,3258599694560
illum statua civis,Mr. Tommy Daugherty,Fiction,1953,9322910442495
adstringo expedita culpa,Sadie Parker,Science Fiction,2020,2522672436092
deprimo aspernatur adfero,Darlene Marks,Thriller,2010,5364895313871
alveus atque ascisco,Ben O'Connell,Thriller,2012,7234672715242
quo suffragium nisi,Lola Gerhold,Fantasy,1957,6025939989212
illo stultus spes,Anne Barrows,Non-Fiction,1975,4600955369757
recusandae arma aestas,Kenneth Keebler,Science Fiction,2024,0972522893214
tersus spectaculum ambulo,June Johnston,Biography,2002,0496541005035
accommodo aliquid contabesco,Hilda Kessler,Mystery,2021,8756029225360
umerus convoco magnam,Lorenzo Cole DDS,Biography,1989,8600150367675
ait tonsor triduana,Garrett Gerhold,Romance,1988,1416598155419
sordeo deleniti solitudo,Earnest Ortiz,Romance,2012,5697509506649
arguo conscendo curso,Saul Shanahan Sr.,Science Fiction,1970,5690919515193
denique vesica combibo,Deanna Walker,Thriller,1965,2430472309524
laudantium sulum allatus,Lucy Boyer,Fantasy,2022,4908773879173
cernuus tum defluo,Carl Bogisich,Romance,1958,0446188330150
absconditus catena ademptio,Juana Cummings,Science Fiction,1996,5246960281100
cupiditas demum demum,Freddie Ferry,Fantasy,1953,4305736598025
compono vitium depraedor,Ignacio Beahan,Mystery,2002,7859197293718
suscipit coepi termes,Kelly Armstrong,Fiction,1977,8335161362422
sol coepi vilis,Jackie Howe,Biography,2021,5693464184795
substantia certe constans,Norman Koss,Biography,1954,9913009440329
pauper audentia ulciscor,Myron Barrows,Fantasy,2020,2331401637027
patruus celo non,Mrs. Kate Senger,Biography,2001,9796339111664
considero vesco auctus,Nicolas Mueller,Biography,2018,0159940757527
terror vomito claustrum,Lee Marks,Fiction,2015,2398369401088
tempus vita beneficium,Ashley Gutkowski,Biography,1992,6880124107610
porro thymum vorago,Jorge Herman II,Non-Fiction,1975,2254519973451
sophismata vesper bestia,Miss Christy Lowe,Thriller,1996,9919310508528
nisi dedico repellendus,Yvonne Fadel,Thriller,2002,2983900121676
vestrum tui eos,Darrin Glover,Mystery,1985,3747707565260
tempora usque taedium,Eloise Goldner,Science Fiction,1961,2385471491075
demergo catena dolore,Ms. Kathy Lowe,Fiction,1961,9515068449210
altus bellum spoliatio,Regina Towne,Biography,2025,3306420186054
sunt assumenda attero,Tonya Wolf,Non-Fiction,1994,9795885665925
colligo celo vomer,Levi Morar-Shields,Romance,1964,8829374298014
porro speculum vere,Ella White,Romance,1994,0094080410205
aestivus thalassinus comptus,Terrell Zieme,Mystery,1995,0979907518588
altus cibo summa,Jonathon Botsford,Biography,1959,6693162620724
adhaero admiratio unus,Bill Reynolds II,Thriller,1984,2657732923511
ventus cubicularis consequuntur,Duane McDermott,Thriller,1986,6748212649244
audeo acervus stillicidium,Claire Sawayn,Fiction,1958,8884337919745
confugo atque sollers,Craig West,Non-Fiction,2002,5423078308419
terreo ulciscor cornu,Billie Gutkowski,Romance,2004,4452327128595
viriliter catena amplitudo,Juana Schaden,Biography,1973,4612344068775
similique incidunt facilis,Brandi Leuschke,Fiction,1961,1850711709106
tepidus armarium caterva,Agnes Wiza,Thriller,2006,7952064463699
infit impedit aveho,Ruby Ruecker V,Fantasy,2001,0581412183777
odio carus umbra,Arnold Christiansen,Fiction,1988,6605949318623
quas debitis illum,Miss Sophie Brown,Romance,1963,4965970371865
cohors amplexus nostrum,Mr. Dale Kihn,Non-Fiction,2001,1430318669551
tribuo adeo fuga,Craig Klocko,Fiction,1951,7931798509513
collum demergo cibus,Ada McGlynn-Borer,Non-Fiction,1961,8395307871003
arto tempus solitudo,Benny Marquardt,Romance,1997,5448648035566
apparatus earum creo,Tim Stark,Fiction,1974,6703323727849
accedo terreo ter,Wade Miller,Science Fiction,1974,0391310108448
aurum vinum decor,Ramon Braun,Science Fiction,2025,1756760105308
voluptas certus vito,Mr. Robin Okuneva,Science Fiction,1982,4509711586107
nam curiositas abduco,Andre Littel,Fiction,1963,4226695979578
baiulus vulariter valetudo,Bill Mitchell,Romance,1975,8705290031580
colligo alo video,Carl Howe,Fantasy,2013,2928228199407
villa tres deporto,Scott Bernier,Mystery,1970,5487121344722
delego curia ante,Rita Baumbach,Mystery,1956,4584902609458
acceptus cimentarius ipsum,Allan Ondricka,Fantasy,1976,5924143898446
supplanto dolores cupiditate,Ebony Kuhic-Hegmann,Fiction,2009,3980928410841
comminor ambulo cur,Kirk Price,Thriller,1979,6926134253413
tamdiu umquam voluptate,Mindy Dickens,Non-Fiction,1958,3054296709617
magni cribro tantillus,Theodore Tromp,Fantasy,1953,1281578107552
sublime degenero tredecim,Mr. Omar Leffler,Thriller,2009,5649764446894
aufero texo terminatio,Priscilla Kautzer,Romance,1989,3655692436599
villa maiores aperio,Clinton Harris,Fantasy,1966,0342455009339
solus vallum velut,Frederick Ryan,Non-Fiction,1960,7103792785670
turba corrumpo causa,Mr. Benjamin Russel,Science Fiction,2004,2652141412166
vociferor ventus cursus,Van Schultz DVM,Romance,1989,3274790737459
apostolus aliqua cunae,Flora Bins-Ward,Fantasy,1992,9793974084171
baiulus via catena,Earnest Witting,Non-Fiction,2003,6774170313175
colo cilicium illo,Dr. Carolyn Beatty II,Fiction,1953,1815644612442
vociferor congregatio cuppedia,Manuel Kertzmann,Non-Fiction,2022,4160904652595
apparatus ultio censura,Chelsea Mills,Non-Fiction,1954,0932930577746
rerum aptus apparatus,Ernesto Hayes,Thriller,1957,7005180681466
vir amitto callide,Ian Anderson,Non-Fiction,1979,3178884084051
placeat conqueror velut,Krista Howell,Thriller,1986,2003339453309
complectus canto aperiam,Jordan Huels,Mystery,1968,1708672149939
voluptates claudeo bis,Annette Marvin,Non-Fiction,1979,6718619807590
comparo crinis pel,John Hand,Romance,2018,9110076166277
venustas suasoria debitis,Virgil Heidenreich,Mystery,1977,1365553333165
trepide video cornu,Linda Sauer,Fiction,1992,2060883561717
desidero urbs hic,Angelica Kautzer V,Romance,1957,0000506355839
aranea desino aegre,Ellen Weimann,Science Fiction,2015,0157307921916
excepturi defero campana,Guadalupe Weissnat,Science Fiction,1996,3888990402574
aurum necessitatibus blanditiis,Mrs. Dixie Tremblay,Fantasy,1986,2059501990916
vilicus ullam substantia,Adrienne DuBuque,Fantasy,2019,4519305665915
odit tredecim crur,William Dickens,Fiction,1999,8390013611097
vinitor unde vehemens,Lowell Cronin,Mystery,1965,9689675256176
impedit subseco aspernatur,Bert Auer IV,Romance,1963,3995120123794
officiis sodalitas celer,Lawrence Altenwerth,Thriller,2015,1971773451737
pecto audax voluptate,Leslie Bechtelar MD,Science Fiction,1968,2704883967326
coniuratio vulpes verto,Olive Mueller,Fantasy,1984,1335052696677
comes molestiae bene,Herbert Larkin,Mystery,1998,4027793808462
capitulus illum spero,Myrtle Bernier PhD,Non-Fiction,1988,0584606920748
degenero comptus assumenda,Kathleen Carroll,Biography,2001,7923412472777
suffoco vinitor excepturi,Homer Osinski,Non-Fiction,1952,5712358547328
decimus advoco dignissimos,Darin White,Fiction,1950,8617476718950
mollitia traho tamen,Rick Davis,Science Fiction,2001,1574843408569
aureus vereor aliquid,Molly Herman-Goodwin MD,Mystery,2001,6282321384816
ocer adicio thymbra,Darrell Towne,Romance,1971,0124925468944
caterva cruentus cena,Israel Bosco,Non-Fiction,1954,3057970546004
corona decimus sol,Phyllis Borer,Romance,2011,2021489732884
corona tergum tenuis,Dr. Taylor Schaefer,Mystery,1974,6560173480630
culpo adipiscor cernuus,Al Jast,Non-Fiction,2002,1247124463665
textor accusantium acsi,Dr. Courtney Harris,Romance,1966,3137994930508
tristis audacia cedo,Beatrice Barton,Mystery,2022,1133714948419
crudelis beatae antea,Dr. Marie Schimmel,Science Fiction,2015,2083598440613
thermae conitor turba,Bethany Runte,Fantasy,1956,4281710489076
corona sonitus convoco,Lynette Carroll V,Mystery,1951,4024644255098
amoveo benigne civitas,Alfred Windler MD,Science Fiction,1953,1457761064624
dolores adsidue acidus,Rex Cummerata,Thriller,1963,5776134203342
suus adnuo labore,Nellie Lakin,Biography,1952,8836633115276
occaecati cuppedia conitor,Mrs. Laura Bechtelar,Science Fiction,1958,6723242619586
ambitus sodalitas defetiscor,Randolph Schuppe,Science Fiction,1952,6334780386955
demonstro itaque succurro,Mr. Terence Predovic,Science Fiction,1974,4992122975855
teneo vita volubilis,Willie Block,Non-Fiction,2014,9297581715359
deleo supplanto depromo,Candice Ortiz,Non-Fiction,1968,3878410900546
vespillo curto despecto,Lois Greenholt I,Fiction,1951,4451614905269
tenetur usque patruus,Jorge Haag,Romance,1967,8837860733744
ullam aetas ubi,Shelia Kirlin,Mystery,2002,3211373130687
cunctatio tempore pel,Sabrina Mohr,Romance,2015,8902646867713
appello caste conventus,Ricardo Daniel,Romance,1982,9872329665688
trucido admoneo tubineus,Lora Schmeler,Romance,1967,2343625922789
amet consequatur textilis,Warren Kohler,Fiction,1998,9565428374493
universe odit vinculum,Claudia Beahan,Fantasy,2013,0582313251558
cometes blanditiis reiciendis,Sonia Kuvalis,Fantasy,1967,0840731061408
nisi accusator carcer,Kelley Runte,Fiction,2019,8867507800138
vesco bene bene,Rosemarie Wolf,Non-Fiction,2008,9736494425030
vindico decretum theca,Roland Koelpin,Non-Fiction,1994,5674641396546
viriliter quam vulgus,Lawrence DuBuque,Mystery,1983,9324145728637
corporis sumptus calcar,Miss Doreen Smith,Fiction,1962,1822856735170
conitor aestivus conatus,Bobby Kohler,Fiction,1997,2320636984203
umbra cerno ago,Dianne Fadel,Non-Fiction,2002,5042728160495
arcesso creta adnuo,Della Jacobs,Romance,2014,7577022772557
umerus quod cupio,Douglas Reinger,Mystery,2015,2289882732798
alter suscipio eaque,Ann Rutherford-Bartell,Fantasy,2023,7449646453580
veritas beatae vobis,Jim Schamberger,Romance,1999,0542484167131
amplexus appello cum,Jerome Rodriguez,Science Fiction,1966,1932147222220
deduco tumultus ipsum,Eva Kshlerin,Non-Fiction,1957,4454433623885
tenus esse tendo,Chris Thiel Jr.,Mystery,2017,7732477608071
desolo odit adsidue,Elaine Mraz,Biography,1954,8348714767722
contego adhuc sol,Donnie Walter,Fantasy,1951,4474583198738
condico spero damnatio,Ms. Flora Johns,Thriller,2008,0087351394661
quis cultellus adaugeo,Tony Trantow DVM,Mystery,1950,7049761702491
casso verecundia textilis,Darryl Crist,Thriller,2014,7732245997971
perspiciatis aperiam armarium,Vanessa Lind,Non-Fiction,1979,6375628465715
teres nulla statim,Gloria Sanford,Mystery,2005,0159572963132
temeritas ulciscor rerum,Terence Bins,Romance,1974,6158612851705
vilitas temeritas eligendi,Frederick Feil,Romance,2006,7801985927323
calamitas et nihil,Sophia Schmidt,Romance,1999,6545138590753
copia deleo demitto,Lyle Hand,Fiction,1960,8887991844270
terreo cupressus concido,Leonard Waelchi,Mystery,1973,4078931125857
adhaero congregatio amita,Sheldon Tromp,Thriller,1951,0626000292139
communis vergo testimonium,Rodney Klein III,Biography,1968,4166996401048
deripio ambulo ad,Sylvia Kuhlman,Romance,1965,1291098404238
iure eligendi decumbo,Mary Anderson III,Fiction,1959,5654665443156
ademptio admitto subito,Robyn Raynor,Thriller,1987,3961281008982
ulciscor dolores carus,Rogelio Beahan,Mystery,2000,8270379506415
delicate casus tondeo,Paula Greenfelder,Mystery,1999,0209158841884
ulterius eligendi arca,Marjorie Heaney,Non-Fiction,1964,8296348892226
alo coaegresco bestia,Eunice Schamberger PhD,Science Fiction,2000,4144580538311
aro tempus vito,Regina Kunze,Fiction,1950,7987875568012
amor summisse maxime,Kate Daniel,Thriller,1961,2022497680109
adeo congregatio caritas,Antonia Bruen,Science Fiction,2009,0995773930752
baiulus trepide adulescens,Sherry Bednar,Science Fiction,2001,7111176117296
colo validus caries,Dr. Melvin Wisoky,Thriller,1961,8214053847701
suus spoliatio caelum,Geoffrey Gislason,Mystery,1952,0215116533521
tonsor terminatio turba,Donald Okuneva,Non-Fiction,1992,0023516666965
iste stultus tristis,Myrtle Kihn,Fantasy,2004,7507123727145
soluta cubicularis arto,Martin Gislason,Fantasy,1950,5363483518698
tabgo amissio confugo,Christina Considine,Fantasy,2025,3546015510692
appositus tantillus tracto,Billie Ward,Science Fiction,1989,3735768420764
armarium creber vox,Joyce Macejkovic DVM,Non-Fiction,1960,7771076391382
quae excepturi statim,Clara Kohler Sr.,Non-Fiction,1955,1888463210616
sonitus aperte thorax,Hannah Spinka,Non-Fiction,1962,2050917825266
totus quis acidus,Ronnie Lebsack,Mystery,2001,1302926754437
cilicium conitor minima,Joe Bruen,Fiction,1967,6668595394968
virga vobis altus,Boyd Yost,Fantasy,2013,8238173324009
apparatus curvo theatrum,Mindy O'Conner,Thriller,2018,3928617180279
certus trepide victus,Yvette Mohr,Biography,1999,0840519394446
depraedor adhaero praesentium,Shawna Pfeffer,Non-Fiction,2025,1540430287334
absens vulariter tardus,Miss Jessica White,Mystery,1953,7506428592899
quis vacuus verumtamen,Aubrey Kiehn-Gleason,Thriller,2008,4137497179616
uberrime alias soleo,Heidi Wehner,Thriller,1997,0131384969357
soleo aeternus conduco,Ronnie Rogahn II,Fiction,1955,5408311183159
condico fuga vox,Matthew Roob,Non-Fiction,1995,9397343089633
apparatus vesco angelus,Joey Cummings,Romance,1982,7378850990052
summisse canis antiquus,Mrs. Eleanor Shields,Non-Fiction,2014,9138274590334
appono voluptatem venia,Marion Gislason II,Romance,2005,3344742297774
voluptatem voluntarius deleo,Dean Kreiger,Non-Fiction,2008,5279367475767
abutor tantum pecco,Marlon Kohler,Mystery,1957,7386987152541
pecus eum carcer,Lamar McKenzie,Fantasy,1990,4571921803559
candidus sol torrens,Dewey Heidenreich,Fiction,2018,1796544024626
aegrotatio tremo delinquo,Travis Hansen,Fiction,1987,9286246658214
ullus atavus vere,Rudolph Aufderhar DVM,Science Fiction,2019,7314021709431
vindico copiose totus,Robyn Ritchie,Fiction,1998,5650460639128
vomer deserunt certe,Lucy D'Amore,Thriller,2012,7393535197185
bonus tamisium sumptus,Jill Gerhold,Fantasy,1994,6022662743931
tabula aestus avarus,Rhonda Lubowitz,Thriller,2009,1731055492060
defleo ad quo,Zachary Witting,Fantasy,1998,2832933639935
amiculum quam beneficium,Renee Keebler,Non-Fiction,1990,5091924477233
depereo peccatus earum,Stacey Spencer,Biography,1985,8872096746854
possimus nesciunt defetiscor,Jordan Daniel,Fiction,1973,8952259002095
vulariter turbo facere,Shari Tremblay-Kertzmann,Biography,1969,3790236903949
ex quam eum,Jody Williamson-Torphy,Fiction,1952,1612519614380
terror allatus adopto,Jacob Leuschke Jr.,Fantasy,1994,6660572276193
vinculum apud absorbeo,Nicholas Howe-Monahan,Fantasy,2024,9573890562858
creptio taedium coniecto,Marian Nitzsche,Science Fiction,1963,1148582059171
speciosus sub tergo,Vicky Waelchi Sr.,Science Fiction,2011,7712876466626
iusto audeo dolorem,Sylvia Pouros,Romance,1972,5417316272574
tunc certe saepe,Ramiro King,Thriller,1955,1045851484071
coerceo repellendus solus,Gilberto Nikolaus MD,Fiction,2017,9315592406520
tertius tantillus barba,Maggie Hagenes,Fiction,2001,3037384393394
saepe uxor alius,Rodolfo Kreiger,Mystery,2007,8397109403877
amplexus tamen ustilo,Jennie Wiza,Biography,1997,8363022744300
arma aduro comparo,Meredith Weissnat,Biography,1962,2716450598845
sustineo denuo tabella,Darren Sporer,Fantasy,2019,3946058187675
dolor vulpes cubo,Ms. Kristie Nolan,Romance,1983,5925759197520
cupiditate patria conculco,Dr. Ronald Purdy,Mystery,1975,7216105005361
subvenio adsum summa,Salvador Langosh,Fantasy,1966,6738160008362
possimus vobis conturbo,Allan Hudson,Mystery,1976,1860156512783
spiculum urbanus avarus,Jay Mann,Fiction,1951,5044410170483
vigor dolor tempora,Ms. Peggy Schneider,Science Fiction,1979,3414603631145
confido vos clibanus,Carolyn Kiehn,Non-Fiction,2019,4022748447537
modi despecto uterque,Bonnie Lynch,Biography,2024,1304698936635
caput vapulus amplexus,Aaron Greenfelder,Biography,1954,7924710669120
tres vivo arto,Suzanne Goodwin,Fiction,1995,5045103610341
auctor arma tepidus,Wilma Marvin,Mystery,2008,6017214804514
occaecati vallum non,Ramona Kihn,Romance,2010,6052563500410
videlicet vado ambulo,Marshall Schmeler,Science Fiction,1961,9320574645649
architecto aperiam eveniet,James Konopelski,Romance,2002,6425443416339
subseco uberrime crustulum,Ken Hoppe,Thriller,1989,8242306873423
alveus cotidie viridis,Phil Kshlerin Jr.,Non-Fiction,1999,5613818122758
voluptatibus atqui venustas,Wayne Roob,Biography,1980,8215350554544
solitudo voluptatum verus,Allen Mante,Non-Fiction,1995,5407003358452
degusto sed spargo,Helen DuBuque,Romance,2005,6998107643054
sulum nostrum alias,Dr. Kristine Maggio,Thriller,2005,2123040600194
xiphias deduco amitto,Mark Johnston,Science Fiction,1951,2799498583359
adsuesco aufero laudantium,Cedric Dooley,Non-Fiction,1950,1868315910011
ipsum pauper ancilla,Joanne Schoen,Mystery,2010,2874435733990
ante conservo aeger,Janis Bradtke,Thriller,1998,4057847455068
adsum tertius xiphias,Carole Bernier-Ritchie,Biography,1999,1178067352344
titulus tepidus super,Wanda Weissnat,Fiction,2015,0815797529791
summa sub impedit,Shirley Blanda,Non-Fiction,2006,3116574177520
distinctio candidus dolor,Tami Steuber,Romance,1988,4434833007170
ustilo ascisco sollers,Hattie Bartell,Romance,1995,0359946136778
vitium calculus cognomen,Dr. Grady Hammes,Fantasy,2017,8574585747343
solium cognatus timidus,Matt Gulgowski,Fantasy,2011,5577389647625
dolor subnecto cerno,Jody Dach,Science Fiction,1958,9600292384825
strues tot turba,Raymond Prohaska,Thriller,2005,3818636404795
sponte abundans utrum,Guy Pouros,Thriller,1974,4106704131131
unus angulus sublime,Albert Connelly,Science Fiction,1975,4838350324958
titulus arguo vinculum,Carrie Schmeler,Non-Fiction,1999,6235383688648
itaque viscus creta,Dr. Austin King,Science Fiction,1987,1465168195368
aut dolorum nesciunt,Elmer Thompson,Fantasy,1989,2883596835887
atqui cupiditate harum,Earnest Stracke,Romance,1991,1606322273709
depromo adstringo tenetur,Walter Gorczany,Romance,2024,9217913887740
quo amo temptatio,Christine Ryan,Romance,1985,0341204289366
velut voveo xiphias,Derrick Watsica,Biography,2020,2729001232003
admoveo cupressus admoneo,Thelma Bernhard,Thriller,1971,2508971066214
aestas depromo vos,Randal Volkman,Romance,1968,2585303579809
calamitas calco ubi,Kelvin Lueilwitz,Romance,1975,9089498337454
decet repudiandae arbustum,Adrienne Hegmann,Thriller,2007,3417396756223
laboriosam cometes demergo,Alexis Johnston,Romance,2025,3420562774614
addo canis sunt,Homer Jacobs,Mystery,1963,6669514476312
pel terebro cariosus,Ethel Johnston,Romance,1988,3812343345300
desolo vulgo casus,Mr. Willie Johnston,Science Fiction,1960,3707605688016
vulgivagus ipsam architecto,Ryan Sanford,Thriller,1966,0405464108551
dolorem sopor quidem,Troy Mante,Mystery,2001,9583171143029
cursim ipsam contra,Todd Bins,Thriller,1990,3256079627899
accusator brevis subseco,June Lubowitz,Science Fiction,1981,3877412237506
crastinus aeger sit,Lila McDermott,Non-Fiction,1955,3057707795912
spectaculum alias carus,Julie Harris-Weissnat,Romance,1978,2789622349105
depopulo cupressus cubo,Raquel Mitchell,Romance,2007,3762386329464
claro vester clibanus,Kelly O'Connell,Mystery,2003,0475663337037
bos tricesimus viduo,Rosa Zulauf V,Fiction,1987,1149242000323
consequatur carus adipiscor,Emma O'Kon,Science Fiction,1995,2215804658603
thermae suffoco labore,Nathan Homenick-Steuber,Mystery,1961,5308323775732
villa sulum conspergo,Brett Blanda,Biography,1969,9707418565476
adsidue asper curriculum,Darren Runte II,Fantasy,1983,2562331498369
tracto virgo sum,Tabitha Crona,Fiction,1986,7932449737616
arx testimonium a,Betty Kris,Fantasy,1963,0343177363859
calco sollers admoveo,Boyd Cassin,Fantasy,2013,9282787391105
antea sub custodia,Eunice Prosacco,Thriller,1955,2534536741685
ipsum minima sollicito,Willie Powlowski,Science Fiction,2018,9883129993680
summa tardus spargo,Ernestine Dickens,Thriller,1972,5146564088072
degenero compello velociter,Marta Boyle,Non-Fiction,2017,0424860313332
appositus texo vesco,Julie Luettgen,Biography,1997,8366311762992
copiose appello reiciendis,Jacquelyn Johns,Fiction,1982,7892102402860
tendo adflicto capillus,Salvatore Davis-Fadel DVM,Thriller,2017,8614943905617
patior contra culpa,Cindy Daniel,Science Fiction,2007,3558624933856
censura aptus acsi,Byron O'Conner,Biography,1975,2181246662521
nihil coaegresco theologus,Jeffrey Koepp,Fiction,1972,7213595607426
claustrum crapula spargo,Bobby Langworth,Biography,1967,9334497324801
timidus dens soleo,Laurence Johnston,Science Fiction,2024,1672701393709
deleo tametsi depereo,Kara Little,Non-Fiction,1986,5143190391241
sol auctor condico,Mr. Shane Kovacek,Biography,1956,9930369983484
armarium stips accendo,Fredrick Little,Non-Fiction,2010,6567492548110
quod peccatus copia,Alejandro Purdy V,Fantasy,2019,8324551849407
aranea peccatus velut,Sherri Bruen DVM,Biography,1998,0657711982239
vinculum auctus coerceo,Shari Effertz,Non-Fiction,1971,2692839435680
molestias alter denique,Paula Fadel,Mystery,2009,6230926052774
contabesco crinis terebro,Merle Konopelski,Romance,1981,4066945723734
velut ipsum annus,Bryan Conroy Sr.,Fantasy,1960,3668320368773
labore texo demens,Ramona Schmeler,Thriller,2025,6490684850980
amo excepturi cito,Lana Bergnaum PhD,Non-Fiction,2016,6664442454792
tonsor comburo crepusculum,Mrs. Yolanda Wilderman,Science Fiction,1977,1562734424836
minus volo tunc,Kyle Skiles,Mystery,1997,6178167151869
arguo clam coerceo,Bradford Kling,Romance,1955,6681845371318
correptius tempus voluptas,Silvia Rau,Science Fiction,2015,1517390134775
varius defluo defero,Alexander Ondricka,Romance,1960,6249204642627
solvo adhaero turbo,Shelley Erdman-Kuhn,Science Fiction,1990,0065255299674
congregatio sunt appono,Angelica Kilback DVM,Biography,2003,2805211544565
cumque desidero caecus,Dr. Kelli Wilderman,Biography,1961,1692025160540
cinis color cervus,June Lind,Fantasy,1956,3298246909674
quia verbum solvo,Essie Brekke,Biography,1976,1710232843155
minima desparatus vulgo,Jan Koch DDS,Science Fiction,1954,5895303309807
tutis ademptio debilito,Oliver Hermann I,Thriller,1980,8847290152342
varietas asperiores thesaurus,Sherri Renner,Romance,1952,5578111221973
decumbo valde ascisco,Inez Bradtke,Fiction,2013,7515061307371
curatio voluptate modi,Kim Grady,Science Fiction,1989,8053284731790
tibi vulgo verto,Felipe Hegmann-Lesch DVM,Thriller,1993,0944013741295
tergeo cupressus timor,Karl Mante,Science Fiction,1977,3786121220890
tego deduco sortitus,Miss Michelle Bins,Science Fiction,1977,3321086689660
quasi conor aegrotatio,Jake Langosh,Thriller,1993,4364754747244
uterque laudantium hic,Carla Kozey,Non-Fiction,1981,6602724453452
defendo spectaculum cinis,Jeremiah Ward,Non-Fiction,2012,0437581154221
casus apto adflicto,Milton Harris,Fantasy,2010,6487317680130
ara cum distinctio,Kelvin Franecki,Biography,2009,5270720099144
peior adeo concido,Connie Lynch,Mystery,1979,8010313739793
brevis conduco tutis,Michelle Durgan III,Romance,1971,2487423138646
molestias villa corrupti,Sophia Kreiger,Romance,1993,3508249243836
caput aegre varius,Michael Nikolaus,Fiction,1987,4078037139326
vergo beatus decipio,Timothy Kuhn,Science Fiction,2019,3582554119732
succedo possimus defluo,Dr. Dwight Cormier,Mystery,1956,7767316907634
umquam expedita vilis,Conrad Gutmann,Fiction,2004,5094804836055
ventus ventosus cupio,Madeline Wolf,Fantasy,2006,7762721837639
amiculum cum circumvenio,Estelle Ortiz,Romance,2017,5995554578122
colo aggero dolore,Joe Graham,Thriller,1972,1987821912524
cribro eum vigor,Miss Monique Wyman,Fantasy,1980,4691252230053
unus utilis abscido,Rickey Leuschke,Science Fiction,2004,5042163788902
ascit vomica ipsum,Alejandro Windler,Romance,2024,6214199690667
cunae tribuo curto,Jodi Fisher,Biography,2004,1532117364973
canis volo supra,Ramon Brown,Fantasy,1978,0418621918595
universe quo tamquam,Lois Weissnat,Fiction,1983,7876867406975
deserunt eos laudantium,Alonzo Huel,Romance,1991,8471587048962
balbus vinitor non,Lindsey Hayes,Thriller,1973,5372866894610
congregatio beneficium despecto,Jay Bernhard,Non-Fiction,2004,8993261319338
caterva copia cicuta,May Gibson,Science Fiction,1982,5393332218808
considero cauda aequus,Susie Hickle,Thriller,1988,6097798232216
vinco eum appositus,Grady Wyman,Fantasy,1969,6360299235131
unde strues titulus,Jo Cassin,Thriller,2023,8289161343427
aureus aspicio cupio,Homer Harvey,Thriller,1987,0158180439155
caterva capto crur,Andres Hickle,Science Fiction,2001,2726519988126
recusandae avarus sono,Mr. Damon Lynch-Halvorson,Mystery,1997,4935161721028
patruus nam tutis,Ernest Welch,Non-Fiction,1985,6864158317892
aestas vetus illum,Courtney Bosco,Fiction,1998,7779935014205
tonsor convoco corporis,Jimmie Lockman-Deckow,Romance,1991,7091181082375
agnosco cernuus itaque,Jonathan Moore,Fantasy,1956,1653509067006
suggero trado qui,Alberta Schmitt,Fantasy,1980,4454192756362
voluptate adulescens deserunt,Archie Miller,Science Fiction,1963,4416112919757
adicio cumque adduco,Sharon Mueller,Mystery,1958,5634788266815
volaticus cohaero truculenter,Lucy Trantow,Fantasy,1994,4607968149745
defero cena expedita,Wade Wintheiser PhD,Non-Fiction,1952,9318855013357
cumque sint arx,Krista Casper-Daniel,Romance,1993,3781564524584
curis quas vere,Ellis Leuschke,Fantasy,2019,2659357978406
spiculum statim aeneus,Bradford Schaefer,Science Fiction,1960,9458648743952
claudeo thema strenuus,Jennie Hudson,Fiction,1967,1382858246422
a vitae tibi,Orville Kihn,Biography,1963,7811292034899
adhuc accommodo tempus,Ervin Rempel,Romance,1986,0231184335098
coruscus adfero tunc,Shane Tromp,Romance,2001,0563410160870
viridis a tantum,Roger Jacobson,Thriller,2020,3300699077748
auditor tenax vesica,Willis Strosin,Mystery,1983,0571582238368
toties tam maxime,Geraldine Schroeder,Mystery,2014,3371708130779
somnus stabilis iure,Lamar Pacocha,Fiction,2023,0980502590159
a verumtamen statua,Tomas Wuckert Sr.,Romance,1971,9744816373887
animadverto infit currus,Gina Brakus,Fantasy,1960,0718981178702
deserunt enim collum,Ernesto Pfeffer,Science Fiction,1971,5248810817625
vaco vere arcesso,Irvin Carter,Non-Fiction,1975,0356262523267
cattus corrigo pecus,Ken Pfeffer,Science Fiction,1950,8209715122909
totidem demitto desparatus,Wilson Cummerata,Romance,1971,8998993311526
admoveo aeneus attero,Alexander Torphy,Romance,1973,5496065586729
aperiam averto cauda,Salvatore Larkin,Fantasy,1950,3988452214611
textus voluptatem avarus,Penny Franey,Mystery,2021,6956725613232
ratione tibi cunctatio,Dr. Toby Tremblay,Science Fiction,1962,1362612783746
valetudo video sonitus,Bruce Zulauf-Abshire,Fiction,1987,1291507701259
angelus vergo appono,Mr. Irvin McCullough,Thriller,1991,9909418446246
vomica virtus adflicto,Jeannie Hayes,Romance,1993,6734677678432
votum antea confugo,Adrian Hoeger,Thriller,1956,2526947870843
convoco molestiae denego,Owen Effertz,Fantasy,1988,9695859873893
commodi tactus terror,Kim McGlynn,Non-Fiction,1959,0433132457243
consectetur derideo caritas,Tina Harvey,Fiction,1972,4284982610138
calculus abduco sophismata,Ian Gleason,Biography,2003,8751838633271
ventosus traho consectetur,Lauren Lindgren,Mystery,1953,8192386063594
carcer ocer unus,Brad Hahn PhD,Fantasy,1956,2509346433000
esse aptus tergiversatio,Bernice Bartoletti II,Romance,1955,1780832601969
thymum eaque velut,Percy Nikolaus-Anderson,Thriller,1994,3733787851870
est accusator explicabo,Dr. Tasha Leffler,Science Fiction,1969,8941463557472
sunt deprecator derideo,Miss Lee Will I,Fantasy,1963,9940445759156
cur nostrum aggero,Ms. Velma Williamson,Fiction,2019,5136998120832
curto vivo alter,Willie Jones,Romance,2016,7289303694668
solvo asporto carmen,Dr. Paulette McKenzie,Thriller,2011,9650804002037
spero vacuus tristis,Tomas Muller-Nicolas Sr.,Mystery,1969,2469851457870
sopor caelum velit,Boyd Prosacco,Fiction,1979,0504039115211
deorsum apud depono,Kendra Nitzsche,Biography,1967,3958126765607
causa aveho cruciamentum,Willard Jacobs,Science Fiction,1992,6692159473773
officiis suscipio vel,Timothy Kunde Jr.,Thriller,1997,9620893123258
statua tamen calamitas,Chad Veum,Fiction,1953,7141750531120
carmen architecto solum,Johnny Schmeler,Fiction,1974,2855763653743
astrum via acervus,Ted Kshlerin,Fiction,1958,8012994275491
adficio uredo victus,Jim Mayert,Fiction,2016,7724420588755
cervus caste possimus,Corey Hyatt,Mystery,1954,2028577200457
tremo caritas constans,Ted Rice-Maggio,Non-Fiction,1974,5371956503553
crux umbra avaritia,Della Larkin,Thriller,1990,4270983152560
tamdiu valetudo verus,Jerome Ankunding,Romance,1987,6520524232731
attonbitus corpus benigne,Margaret Stiedemann,Thriller,1952,2167552102286
validus subseco supellex,Darrin Stoltenberg,Fiction,1962,4906790582807
nihil dolores adhuc,Mr. Geoffrey Medhurst,Non-Fiction,2025,0314975566095
vulnero laboriosam cavus,Kara Brakus,Biography,1951,2273553716746
avarus carmen dolor,Eva Thiel,Romance,1983,8203217546670
denuncio hic agnosco,Brenda Turner,Non-Fiction,1955,6942464798417
dedecor tenus dapifer,Mr. Mack Abernathy,Biography,1968,6714973376400
ventito vorax adsuesco,Tracy Connelly,Romance,2005,8256395334884
calculus dolor desparatus,Cesar Nitzsche,Fantasy,2000,4159107415344
dolor thymum carus,Diane Kautzer,Biography,1963,6448424073208
audio demonstro quae,Shawna Hoeger,Non-Fiction,1956,5461220678388
dedico canonicus admoneo,Philip Goldner,Non-Fiction,1989,4735706564605
calculus crepusculum cum,Carrie Dicki,Science Fiction,1976,8542321105022
atrox cena sursum,Francis Kuphal,Fantasy,1983,3583658954727
supellex voluptatibus cenaculum,Dr. Tomas Farrell,Romance,2008,0723352907061
utilis demonstro creo,Bridget Lehner,Thriller,1954,4541930307698
deinde thesaurus solvo,Mrs. Cecilia Bashirian,Romance,2025,4564494777844
deleniti corona votum,Janice Beer,Romance,1971,0897860421914
amita sordeo aer,Ricardo Wiza,Non-Fiction,1976,2736965586440
vigilo currus odit,Bennie O'Reilly,Fantasy,1974,6015709711311
concedo teneo sapiente,Nora White,Non-Fiction,2002,1012800966602
stella correptius cimentarius,Phyllis Keeling,Biography,1964,7948162891708
volo ipsum spiritus,Leah Kassulke,Fiction,2024,0175332745961
conqueror volaticus decerno,Danielle Connelly,Fantasy,1963,9460101206247
villa amor allatus,Courtney Kemmer,Non-Fiction,1965,5313600470506
tredecim calcar desipio,Cesar Hickle,Fiction,1959,9441913707333
solitudo vereor voluptatibus,Latoya MacGyver,Romance,1987,4793730204825
audax terminatio alter,Bobby Quitzon,Biography,1953,8335088549447
nesciunt pax armarium,Mrs. Dolores Gleason,Fantasy,1965,4999311033079
valeo iusto doloribus,Johnny Pfeffer,Mystery,1996,1002567354755
pauper aperio victoria,Mr. Derrick Hilpert,Fantasy,2003,0960715666847
claudeo sophismata adsum,Russell Robel,Fiction,2014,0566795988876
caritas crastinus ait,Salvador Herman,Thriller,2008,0558583269699
derelinquo delicate ullam,Lyle Sipes,Non-Fiction,1986,8390499276303
ad contabesco ad,Rufus Jenkins,Science Fiction,2012,8899462584412
arma spiritus vicinus,May Russel,Science Fiction,1978,0501234663827
volup audio supplanto,Heidi Swaniawski,Biography,2018,5537957292492
libero dignissimos coerceo,Salvatore Strosin,Science Fiction,1956,2333938152327
eos sapiente aer,Myrtle Runte,Mystery,2013,8012880390159
approbo absconditus curvo,Ken Kilback III,Mystery,2023,1515743007681
capio soluta communis,Loretta Kautzer,Fantasy,2008,8618796909596
enim utpote amita,Dr. Ruben Will,Non-Fiction,1950,5129770460237
beatus comis harum,Melanie Marvin,Thriller,1995,1474723044094
creator aestus maxime,Guy Harber,Science Fiction,2025,7240401508028
tui totam quasi,Annie Nikolaus,Non-Fiction,2005,9721002015535
triumphus conturbo vorax,Judy Lehner,Non-Fiction,1964,4008033955271
denique nostrum iusto,Mrs. Traci Thompson Sr.,Romance,2016,5376553014228
desino error cinis,Aaron Marks PhD,Thriller,1977,1085699985450
aiunt deserunt teres,Mr. Wilbert Carroll,Fiction,1991,1760855582599
denuncio conatus desidero,Reginald Vandervort,Mystery,2013,2545458204575
synagoga creber voluptates,Derrick Russel,Science Fiction,2010,9358907695488
verecundia vinculum studio,Kirk Kuhn,Science Fiction,1989,2419251424210
a vulgivagus corona,Willie Howell,Mystery,2007,4601434354998
carbo conspergo cupiditas,Rhonda Pfeffer,Science Fiction,2015,7609151409865
tepidus tondeo attonbitus,Gary Macejkovic,Mystery,2013,7196857246944
vesco tabgo complectus,Kristi Nader,Romance,1957,1998210579493
absum angustus video,Amy Bahringer,Non-Fiction,1964,2165034959047
dolores arbustum thesaurus,Estelle Bins,Science Fiction,2014,6780627092703
aestus impedit maiores,Ross Powlowski Jr.,Science Fiction,1974,2967630367270
harum vestigium aureus,Antonia Cormier,Thriller,2014,6420605408870
cubicularis vilicus conculco,Kristen Kessler,Science Fiction,2016,9093273812121
vulnus tui bellum,Brian Reichel II,Science Fiction,1954,3185278975653
ulciscor sui inflammatio,Carroll Pouros,Science Fiction,1973,7791790189273
validus ago ago,Chester Ernser,Thriller,2019,7423403246136
voluptates perspiciatis advenio,Brandy Mohr,Thriller,2023,8531514137780
adulescens solutio veniam,Sonya Bahringer,Biography,1976,6883480483076
patruus aro sumo,Anthony Hackett,Thriller,2021,5410427650732
theatrum eligendi cruciamentum,Josephine Pfeffer Sr.,Fiction,2025,5111980637067
audio soluta sonitus,Zachary Ward DVM,Biography,1960,4500104445199
triumphus viduo cuius,Cecil Hirthe,Science Fiction,2013,8452104106298
officia pauci surculus,Barry Hermiston V,Fantasy,1979,6147564661608
ipsum cohors spiritus,Kendra Greenholt,Romance,1988,7040488142377
voluntarius congregatio subseco,Jerald Wuckert-Senger,Mystery,1963,0889308882629
comptus sufficio avarus,Garrett Toy,Fantasy,1984,5072798557587
veritatis coepi tam,Mrs. Sally Grant,Non-Fiction,1999,2255411431234
decens delibero laudantium,Frances Bayer,Science Fiction,1997,1753379219682
valetudo paens quis,Lorene Wilderman,Non-Fiction,1986,4912993258196
cattus thermae nulla,Chris Langosh Sr.,Science Fiction,1959,2964970485278
tergo valetudo cuppedia,Estelle Kilback,Fiction,1950,6606675375738
coepi omnis succedo,Jacqueline Rosenbaum,Mystery,1970,2610900582987
carcer terra sequi,Robin Anderson,Romance,1969,8620474536861
copiose charisma spes,Mary Schiller,Fantasy,1965,7938483625928
quasi comes decipio,Sean Beahan MD,Thriller,2003,1772050473772
undique libero curso,Clarence Bosco,Thriller,2010,1780914025013
aeneus sopor abstergo,Tracy Walker,Science Fiction,1981,2532549736192
dolorum tero collum,Boyd Brakus DVM,Thriller,2010,9042176983296
alii una cogito,Peter Cartwright,Thriller,2007,6938452107913
cometes vix ventus,Brittany Bernier,Thriller,2019,1600763927176
spoliatio allatus vindico,Preston Wisozk,Romance,1971,6439549234193
consequuntur tener suffoco,Pauline Medhurst DVM,Romance,1983,7392507004587
cognatus vos crebro,Leona Effertz,Thriller,1957,7228495549098
tamdiu altus spero,Mrs. Latoya Goodwin,Thriller,1970,3223906639897
antea atqui ver,Dana Toy,Science Fiction,1960,7029002769682
nesciunt clementia comprehendo,Mrs. Mattie Kuhn,Fiction,1968,2516439607961
cribro itaque arca,Wallace Goodwin,Fiction,2013,2637195239169
cado adeptio thermae,Mr. Leland Pouros,Fiction,1966,7018725893519
clementia beneficium terminatio,Edmund Schinner-Gerhold,Mystery,2020,3886862213301
tibi solus capto,Herbert Donnelly,Fantasy,2007,2276153936384
delibero vinco corporis,Pat Johnston,Non-Fiction,2003,9488359377872
clamo cerno demoror,Dr. Jan Kuphal,Mystery,1953,0538613613885
paens demoror debeo,Miss Elvira Gerhold,Biography,1985,3002068568104
autus vulgo aspicio,Dr. Malcolm Nienow,Science Fiction,1958,1257741028277
appello iusto aveho,Floyd Bins,Romance,2012,3631700961868
vociferor delego patruus,Ora Conroy-Conn,Non-Fiction,2009,5820317994676
tergum baiulus creptio,Guadalupe Rempel II,Fiction,2004,7060631804307
spoliatio pel cibus,Brandy Cassin,Romance,1964,7357365278102
consequuntur balbus temperantia,Joseph Wehner-Windler,Mystery,1997,8940756049473
caterva vesco vulgo,Luz Price,Fantasy,1964,1712109490126
conor versus pectus,Dr. Orlando Kuhn,Fantasy,1951,3275127823197
accedo architecto tamdiu,Chad Feeney,Fiction,1988,9447693419037
tenus causa antea,Carrie Cronin,Non-Fiction,1968,3117469067575
comburo calcar usque,Jerome Durgan MD,Mystery,1951,2881703177339
clementia bibo cimentarius,Randall Gutmann,Biography,1968,4279808220676
utrum sint perspiciatis,Yvette Considine,Romance,2005,1855361481390
texo quia tenetur,Kent Wuckert,Romance,1964,9521280760546
delibero recusandae suppellex,Tricia Wunsch,Non-Fiction,1985,6223450583982
combibo aegrotatio desino,Marvin Kessler,Thriller,1961,0075055680555
ademptio pax adfero,Debbie Dickinson,Fantasy,1998,1845988184090
tergo nihil amplitudo,Hugh Denesik,Fantasy,1969,2378506606627
repellat adversus adhuc,Sally Cronin,Science Fiction,1983,0491049704459
nostrum iste vacuus,Vicky Batz,Fantasy,1971,7637941141589
adnuo alveus quos,Janie Tromp,Mystery,1989,4941342392719
caste ascit absque,Dennis Berge,Biography,2006,6359180019857
casus contra casso,Heidi Langworth,Biography,2003,4649664879293
abeo clementia illo,Frederick Nicolas,Thriller,1967,2765517777926
sequi vis collum,Marta Wolf,Biography,1953,7149798386810
damnatio truculenter allatus,Harry Batz,Non-Fiction,2001,7225389256617
crebro placeat cohaero,Luz Lemke,Thriller,2004,5235587267211
conturbo magni deputo,Amos Nitzsche,Science Fiction,2017,7329943660600
coadunatio curatio cuppedia,Christine Harber DVM,Biography,2010,4296908209533
apto civis provident,Carla Little,Science Fiction,1952,7395687994470
pariatur cui vinculum,Terry Lebsack,Mystery,1971,9400450252777
vicissitudo alius vaco,Derrick Mertz,Science Fiction,2001,1329443925490
denique cilicium adversus,Michele Grady,Non-Fiction,1956,7383492029037
cogo tandem desparatus,Guy Hilpert,Mystery,1964,3036533319663
tolero tandem canto,Shane Prosacco,Fiction,2009,7287712879422
quo tunc speculum,Pauline Daniel,Non-Fiction,1975,5697177324555
cruentus absconditus pax,Mrs. Winifred Bauch,Non-Fiction,1964,8230199895867
depono error suadeo,Arthur Littel II,Science Fiction,1961,1611987186988
venio universe atqui,Traci Reilly-Johnson,Mystery,1972,7611379961030
demoror thalassinus adaugeo,Vincent Hirthe,Fiction,2012,4250410215863
amplus consuasor adiuvo,Dr. Alma Stanton-Howe,Romance,1950,0981461665149
quia vesper coaegresco,Allison Kozey,Science Fiction,1978,8798336370565
cogo thesaurus veniam,Jonathon Schuppe,Science Fiction,2000,1995893428625
tristis consectetur ademptio,Andrew Trantow,Thriller,1970,3107532146787
neque bos delicate,Rolando Howell,Non-Fiction,2006,1703682765491
fugiat subseco denuo,Kathy Rath,Fantasy,1997,9887216935761
commemoro adversus sumptus,Louise Willms,Fiction,1987,9688596622883
creptio cilicium utpote,Ron Reinger,Thriller,1959,5636904200724
odit possimus adinventitias,Shari Kub,Fiction,1988,0213435487469
victus demoror velut,Beth Bartoletti III,Romance,2018,6848177500378
vita cur culpa,Tracy Vandervort,Fantasy,1951,2139941348148
adopto delectus considero,Mr. Kenneth Corkery,Biography,2004,1695527895891
voluptatibus acidus vitae,Ollie Langosh,Non-Fiction,2016,8101700108090
atrox consequatur cuppedia,Caroline Hansen,Non-Fiction,1979,9303335558381
pecus curia despecto,Ms. Katherine Hickle,Biography,2009,1467227409091
tripudio bellicus barba,Frederick Kiehn,Thriller,1956,4413045469258
verbum vulnus vicissitudo,Brandon Leuschke,Romance,1992,3039469367095
viridis tremo vereor,Winifred Kuhlman,Biography,1973,7046543439255
corpus verbera contra,Olivia Tromp,Thriller,2015,2245898246266
convoco carbo mollitia,Fredrick Gibson DVM,Science Fiction,1983,8989728192920
tardus tergeo amicitia,Stacy Heller-Casper,Biography,1975,4035124591970
depulso basium corpus,Ernestine Kilback,Non-Fiction,1999,5715355370158
praesentium subnecto defero,Bernard Hodkiewicz IV,Mystery,1951,9053541664047
allatus minima sopor,Jackie Willms,Non-Fiction,2009,2341458836114
turpis conor neque,Javier Champlin,Mystery,1994,6483071060139
ullam suus sto,Patricia Johnston,Fantasy,2012,6207676227858
ter acies animus,Hattie Gerhold,Non-Fiction,2016,2313627938975
abduco abeo celer,Donna Goldner,Fantasy,2010,0827838783328
calculus sublime abundans,Andrew Gottlieb,Romance,1959,3272199925904
acervus terebro vindico,Michele Quitzon,Non-Fiction,1955,9161780340889
umbra totam cimentarius,Kim Hodkiewicz,Biography,2003,6419356869050
cupiditas curvo cado,Connie Prosacco,Science Fiction,1991,1069846340203
suppono correptius vobis,Roland Stark,Fantasy,2010,0489248258952
somnus subnecto ver,Colleen Hermann,Fiction,2016,7536484314905
capillus vitium sursum,Spencer Farrell,Mystery,2008,7554756483259
vilicus id attollo,Pedro Hilpert,Science Fiction,1971,8387890331716
concido decerno virga,Jaime Johnston,Romance,1989,0982644670765
atqui apto sufficio,Denise O'Conner,Thriller,1957,5518100657989
bos traho sperno,Maryann Lehner,Romance,2011,2319856151894
odit altus testimonium,Reginald Spencer Jr.,Fiction,1999,4069664374044
absconditus contigo quisquam,Olga Morissette,Thriller,1999,6701679244632
desino sursum tametsi,Wayne Greenfelder,Fiction,1976,5092705216752
odio careo recusandae,Harriet Gottlieb,Fantasy,2000,9233769938657
adduco subito soluta,Rosemarie Bartell,Fantasy,2003,9496370416511
conculco desolo aequus,Willie Schamberger,Non-Fiction,1950,6536546199373
aeternus debitis aurum,Mrs. Melba Waters,Fantasy,1983,8225322971397
contigo repudiandae sed,Paula Gislason,Mystery,1990,7534723895735
adstringo quam casus,Barbara Huel,Biography,2021,4684767322566
cibus demo spargo,Pat Koss MD,Biography,2022,8336626573385
attonbitus tepesco curto,Rodney DuBuque II,Fantasy,2016,4338707350659
degusto pel cum,Miss Ada Ruecker,Thriller,1993,8967156860425
utpote summisse defungo,Edna Weimann,Non-Fiction,1994,2802714950091
amitto conduco coaegresco,Orville Konopelski,Biography,1957,9209886108551
vorago colo amita,Olive D'Amore DVM,Fiction,1979,1589720521764
paulatim amita coruscus,Lynda Rau,Romance,1963,4869811512823
videlicet bardus bellicus,Marcos Moore,Science Fiction,1998,5675384817781
cresco utrum volutabrum,Leticia Mayert,Fiction,2015,3400559467102
causa cenaculum beatae,Antoinette Lehner,Non-Fiction,1969,9386565412114
contego cohaero quam,Stewart Orn-McDermott,Mystery,1989,6480402792002
tardus cito allatus,Samuel Harris,Fiction,1992,3691641856532
audax laboriosam tubineus,Stacey Medhurst,Fantasy,1986,7816108244807
vesco abscido amoveo,Sherry Terry,Science Fiction,1994,0813966754585
cupiditas defungo ciminatio,Mr. Jean Conn,Biography,2001,9641225208745
coniuratio terra stabilis,Michele Emmerich,Science Fiction,1966,0286961190309
tenus animi accendo,Dwayne Goodwin-Wilkinson,Biography,1984,5934046287455
dapifer vorax cuppedia,Grace Kemmer,Non-Fiction,1985,5813037085737
volva aduro cupiditas,Lena Davis I,Mystery,2008,0324854003081
sperno mollitia vestigium,Salvatore Walker,Biography,1970,3943479461838
officiis curiositas ancilla,Jesse Hirthe-Bogisich MD,Fiction,1970,2928499694786
sono temperantia barba,Eric O'Reilly-Hickle,Romance,2006,7828726818739
carmen cur vulticulus,Gary Kunze,Biography,1969,0608437786258
error adhuc delibero,Terrence Huel,Science Fiction,2023,5162538291339
sperno tabesco crustulum,Beth Bogisich,Biography,2018,2824372787209
sunt taceo tui,Dr. Fannie Frami,Thriller,1961,4641267171894
tabella claustrum admoveo,Shawna Torphy,Fiction,1998,5371168936984
cupiditas appositus angulus,Harold Corwin,Mystery,1981,2153841258078
adfectus degenero colligo,Kathy Halvorson-Rutherford,Science Fiction,1957,9833369709093
utor spectaculum pecus,Bethany Mills,Fiction,2020,4350117233739
aut itaque coadunatio,Mr. Fernando Bogan,Non-Fiction,1970,9050134800998
tricesimus recusandae asperiores,Raul Harvey,Fiction,1965,9170676312529
brevis terga solium,Dr. Cameron Zulauf,Thriller,1982,6320520216713
animadverto maxime abbas,Danielle Mosciski,Non-Fiction,1981,4114168913462
alius repellat cinis,Lee Frami IV,Science Fiction,2004,8896755700565
termes tamisium adsuesco,Frankie Donnelly,Non-Fiction,1993,4226947998750
deporto exercitationem alveus,Jackie Deckow,Fiction,1990,5495166001709
bestia defendo ambitus,Dr. Leroy Collins,Fantasy,2017,1985176597355
thermae sufficio curo,Bryan Strosin,Romance,1996,4161553726020
canto adipiscor vomito,Mr. Jack Harber-Batz,Fantasy,1956,0821251262016
venustas textus cubicularis,Dr. Felicia Murphy,Mystery,1961,1906495406153
virtus tabula surculus,Mrs. Kristine West,Science Fiction,2013,2209083352399
terebro titulus totus,Gloria Rosenbaum,Non-Fiction,2024,0443828420374
adflicto demonstro tabella,Ellis Heidenreich,Mystery,1971,1939668390942
acceptus cimentarius deputo,Rafael Fay,Science Fiction,1968,6952011067247
sponte ad cultellus,Frank Keeling,Thriller,1975,1110909600330
ademptio aptus amo,Dianne VonRueden,Science Fiction,2001,5660675444750
delego animadverto voluptatum,Lucille Gottlieb,Fiction,1995,5160194973066
cinis congregatio argumentum,Christopher Howe,Science Fiction,2008,6806189521205
unde celebrer thermae,Jordan McDermott DDS,Non-Fiction,2017,7941264388126
in tamisium conforto,Sean Torp,Science Fiction,1963,2693039255506
tergiversatio facere vester,Tara Cronin,Non-Fiction,1997,0752628872581
tubineus amoveo vado,Lorenzo Stanton-Gusikowski,Non-Fiction,1975,8036367683700
cras aggredior amitto,Jackie Simonis,Mystery,1983,2547132564892
caelum denique bis,Kenny Bergnaum-Lakin,Science Fiction,2003,6652477969100
beneficium compono clarus,Caleb Boyer,Non-Fiction,1956,1754222232648
aliquid combibo sapiente,Cheryl Heller,Science Fiction,1977,5145934857260
cotidie curatio utor,Patrick Wisoky,Biography,1964,9906070122874
sono callide somnus,Al Beatty DDS,Biography,1985,2235458578698
uterque at depono,Dr. Nora Bins,Thriller,1969,3450219492728
odio adstringo attollo,Cecil Wilderman PhD,Fiction,2007,8872547261948
amaritudo validus decumbo,Bernice Boyer,Science Fiction,1955,6353913043846
tenuis sol consectetur,Bessie Bernier,Thriller,1986,0779847975719
spargo valetudo vix,Virginia Stracke,Science Fiction,1979,8275203818865
admoveo audacia decipio,Marty Ratke,Thriller,2015,7943886551204
utor deserunt at,Erin Runolfsson,Mystery,2018,6559233087559
spectaculum comptus adeptio,Lorraine Schimmel V,Science Fiction,1960,7524527815286
ater aegrus tepidus,Megan Friesen,Non-Fiction,1968,2542566633695
adulescens comes provident,Grant Shanahan,Science Fiction,2007,8488098625722
culpo anser alias,Shawn Jones,Fiction,2015,2209208867439
cruentus occaecati illo,Julian Zieme,Biography,2002,9526933230522
vestrum dolorum auctor,Dr. Tricia Wiegand,Science Fiction,1971,0422813846332
astrum coaegresco accendo,Luke O'Connell,Romance,1968,2845937533810
ullam undique celo,Belinda Baumbach,Romance,2017,5124690474051
tantillus caelestis comes,Darin McClure,Fantasy,2021,6517868090272
sunt nesciunt suggero,Marcia Jenkins,Science Fiction,2024,5085889070801
laudantium cohaero contabesco,Tracey Heidenreich,Romance,2009,9383706772704
desipio enim acceptus,Sandy Lubowitz,Biography,2024,2932924067270
arguo culpo temptatio,Lewis Schiller-Gleason,Non-Fiction,2000,9109572553961
aureus cuius illum,Dr. Myra Lubowitz,Fiction,2006,1012067481842
conscendo dolor doloremque,Guadalupe Roberts,Thriller,2011,6796338155593
cedo cubo adsum,Mr. Howard Zboncak,Thriller,2013,1295702751048
patior vel caelum,Miss Billie O'Conner,Romance,1993,1119675276058
patruus cena valetudo,Wanda Moore,Biography,1980,6435722818600
approbo conscendo varietas,Alexandra Hamill,Thriller,1972,2461262350609
carpo exercitationem sono,Virginia Abernathy,Fantasy,2008,3841922949210
cupiditate odit comedo,Sonja Adams,Fiction,1980,1220354860717
quibusdam vitiosus demoror,Ashley Gerlach,Romance,1950,3318898969990
animadverto astrum vespillo,Miss Gretchen Raynor,Non-Fiction,1966,5957298624912
clamo arguo vesco,Nathaniel Kshlerin,Biography,1978,6826362769653
altus temeritas apto,Dr. Mike Oberbrunner,Biography,2008,1452550122845
ullus uredo peior,Melba King,Mystery,1986,5009488597082
voveo adsum tristis,Charlie Wiegand,Science Fiction,1994,5405099316940
triduana assumenda pauci,Mrs. Ana Roob-Swaniawski,Fantasy,1960,5314482123611
molestiae ubi vitae,Bethany Rath,Biography,2008,7812811838385
sum allatus apud,Douglas Larson,Thriller,1955,3406685308235
ait crepusculum deripio,Dr. Ronnie Rutherford Sr.,Non-Fiction,1987,6159620737054
delinquo thermae decet,Mr. Geoffrey Ryan,Romance,1989,6547359476890
conor umerus sapiente,Lowell Baumbach,Mystery,1961,3049766173796
custodia atqui vigilo,Shelia Marvin DDS,Romance,1991,0024258223770
ascit adeptio provident,Billy Nolan,Science Fiction,2008,7825237019722
deripio bis adhuc,Ada Keeling,Fiction,1950,8405049393520
curatio circumvenio tamisium,Mark Bosco,Thriller,2018,3803135894040
ter nostrum delibero,Sheila Flatley PhD,Fantasy,1976,2475925732250
pauci crastinus iure,Bryant Volkman,Romance,2010,3089050505519
cognatus creator textor,Shane Morar,Thriller,1980,0408798943237
placeat curso adiuvo,Elvira Hauck,Fiction,2003,5425352447372
tam itaque carus,Randolph Heathcote,Thriller,1957,5273920819323
abscido quam totam,Shelia Runolfsdottir,Non-Fiction,1986,4377888414478
audentia apparatus est,Tracey Harber,Biography,1984,9841649009841
conor eligendi repellat,Dr. Darryl Bergstrom,Romance,1956,9373227293324
agnosco cibo tenax,Albert Conn,Thriller,1986,9331796868000
adinventitias sumptus paens,Pat Reynolds,Romance,2020,4262541739965
vitium cupiditas deficio,Anne Kunze-Koepp,Romance,1968,5370545034723
vacuus corrigo ocer,Craig Mante,Fiction,1988,0248544921031
aufero arceo delectus,Wesley Medhurst,Non-Fiction,2018,6829112832505
vis acies claro,Raymond Bashirian,Mystery,1962,5578828211604
subvenio velum sequi,Shelley Witting PhD,Biography,1982,9276227956704
est annus decipio,Mr. Russell Weber,Mystery,2009,7400093295431
statim verto voro,Velma Walsh,Thriller,1988,7497439129011
decens deleniti accommodo,William Thompson,Romance,1977,2432831474554
congregatio vulariter creator,Deanna Dickens,Biography,2007,2944457491048
spero tamdiu appono,Mario Schumm,Mystery,1980,1805251459219
thesaurus est quisquam,Krystal Pfannerstill,Mystery,2011,4782421451809
stillicidium avaritia accusator,Ross Harber,Fiction,1995,2200026554112
vulticulus vinculum cohors,Barry Mueller,Fantasy,1997,6271538997474
vis caste quasi,Arthur Bartoletti,Thriller,2003,9659634165778
attero architecto aetas,Julie Rice,Mystery,2006,9517913232599
ancilla celebrer conitor,Joseph Russel,Fiction,2022,4095892561925
delinquo celer theca,Antonia Koepp,Thriller,1994,0001105618458
solutio thymbra voveo,Kendra Doyle,Mystery,2005,6053464867157
arto eaque subnecto,Clifford Ziemann,Science Fiction,2025,6118252479123
dens abutor sui,Elmer Collier MD,Non-Fiction,1960,1091488462573
spectaculum aiunt abduco,Tanya Hoeger,Romance,1971,1646453721971
voluptatum nisi nostrum,Flora Wolf-Koelpin,Fantasy,1984,9801139782390
balbus canis ulterius,Yvonne Lockman,Mystery,1992,8802655966170
demoror corrumpo victoria,Karla Towne,Fantasy,2001,7541916115269
solum universe ventito,Geneva Will,Fantasy,1953,6163561709617
viscus bis absorbeo,Salvador Kovacek,Biography,1983,9707003967348
conitor volubilis copia,Inez Casper,Biography,1994,7206684433689
sono vivo utilis,Terry Smitham,Fiction,1998,5043047560510
creo fugit creber,Alfredo Treutel,Fantasy,2002,4209627623458
torqueo adsuesco arguo,Devin Sporer,Thriller,1989,3493565897034
circumvenio sulum tepesco,Derrick Davis,Non-Fiction,1954,5541280348876
ciminatio crapula cur,Nelson Hoeger,Science Fiction,2023,4608148594953
aestivus amplexus admitto,Jackie Heidenreich,Fiction,1977,9067982064279
caries vulariter aspernatur,Velma Fahey,Fantasy,1954,7594356799925
comis laboriosam accendo,Angel Batz,Science Fiction,1961,4112135670876
versus acsi cinis,Raquel Rutherford,Non-Fiction,2006,8370640595311
odit creptio volva,Darla Denesik,Fiction,1973,9921813351552
claudeo vinco unus,Zachary Strosin-O'Conner,Mystery,1957,7465984574342
cunctatio crur conqueror,Chester Murphy,Fantasy,2021,6595686315388
comis agnosco curiositas,Mr. Norman Davis,Non-Fiction,1998,1694991632069
delego turba comptus,Brett Gleason PhD,Non-Fiction,2020,9466533770282
tenuis pectus cupio,Laura Heller III,Thriller,2006,7089357618489
custodia cohors uter,Miss Shannon Douglas,Biography,1965,7172141904182
curvo quo decerno,Saul Feil,Thriller,1975,1550327798804
copia acceptus aspernatur,Katrina Stamm Jr.,Thriller,1995,3460480251017
sumptus templum via,Rudolph Kihn,Mystery,2020,4286103195447
ultra recusandae vos,Mario King,Science Fiction,1995,4214760477391
conitor argentum baiulus,Ms. Camille McClure,Mystery,1981,8232857845019
vitae asporto aurum,Mildred Larson,Fiction,2001,9025097413933
videlicet infit sopor,Dr. Brent Schuster,Romance,1978,4712094958526
quae audax timor,Leon Harris,Romance,1984,9375549124824
minima omnis deripio,Ms. Deborah Spencer,Mystery,2006,6441139088993
ait cresco tepidus,Jennifer Schaefer,Fiction,2017,2630334993193
defendo cresco conicio,Rudy Bartell,Thriller,2004,0706642311595
tempus ambitus tutamen,Adam Green,Biography,1985,4471238624212
utpote vero assumenda,Myron Volkman,Biography,1987,0780292680257
decens repellat appello,Dr. Wanda Dibbert,Non-Fiction,1976,0202271865536
velut tego cur,Mr. Wilbert Kub,Biography,1992,6211544779951
vacuus vehemens tam,Rodolfo Shields,Fantasy,1994,3556361516764
spero adhuc videlicet,Agnes Ernser,Thriller,2018,9038576139271
suspendo desino fugiat,Spencer Ankunding,Science Fiction,2020,2647035666182
patior tenus debilito,Philip Nikolaus,Biography,2021,0053196182009
demitto tunc conor,Christie Zieme,Romance,1954,1626408265412
carpo suscipit tergiversatio,Natalie Jaskolski,Non-Fiction,2022,0686214024424
saepe venio claudeo,Antoinette Kovacek,Biography,1969,9427054518637
occaecati abstergo tristis,Roger Cole,Romance,1973,2537497050186
somnus cupiditate hic,Marilyn Sanford,Biography,2013,4748816057668
sumptus aequus abutor,Dr. Toby Ziemann,Thriller,1961,3531546918526
ambitus clibanus clementia,Hope Yundt,Science Fiction,2018,4225897524503
ad bellicus deripio,Joan Fay,Biography,1953,0057659537847
vulgaris currus sollers,Anne Jones,Non-Fiction,2022,8630098413494
cultellus cupressus summopere,Kayla Wilkinson,Mystery,1979,7204334956266
suppellex quibusdam despecto,Carolyn Brakus I,Mystery,2019,9893732690046
aeneus tempora aetas,Pat Leffler,Romance,2005,2639711533567
solutio doloribus atrocitas,Benny Schuppe-Ullrich,Non-Fiction,1996,2627017261958
abstergo nam maiores,Myra Crona,Fantasy,2009,2265482193551
urbanus tero id,Dr. Noah Howe-McLaughlin,Fiction,1986,8069838056791
tutamen tabesco laudantium,Rickey Sipes,Mystery,1971,3323053332276
at ut quia,Dallas Dooley IV,Romance,2014,0086556107185
pax amor absconditus,Dr. Dominick King,Thriller,1958,3384702444998
aeternus constans vivo,Albert Turner,Mystery,1962,7992680613396
civis dolore quidem,Pedro Morissette,Non-Fiction,2006,8727782411356
arca pectus arguo,Irene Ruecker PhD,Thriller,1990,0705899307922
conforto quis desidero,Leon Marvin,Romance,1980,2568901447317
adinventitias cado carus,Ismael Stamm,Fiction,2025,1936116127345
clam tamisium copia,Shelly Franecki-Flatley,Non-Fiction,2012,8572998463227
utique crastinus labore,Ms. Lorene Feil,Romance,2000,2834386985531
curriculum summa totus,Boyd Corwin,Fiction,1997,4628817534240
solum soleo alienus,Brandi Kris,Biography,2019,3999746209688
nesciunt aureus quia,Melissa Purdy,Mystery,2016,6519860160948
infit theca commemoro,Kevin Wiegand I,Non-Fiction,1993,9771948252500
tamquam tactus delicate,Doris Leuschke,Thriller,1961,0013773242415
terra victus comburo,Sheldon Hagenes,Fiction,1982,6231519418661
totus animadverto acies,Colleen Mills,Romance,2008,9385013030182
attollo aurum architecto,Kristina Greenholt,Non-Fiction,1991,1802125694258
utique sunt deorsum,Lester Wyman,Thriller,1989,2012684616164
speciosus vestrum vomito,Peter O'Reilly,Biography,1991,3855941834678
antiquus molestiae solum,Mr. Donnie Medhurst,Science Fiction,1966,1464641245236
desparatus vicinus consequatur,Mr. Ken Shanahan,Romance,2023,1897111868377
degusto accusator ullam,Mrs. Lorraine Quigley,Mystery,1996,1320466211208
aestas debitis alienus,Vicky Hills,Romance,2008,7124281978857
assentator damnatio quae,Seth Witting,Biography,1980,9426290801124
tribuo calculus traho,Mildred Wehner,Non-Fiction,2000,0402068807973
auctor alter crastinus,Belinda Bosco,Romance,2011,2585949915044
versus tricesimus stips,Mrs. Lola Toy PhD,Biography,2015,5483627457521
catena comparo esse,Eula Haley,Fantasy,1998,4270414841430
callide consequatur non,James Leuschke PhD,Fantasy,1981,2687536996425
cursim varius blanditiis,Curtis Flatley I,Fantasy,1980,8119518666382
sopor pectus valetudo,Sylvester Beatty,Fiction,1983,0903519542923
cibo delectus hic,Grant Stracke,Non-Fiction,2015,1465925854585
viscus tamisium venia,Dora Jenkins,Fiction,2006,7158035003763
currus conturbo turbo,Dr. Willis Herman,Fiction,1969,3136018222234
curto sponte tremo,Erica Runolfsdottir,Science Fiction,1964,2784052728969
acerbitas cupiditate aestas,Mrs. Kristen Pfeffer,Thriller,2018,7638829899835
super ad modi,Mark Mertz,Fiction,1996,7856797955381
universe cogito vel,Kelly Waters,Biography,1966,1468865131566
eius tergum deputo,Lorenzo Bechtelar,Thriller,1997,6904862783743
sono demulceo aegre,Alan Gutkowski,Thriller,2024,8982575184436
strues arbor atrox,Ruby Larkin,Science Fiction,1960,4937953222418
acsi arca delibero,Marcella Connelly I,Fantasy,1980,8162286209214
comprehendo validus placeat,Irene Stokes Sr.,Mystery,1975,1893465091128
ubi sui curiositas,Mr. Tyler Donnelly DVM,Thriller,1953,9125396575598
labore cicuta suus,Jackie Weissnat-Nader,Romance,1994,3548119213146
tertius compono sperno,Emilio Dooley,Fantasy,2010,0911493131083
auctor depulso dedico,Curtis Langosh,Fiction,1993,0924778891368
coniuratio universe adipisci,Shawna Marquardt,Thriller,2016,9900006418437
attonbitus nobis libero,Christie Boyle-Wiza,Mystery,2006,4262642591562
vesica decerno deficio,Grant Barrows,Non-Fiction,1967,4193555226039
perferendis bardus vilis,Ashley Koss,Non-Fiction,2015,8532908920702
universe casso teneo,Kerry Haley,Non-Fiction,1951,6569519634503
audacia quam decimus,Joe Ritchie,Fantasy,2011,0325687687245
coadunatio tantum labore,Ms. Shawna Welch,Biography,1995,8627731417934
avarus testimonium arcus,Rosie Keebler-Orn,Non-Fiction,1959,5284786750284
iure demens conitor,Matthew Renner,Mystery,1999,5016345416863
infit ullus degenero,Deborah Wolff,Romance,1983,8117979525637
cubo contabesco sapiente,Sandy Wolf II,Biography,1955,1041898160654
cur bellicus cuppedia,Deborah Homenick,Romance,2017,3076678042371
varius conatus alias,Jeff Dooley,Non-Fiction,1995,5409221068582
utroque curso acervus,Alexis Hettinger,Science Fiction,1985,2914437748563
creo desidero tracto,Johnny Bartoletti,Science Fiction,1979,9782244744741
solium adamo eos,Sam Greenfelder,Mystery,2015,8953952430857
venia coma aut,Santiago Stehr,Non-Fiction,2011,7774413987023
trans armarium alter,Charles Schamberger,Fiction,2000,9453830490953
sponte tabula caput,Dr. Shannon Pollich,Biography,2008,3217108679164
utpote inflammatio laudantium,Rosalie Hand,Non-Fiction,2003,0880141426648
tyrannus iusto caries,Gabriel Kulas,Fiction,2025,4408235364429
tui fugit saepe,Clara Goodwin,Fiction,2025,1611537866072
nesciunt tero attonbitus,Yolanda Veum,Non-Fiction,1961,6367041866480
stultus deprimo una,Marie Effertz-Kunde,Thriller,1982,1565377778282
sublime cubitum cur,Emanuel Gutkowski,Mystery,2020,4602694242674
auditor compono cogo,Scott Cormier,Non-Fiction,2024,3366919286914
vereor nesciunt chirographum,Chad Prosacco I,Fantasy,2015,6851003465239
carpo vaco ustulo,Walter Hintz,Fantasy,2020,0639758693239
utor architecto suadeo,Elias Larson,Non-Fiction,2017,0854120394143
conventus thorax suppono,Mabel Harvey,Fantasy,1993,4143389275230
caries chirographum crepusculum,Robert Green,Thriller,1972,7410801222150
conduco toties copia,Dr. Bethany Schoen DDS,Thriller,2023,7774242840283
defungo callide umerus,Rudy Farrell,Biography,1998,0422316688995
torrens aeneus et,Lee Pollich,Thriller,1991,3595170281450
deserunt a derideo,Roberto Swift,Thriller,1958,5934081265735
uterque talio voveo,Lee Gleason,Mystery,2021,6638315095122
cunae suffragium cupiditas,Shari Dooley,Thriller,2016,8997704922991
curiositas vigilo deleniti,Derek Goldner,Fantasy,1979,9143139945205
bestia tredecim baiulus,Miss Gloria Torp,Fiction,2019,8255094622977
cilicium sponte dedecor,Floyd Daniel,Romance,2001,7045503491802
cruentus verbum ascisco,Rosa Reinger,Romance,1976,6777966471812
utrimque alo vereor,Mark Lynch,Fiction,1953,4521960351231
dolor tempore bardus,Irvin Walter,Non-Fiction,2012,8044633242503
amet creator repellat,Gladys Spencer I,Fantasy,1958,4546286688032
textor temperantia sol,Jamie O'Reilly,Romance,1976,3528700642463
condico coerceo torqueo,Derrick Turner,Fantasy,2025,7576671643027
vicissitudo corroboro tondeo,Tomas Veum Jr.,Fantasy,2006,2989444188292
pariatur accusator vulnus,Ms. Kristin Conroy,Fantasy,2023,4060902135530
valde coniuratio conspergo,Ismael Ebert,Thriller,1958,5070501241270
curtus synagoga tutamen,Melinda Torphy,Thriller,1962,6224592059442
copia volo adopto,Sidney Bashirian,Fantasy,1998,3099505760897
vos adopto comminor,Eddie Schaefer,Thriller,2014,3768395281426
vos voluptatibus tubineus,Bryan Senger,Biography,1975,3553225158214
contra tricesimus caute,Lorenzo Cormier,Fiction,2011,7147540719690
deleo deripio astrum,Oscar Corwin,Non-Fiction,2005,1406023394750
cohibeo vae avarus,Wendell Heidenreich,Non-Fiction,1954,6375864306787
laudantium aegrotatio vomer,Alan Abbott,Fantasy,2010,0432893345563
peccatus amissio vulgus,Faith Gislason,Romance,1988,4852096266559
asporto cohors cultura,Alexis Rodriguez,Romance,1970,7557675688748
comparo videlicet cimentarius,Calvin Von,Fiction,2018,5834034480680
auctor vobis ait,Lillian Schaefer,Mystery,2007,4242852686475
aduro cariosus incidunt,Ignacio Hane,Fiction,2000,3011877558393
maiores itaque voluptate,Paula Bednar,Thriller,1957,8587053142575
recusandae temporibus nulla,Ann Schowalter,Fantasy,1957,4764120866308
arcesso subvenio varietas,Hugh O'Reilly,Biography,1973,4910687694230
tubineus impedit verbera,Ernest Lesch,Thriller,1998,6255285511744
earum degero voluptate,Raquel Tromp,Mystery,1990,8119664717243
crepusculum viduo vester,Douglas Bruen-Bednar,Thriller,2016,3121528054883
tres amoveo stillicidium,Ms. Gretchen Greenholt,Mystery,1955,9765908759079
studio arguo corrigo,Raul Hilpert,Biography,1980,0061342577985
comis ante aperiam,Winifred Schimmel,Fantasy,1959,1947338880015
defaeco derideo statua,Frank Wintheiser,Science Fiction,1994,5294884874871
assentator speciosus amiculum,Miss Tracy Treutel,Fantasy,2023,8357189080803
suffragium utrimque acerbitas,Cathy Rempel,Science Fiction,1998,7094238485340
magnam comminor aedificium,Stuart Wolff,Science Fiction,2002,6986297361112
patior callide voluntarius,Clinton King,Science Fiction,1980,8090333974824
truculenter cupiditas iure,Miss Faith Hamill,Fantasy,1973,8345375562887
aestus ullus adulatio,Bill Schneider,Science Fiction,2017,2512892968801
sordeo templum callide,Alicia Powlowski,Romance,1999,7612050965885
infit illum appono,Marian Rohan DDS,Non-Fiction,1954,4121148214635
utique peior conventus,Cedric Cremin,Fantasy,1984,6841270308100
truculenter aliquam ipsa,Dr. Randal Schulist IV,Romance,2001,7223389608279
tertius uredo acidus,Randy Franecki,Fantasy,1971,1869488140427
nesciunt vis ancilla,Suzanne Kozey,Thriller,1954,7883250144475
umbra adsidue ulciscor,Natasha Abshire Jr.,Thriller,1985,5644753669130
accusator coniuratio iure,Salvatore Gibson,Science Fiction,2009,3517039182085
cruciamentum rem cursus,Jan Hodkiewicz,Thriller,1961,0029631523798
stultus alo excepturi,Mrs. Lorena Bosco,Biography,1973,5223425874310
admoveo arto brevis,Brandy O'Connell,Science Fiction,2004,4376406063525
tantillus cubicularis acidus,Nettie Willms,Romance,1990,2982067565979
capto aegre coniecto,Johanna Adams,Thriller,2017,3319463503624
canis tamisium fuga,Jesse Medhurst,Biography,1955,3764542854317
apostolus desparatus tamisium,Alex Jacobs,Fiction,2000,1237080426962
crebro conscendo utpote,Jeremy Wiza,Romance,2015,4079934047734
adeo concido damno,Marian Hermiston,Fantasy,1996,1451096110306
comminor tempus officia,Jeanne Gerlach,Science Fiction,1988,9953594722213
bis adflicto angustus,Bessie McGlynn,Romance,1985,9947716011217
desipio ventito causa,Helen Schumm,Mystery,1995,7642498480559
inflammatio cunabula peccatus,Mrs. Elaine Blanda,Non-Fiction,1993,8901616478664
thermae caries audax,Jon Frami,Thriller,1998,4445551926457
quo audacia iure,Johanna Bernier,Mystery,1959,2022307124744
conventus tolero verus,Alice Cummings PhD,Thriller,1993,4712298540287
usus benevolentia communis,Ellis Cartwright,Mystery,1987,6982536699122
verumtamen derelinquo vesica,Stanley Windler,Fiction,1959,5528100208291
capillus claro causa,Sherman Kling,Fantasy,1994,9034432040281
voro ara stultus,Joshua Funk IV,Biography,1996,7322532002304
defendo collum socius,Karl Dach,Biography,1998,2044444911425
doloribus contra accusantium,Gwendolyn Tremblay,Biography,2009,5608464738216
acerbitas omnis stella,Billy Erdman,Science Fiction,1995,0478619141295
tremo pecto vinitor,Mabel Bogisich,Biography,1985,3019242845503
cometes cibus tempore,Alfred Adams,Mystery,1962,9430537617196
vomito communis virga,Mr. Tom Cummings,Mystery,1982,7693632101252
minima auditor super,Corey Gorczany,Fantasy,1980,4340790476014
caterva conservo derideo,Charlotte Yundt,Fantasy,2019,7533692561315
complectus ratione verecundia,Emmett Spinka,Fiction,1988,9429273335253
auctor beatus architecto,Guadalupe Gutmann,Science Fiction,1972,0232308013954
illum similique aliqua,Forrest Legros,Mystery,2009,1023280637871
usque ubi vivo,Mario Beier,Non-Fiction,1981,7205283451307
ars taedium cerno,Andrea Miller,Biography,2002,9508059535837
vestrum complectus appositus,Vicki Torphy,Science Fiction,1974,8525539476630
trepide bis arx,Miss Carla Sawayn,Fiction,1980,7431952997974
architecto speciosus caste,Edmond Waelchi,Thriller,1974,8243204206403
vis color deprimo,Earl Blanda III,Romance,1986,3740625011717
repellendus adversus vitium,Kim Greenholt,Fiction,1969,4121495541803
accommodo totus patrocinor,Dr. Warren Lang,Biography,1970,1977129953652
eligendi pecus centum,Ashley Erdman,Biography,1967,3179980771072
aperte ter benevolentia,Sidney Wiegand,Fantasy,1985,3584245829918
titulus earum villa,Sherri Borer,Fantasy,1974,1653968454246
decor vitiosus utilis,Mr. Howard Jacobson IV,Biography,1957,6744952444340
versus degero ipsum,Sidney Zulauf,Biography,1956,7843989326727
vetus corrigo acceptus,Reginald Reinger,Fantasy,1964,5398980262880
cum aequus cometes,Amber Nolan,Mystery,1985,7281590252181
cilicium aggero sui,Miss Beverly Kuhic,Fantasy,1995,7521367424838
verto creta ceno,Crystal Romaguera III,Fantasy,2018,1065356475992
sophismata cena copiose,Willie Cole,Science Fiction,1988,9307994239859
desidero ab villa,Louise Balistreri,Non-Fiction,1993,5042331152072
ago sum speculum,Janie Rice,Non-Fiction,1962,4842746956799
acsi cui venia,Mr. Louis Reilly,Romance,1982,8929365669452
saepe auxilium caecus,Juan Haley,Romance,1960,0451316981344
ancilla tolero cattus,Mr. Oscar Kuvalis,Fiction,2002,5123729694120
abstergo absens averto,Miranda Rempel,Fantasy,2022,0142203472926
demum vallum virga,Boyd Dickinson,Science Fiction,1953,8936757510231
cuius currus absque,Gordon Simonis IV,Fiction,2016,8140001163835
cunae aegrotatio adipisci,Mabel Ortiz,Fiction,2003,0744625686326
acervus non pecto,Carlton Schiller,Non-Fiction,2019,7386646064682
subseco damno toties,Bradley Rutherford,Fantasy,1999,3829066296610
supellex excepturi audacia,Jacquelyn Wiegand,Thriller,2001,2538657075193
suscipit saepe cinis,Tina Dietrich,Fantasy,1969,3725631755530
sunt adulescens desparatus,Otis Hammes,Fiction,2006,1402364723230
dolorem harum synagoga,Wanda Parker-Steuber,Thriller,1966,9822293756134
conor nobis tepidus,Bethany Pollich,Fantasy,2015,1567260096140
avarus tubineus corpus,Georgia Block,Thriller,2008,6481738346950
viriliter solitudo triduana,Mark Wiegand,Fantasy,1966,6751630801969
subseco sum abeo,Sherry Gislason,Romance,1976,2599323786568
vallum cresco turpis,Dianna Parisian,Mystery,2016,9088786450324
absque aliquam brevis,Lola Kozey,Mystery,2010,3006669388571
blandior cilicium dolores,Ismael Stokes,Mystery,2013,4907276682426
approbo depopulo vulgivagus,Antonio Schmitt,Romance,1999,8227554728320
ambitus spectaculum cinis,Anita Bergnaum,Science Fiction,1980,8732824523368
tego concedo paulatim,Ramona Marks MD,Fantasy,1955,3622266847835
bardus conduco repellat,Joey Block,Fiction,1992,3167995325097
amita facilis ipsam,Dr. Allen Williamson,Biography,2004,4092160318974
basium virgo strues,Ricardo Rempel,Fiction,2019,6993396548379
adipiscor subvenio velociter,Lynette Yundt,Science Fiction,2023,2196163818074
speculum deleo agnitio,Cathy Halvorson,Fiction,2018,7119286029096
sit consuasor illum,Amanda Gibson,Non-Fiction,1954,8367853812931
ceno desolo spes,Rex Haley DDS,Mystery,1979,3378482910358
solio bis taceo,Miss Carmen Bailey,Biography,2013,3825644754678
virgo tristis suscipio,Felipe Fay,Non-Fiction,1968,8234893253006
deficio aegre delibero,Lena Ernser,Mystery,2018,0670767664161
amor depono cometes,Misty Kreiger,Romance,2019,0335800025436
volutabrum desidero animus,Casey Cummerata,Romance,1967,3214454171348
placeat suadeo unde,Dexter Wintheiser,Fantasy,1997,2629437777281
vesica aut alius,Karla Leannon,Fiction,1956,9931474046038
amplitudo tergeo deleniti,April Bogisich,Romance,1986,9566192395569
admoneo delectus asporto,Laura Harvey,Science Fiction,2025,0119788006660
uberrime via curriculum,Rafael Klocko,Biography,1960,4448957462343
enim vigor amita,Toby Heathcote,Fantasy,1960,8883713217163
sophismata vestrum tamen,Carol Reynolds,Biography,1968,0059600215160
defleo demo adnuo,Irma Klocko,Fantasy,2018,3235366227274
ciminatio via votum,Vera Kuhn IV,Fiction,1971,0968930545543
odio agnosco credo,Mrs. Antonia Keeling,Fantasy,1974,3031108082854
casso cogito pecto,Rogelio Gislason,Fantasy,2023,1321102143768
velit atrocitas vorago,Jennie Romaguera,Science Fiction,1976,4483230488560
adsuesco denuncio ocer,Lyle Fadel,Thriller,1963,3618098010805
bos doloribus defessus,Caleb Leannon,Non-Fiction,1991,4710464039297
theca condico amiculum,Sonya Heathcote,Biography,1994,1522672179803
quisquam deficio deleo,Patricia Mueller,Mystery,1951,9414112072609
ago eum iusto,Lloyd Heller,Fantasy,2009,4628933047443
calco testimonium tersus,Kristie Bins,Biography,2005,2159308691861
quam at aperte,Paula Beer,Fiction,1957,2769908689688
uredo crur verus,Julius Zieme,Science Fiction,1981,1683216498773
abstergo aduro depulso,Meredith Zemlak,Fiction,2017,1646959667608
quod deduco communis,Jim Metz,Thriller,2009,5602772476644
ea ut blandior,Brian Luettgen,Biography,2020,8645945280940
audio utilis theatrum,Dr. Luis Hansen,Science Fiction,1954,8865124834306
civis depereo talis,Roger Beahan,Biography,1966,9457447758713
vesica pecto cribro,Claire Gutkowski IV,Biography,1970,6004029037457
cunctatio summa temptatio,Gail Mayer,Romance,1966,3371701995473
attollo auctus audio,Marguerite Denesik DVM,Romance,1968,8846865076611
vinco altus aureus,Irma Pagac,Mystery,1991,9915754407738
succurro defetiscor cena,Misty Ullrich III,Mystery,2000,0512395612411
repellat cumque celer,Floyd Feest,Non-Fiction,1951,2906420700898
pariatur angustus aptus,Kristopher Koepp,Non-Fiction,1993,4920265956090
condico paulatim conculco,Miss Violet O'Keefe II,Thriller,1997,7362080171970
abbas conculco venia,Hattie Feeney,Non-Fiction,1985,0508912129773
minus praesentium adiuvo,Marlene Hartmann,Fiction,1950,4986946193243
tepidus aureus delinquo,Johnathan Breitenberg-Breitenberg,Fantasy,2021,2350305368497
absorbeo aptus terreo,Christie Lesch,Mystery,1969,6721773515337
tantillus ultio crur,Laura Herzog,Science Fiction,1951,9195910036571
voveo optio deorsum,Kayla Romaguera,Thriller,1982,8496494613873
bibo benevolentia ago,Franklin Lockman,Science Fiction,2024,0953729473606
ait desipio claro,Randolph Bins,Romance,1983,9648814241064
vigor expedita cubo,Henry Parker,Biography,1979,8017202249002
conturbo comptus nobis,Jessie Gutmann,Science Fiction,1971,8571841272301
cohors quo trans,Brandi Upton,Romance,1993,8651999793547
bellum despecto super,Frankie Waelchi,Science Fiction,2023,8233857175225
deputo dignissimos ver,Jamie Kuvalis,Fiction,2014,3282475711859
deripio currus caterva,Krista Homenick,Biography,1982,9351786470451
thermae cresco pauci,Miss Ada Heathcote,Biography,1988,6349834193444
abutor traho decumbo,Ira VonRueden,Fantasy,1981,0984541281966
similique tracto commemoro,Sam Bergstrom,Thriller,2012,7183834113289
amitto addo denique,Miss Agnes Runte,Science Fiction,1970,4391240371912
repudiandae caecus templum,Arturo Stamm,Science Fiction,1989,4794719258221
adhuc thymum comis,Garry Hirthe,Romance,2010,4431897855631
speciosus surculus ceno,Roxanne Blanda,Mystery,1992,4133602941472
velut laboriosam solitudo,Mattie Willms,Thriller,1958,3179085323752
defero taedium votum,Dominick Bins,Thriller,1984,1443824670932
aegrotatio adfectus speciosus,Bryan Ondricka,Thriller,1967,9744715600113
ullam assentator concido,Dr. Lynn Swaniawski,Fiction,1986,0028204858579
comitatus paens ulciscor,Gina Adams,Biography,1989,9900538970496
volup supra colligo,Myrtle Labadie,Romance,1999,0338355677533
subvenio audeo abduco,Amelia Lueilwitz DDS,Science Fiction,1971,3484970207836
tabula dapifer cura,Rickey Hamill V,Mystery,1954,7078123459058
beatae adaugeo vulgaris,Roberto Okuneva,Non-Fiction,2024,6927532097489
vulariter animus unus,Erik Dach,Biography,1982,9189715786447
animadverto absconditus sum,Terri Wilderman-Kuhic,Mystery,1954,5232484297277
adaugeo degero tempora,Pauline Mante,Biography,1963,4418316837528
advoco claro natus,Frankie Beatty III,Biography,2024,9612621974690
conforto tenuis tantum,Alfredo Schmitt,Science Fiction,1983,6057322595315
aut harum repellendus,Dr. Paul Gislason,Fantasy,2021,5005783055872
viscus adipiscor acervus,Joann Schuster,Thriller,2011,1866580757706
conduco accommodo adversus,Gerald Paucek,Fantasy,2010,0954585781794
quasi vorax cado,Lois Corwin,Fantasy,1967,4626200109972
taedium adeptio esse,Ms. Teri Mueller,Science Fiction,1975,2895455536018
pectus creber nostrum,Marilyn Skiles IV,Biography,1964,7329741741919
derideo comparo calco,Mandy Crooks,Non-Fiction,1982,3947236800321
coepi aliquam nostrum,Teri Gerhold,Romance,2001,6740632108618
subito dolor claustrum,Sonya Blanda,Thriller,2020,6222431297364
comminor caste nam,Jordan Stroman,Science Fiction,1952,4932892563083
vesica autem caste,Ms. Carmen Medhurst,Fantasy,1990,7230583721102
crudelis trepide ara,Greg Cummerata,Biography,1982,8697970457112
nulla tutis vesica,Forrest Hackett,Mystery,2020,2372005114696
ratione inflammatio abutor,Pat Harris II,Fantasy,1977,1393621591752
cras ullus adstringo,Amelia Shields,Non-Fiction,1950,2893526720936
desolo fugiat tenax,Jeremiah Wisoky Sr.,Fantasy,2023,6491541299627
cornu audax talus,Mr. Gregg Doyle,Biography,1968,7861917147367
delinquo spero ipsum,Carlos Dach,Biography,1988,5824986752489
velut cultellus ante,Claude Fay,Non-Fiction,2017,2334320550124
soleo tergeo damno,Miss Annie Johnson,Thriller,2020,6010190958015
aperte ager abeo,Bridget Ullrich,Fiction,1965,6628549681736
aggero odit stabilis,Devin Brown,Fiction,1994,8560284471034
cultura cibus accusantium,Rosalie Borer,Thriller,1989,5332217264901
cursus certe blandior,Nicholas Williamson,Mystery,2022,4925258453577
nobis pecus alii,Kathy Beer,Romance,1954,4089627736868
titulus cetera pax,Mrs. Regina Cummings,Fiction,2005,2534197291741
quasi arbor cubo,Deborah Maggio,Mystery,1980,8443844803796
tabernus tendo collum,Sam Kshlerin DVM,Thriller,1997,2850268062889
magnam depereo crebro,Mr. Elias Emard-Oberbrunner,Romance,2020,3347166490525
defendo cometes subseco,Eduardo Schoen,Biography,2019,9709553685010
sortitus usus dicta,Gloria Schneider,Fantasy,2018,0034487379649
cariosus accusantium beatae,Arthur Purdy,Fiction,2023,6752836839145
ver corroboro coma,Toni Rowe IV,Romance,1979,6242199175499
ullus turbo recusandae,Hugo Gottlieb PhD,Thriller,1958,4916511454051
vapulus tubineus magnam,Sylvia Beatty,Mystery,2005,0186927704720
conitor civis tondeo,Lana Willms,Biography,1992,7344179110140
aurum fugit varius,Iris Mraz,Science Fiction,2010,7443771800417
tibi unde caterva,Dr. Duane Murazik,Thriller,1971,4934986661915
crur aestivus statim,Eva Casper V,Romance,2001,0770959474310
utroque altus casso,Rachael Hills,Science Fiction,1960,8195304825825
attero conturbo bos,Cora Ferry,Biography,2020,0793487634793
comprehendo ex voluptatibus,Christopher Ebert III,Thriller,1982,4982474420916
apparatus abstergo villa,Ramon Zboncak,Fiction,1978,1905132795999
defetiscor vesper speciosus,Bob Bartell,Science Fiction,2016,4195277021713
vicinus bonus traho,Rosie Runolfsson,Thriller,2019,8840866816140
vaco tres deputo,Rebecca Ryan,Non-Fiction,2005,5714080349270
caelestis vox comis,Dominick Beatty,Mystery,1958,9548583867050
dolorem correptius occaecati,Valerie Torphy,Mystery,1981,8397163756254
cavus iste valetudo,Marion Mayert-Wisoky,Thriller,1966,6694034267099
adicio tenuis vulnero,Mrs. Tammy Homenick,Mystery,1953,2240687088699
ustilo vespillo terror,Everett Wehner,Science Fiction,1991,8234836648962
et eligendi crux,Christian Hilpert,Mystery,1993,1504314625209
adsum dolorem decerno,Mr. Frankie Schoen,Fiction,1989,1505299257456
deinde usque arto,Phillip Runolfsson IV,Fantasy,1967,2159859980093
centum adversus illo,Ralph Lakin,Science Fiction,1985,9770021680249
numquam rerum tum,Dianne Walsh DVM,Biography,2009,5525596547932
mollitia optio debeo,Jesus Haley,Science Fiction,2005,2912642611661
absconditus officia aggredior,Dr. Charles Roob,Non-Fiction,2015,7211038752323
creo casso autem,Della Jakubowski,Thriller,2015,7884797291031
nisi earum consectetur,Wanda Pollich,Romance,1961,1270730501754
cogo cubitum odio,Alejandro Grady,Thriller,2010,9923690872314
avaritia demens ater,Ms. Mercedes Yundt I,Thriller,1996,0182409610322
tener copia supra,Megan Hermiston DVM,Romance,2001,7791022074085
velociter caute commodo,Mrs. Lynn Turner,Thriller,1991,4152718387735
umbra carbo adhaero,Meghan Dare,Fiction,1975,4857919872300
debeo attero bestia,Johanna Hintz,Non-Fiction,1990,7685676701901
ciminatio defessus ut,Ray Koelpin,Fantasy,1954,5409926723566
vetus sub coepi,Forrest Frami,Biography,1976,2881448334612
subiungo cur correptius,Roxanne VonRueden,Fantasy,2004,3717885410429
nemo bestia audentia,Willis Towne,Science Fiction,1998,9080171963858
reiciendis culpa cum,Sara Ritchie,Fantasy,2001,5327193846845
deripio cauda odio,Cameron Jenkins,Non-Fiction,1955,1865112458548
suscipio consectetur vesper,Sarah Nitzsche,Thriller,1998,5787931442838
benigne molestias assentator,Renee Bradtke,Science Fiction,1982,0529009781913
bos ara corpus,Gail Armstrong,Non-Fiction,1951,9832107954451
amaritudo rem vulpes,Don Maggio,Biography,1998,9986792589392
turbo quaerat cimentarius,Della Doyle,Romance,1974,6100722408915
vetus comitatus clementia,Pat Nader,Fantasy,1959,6995012313389
alo eum adopto,Stacy Yundt,Mystery,1997,7980301701316
tondeo vilicus adulescens,Jeanette Hegmann,Romance,1985,8253669311942
error libero calculus,Juanita Kerluke,Biography,2012,5363220997176
cibo cubicularis vereor,Angelina Smitham,Mystery,1958,7400374877050
custodia calculus delibero,Sandy Kling,Science Fiction,1965,2705509974289
correptius cribro candidus,Inez Hills,Thriller,2017,5130183149791
asporto vigilo molestias,Anna Jerde,Non-Fiction,2010,5258632929551
eaque arbitro commemoro,Lonnie Treutel II,Thriller,1961,1890119089688
coruscus despecto fugit,Hannah O'Kon,Biography,1988,8898133584125
ventus causa inflammatio,Pete Harber,Fantasy,1951,1744533131246
taceo suasoria alioqui,Jeremiah Volkman,Science Fiction,1967,0215136441731
ex carpo cometes,Gilbert Wyman,Fiction,1970,5163218432027
vestrum comedo studio,Dr. Yolanda Mraz,Biography,1999,7598732729426
toties deprimo auctor,Francis Dickinson,Mystery,1957,7121861139696
thorax quibusdam porro,Simon Ortiz,Mystery,2021,5751547787622
solum benigne quos,Dr. Ruben Reynolds V,Fantasy,2019,6738984345791
aperio vindico decet,Phyllis Nikolaus,Romance,1970,8304708556548
nam abundans vito,Timothy Welch,Romance,2006,3556707912747
eos curriculum numquam,Rufus Bins,Fantasy,1958,9187201966691
appono angustus versus,Mattie King,Non-Fiction,1982,9896632193449
centum considero summisse,Geraldine Tillman,Mystery,2000,2534569956125
solus blandior aureus,Wendell Koepp,Fantasy,1973,0971753165244
quo clibanus tyrannus,Harry Hoppe,Fantasy,1985,3919096436806
cultura adsum bellicus,Mr. Randolph Mante,Thriller,1981,7946082648729
thymum consequuntur degusto,Dominick Adams,Fiction,2003,6461094557190
tolero bellicus enim,Brad Miller,Fiction,2020,6363651426358
utpote contigo atrocitas,Nellie Mertz,Romance,1992,3446043003879
voluptate vulnus defungo,Luis Bednar,Biography,1951,5083059588661
viriliter carbo auditor,Randall Aufderhar,Romance,1968,8652247871456
ocer comitatus sponte,Lillian Farrell,Fiction,1999,0316272770709
blanditiis vel valeo,Krista Greenfelder,Romance,2003,2011863095516
cognatus sint vociferor,Samuel Zemlak,Fantasy,1969,6036010369414
acsi crebro convoco,Jeremy Reilly,Mystery,1991,1503203073383
acceptus tracto cado,Wm Osinski,Fiction,1994,6251986519300
consequatur supellex compono,Dale Volkman III,Biography,1997,6135682452227
conqueror vulgaris libero,Patti Torphy,Mystery,2014,0931147214465
harum turba aperio,Roderick Turner,Biography,1956,9145652358205
hic desidero vigor,Johnnie Herman,Science Fiction,2000,2546770620776
deleniti careo delectus,Sam Hartmann,Romance,1951,0842207994317
undique ullus deputo,Harvey Mitchell III,Science Fiction,2007,3393503298076
ustulo consectetur cerno,Bernadette Jenkins,Mystery,2025,8129413975700
adstringo cilicium amiculum,Carla Beier,Thriller,1980,4847138755944
cenaculum carbo adulescens,Violet Reilly,Science Fiction,2024,0245267063073
audio amplitudo tardus,Ervin Gleichner Sr.,Fiction,1962,6775018150483
vicissitudo antiquus vulariter,Kathleen McCullough,Mystery,1958,2788092246747
ventosus ver urbanus,George Parker-Brakus,Mystery,1961,6765959925429
ambitus adinventitias utpote,Stella Schumm,Fantasy,1953,7574818533749
utroque aranea assumenda,Felipe Ernser,Thriller,1978,2578655530690
tabesco soleo desolo,Jimmy Casper,Fantasy,1999,0881608405483
tactus aggredior claustrum,Anna Ullrich,Science Fiction,1980,4673992705528
quidem communis libero,Dominick Swaniawski,Biography,1984,7807716481781
combibo tero defendo,Susie Huels,Thriller,1995,2243982820969
demo ascit ante,Joseph Mante,Science Fiction,2015,1762984646021
creber similique adipiscor,Kent Pacocha,Fiction,1998,9072326651286
solitudo beatus asper,Tomas Kuhlman,Thriller,2008,4249130343448
volva voluptatibus teneo,Brent Conn,Science Fiction,1981,2095805435056
vilis stipes rem,Freddie Dickinson,Fantasy,1957,7020319820960
apto commemoro bestia,Maggie Osinski,Thriller,1991,7013989655291
arbustum tenetur auditor,Dana Doyle,Romance,1990,7426013674628
amiculum charisma virgo,Rachel Aufderhar IV,Mystery,1961,1553575866921
celo id vigilo,Jacqueline Greenfelder,Science Fiction,2021,0011763378078
sodalitas exercitationem cauda,Drew Lueilwitz,Mystery,1984,8006162337448
conqueror esse beneficium,Mrs. Diane Bailey,Fantasy,1966,2028812951008
coaegresco debitis terror,Elena Blanda,Romance,2008,8768547711752
cervus allatus supellex,Willis Cole,Biography,2019,2992048017314
id combibo comprehendo,Rufus Gerhold,Fiction,1993,4732130382039
sustineo volutabrum suppono,Jan Moore,Fantasy,2004,1223888417108
crepusculum absorbeo tandem,Elisa Purdy MD,Romance,2015,4301381124633
accommodo stella alter,Ira Bartell,Thriller,1980,9996296496293
corrupti tubineus agnitio,Anna Schaefer,Fiction,1976,0628550245432
suus natus deficio,Cristina Schuppe,Fantasy,1977,1395133218851
defaeco amitto asporto,Keith Dickinson,Non-Fiction,1993,6394581130486
sulum coniuratio vallum,Ronnie Ebert Sr.,Fantasy,1995,5486183668588
deporto cura uterque,Clifton Pouros,Romance,1995,5697508554557
custodia comes contigo,Jaime Walker,Biography,1974,9933169606847
ullus inventore torqueo,Jon Macejkovic-Goodwin DDS,Fantasy,1991,2196727050122
voluptatum ut deleniti,Mr. Arthur Romaguera,Thriller,2012,8340252935694
suppono degusto aperte,Karla Ratke,Biography,1962,7777477010099
tergo cruentus vulariter,Eula Douglas,Mystery,2008,7890958367999
attero aer ustilo,Roberta Armstrong DVM,Mystery,1950,6914144193147
exercitationem vere debilito,Chad Goodwin,Science Fiction,1962,4636901760809
centum vivo degero,Erik Marquardt-Pfannerstill,Fiction,1985,2080415959541
nihil coniuratio amplitudo,Dr. Alberto Lindgren,Romance,2001,7798089230771
acsi comptus reiciendis,Miss Wilma Morar,Romance,2018,9585888153082
suscipit at pel,Jim Becker,Thriller,1978,9447680638323
denego ubi neque,Vincent Terry,Romance,2009,5263732132985
curo apparatus supra,Dianna Bechtelar,Non-Fiction,1969,6075755981277
necessitatibus allatus armarium,Geoffrey Gleason,Non-Fiction,2003,1324022094808
cibus eligendi stabilis,Mark Swaniawski,Biography,2005,7460074827803
spiculum deporto tersus,Jeanne Hansen,Thriller,1982,1087521277458
cubo vulgus cogo,Neal Tillman,Biography,1971,2045551150271
tibi undique correptius,Javier Lesch III,Mystery,2004,7393940255251
video sum stabilis,Arlene Lang,Non-Fiction,2018,0770797198640
viduo deleo umbra,Patty Rohan,Biography,1954,9605879009855
thesis coma vapulus,Delia Cartwright,Mystery,2025,7443465477898
stipes color fugiat,Desiree Johnston,Science Fiction,1985,4972296264084
cauda attonbitus delectus,Delores Swift,Fantasy,1985,6535100617100
summisse amiculum subseco,Mr. Santos Kub,Biography,1990,5835810402763
audacia comptus denique,Angie Beier,Biography,1995,7936389869756
trans agnitio nam,Sherri Wilkinson,Thriller,2025,2973497150734
crudelis demum eos,Ed Mosciski,Non-Fiction,2003,6064621788816
viridis quod civitas,Hattie Koelpin,Fantasy,1974,2977524442805
ulciscor averto iste,Ross Block,Mystery,2001,3486602225910
amo voco veritas,Brian Crist,Non-Fiction,1951,0832813120024
qui quas adipiscor,Harold Beatty,Science Fiction,1978,6794712109796
aegre odio tergiversatio,Doug Hodkiewicz,Biography,1968,8050463337445
brevis attonbitus decimus,Bernice Lakin,Science Fiction,2005,4480565848345
circumvenio venia stillicidium,Julius Wolf,Science Fiction,2025,7808215831936
acerbitas validus bibo,Benjamin Lehner PhD,Romance,1993,2705878810546
acerbitas canis ceno,Eduardo Volkman DVM,Non-Fiction,1985,2950504011943
conitor cras dignissimos,Norma Lubowitz,Thriller,1958,6716235882389
ocer considero undique,Dr. Dwight Jaskolski,Biography,1987,1633233432956
creber commemoro tempus,Olga Trantow-Schiller I,Fiction,1982,0329128779256
aqua absens desipio,Juanita Mueller,Science Fiction,2025,9536033741885
tricesimus pauci comburo,Mona Kozey V,Non-Fiction,2025,8967074405652
calamitas terror valeo,Lucia Glover-Bahringer,Science Fiction,1961,0879867835997
coruscus decretum vapulus,Billie Schmitt,Non-Fiction,1953,0499159216572
vesper conatus cerno,Brenda O'Kon,Science Fiction,1994,0634608265950
uredo villa vulariter,Willis Rowe,Fantasy,1982,4988604991285
absum deprecator alienus,Dr. Ellen Lowe,Romance,2013,0589549937002
nulla depraedor sint,Frank Toy,Romance,1956,8523023421305
vix derelinquo vulnero,Marguerite Dickens,Fiction,1952,1273445431437
acceptus molestias deorsum,Becky Schaefer III,Thriller,1967,4650680739117
valens enim velociter,Marcus Russel,Mystery,2021,6631858505591
urbanus statua animus,Wallace Davis,Mystery,1998,7195323428485
tenus conor audio,Lamar Larkin-Streich,Mystery,2020,9928727370166
vito amor voluptatum,Beth Emmerich,Biography,1996,7606449291183
debilito quos cenaculum,Shannon Stoltenberg,Romance,1977,1092358693920
demoror arbor angustus,Cecil Schamberger,Romance,1956,4512304154439
vindico aequus sponte,Levi McKenzie,Science Fiction,1980,9111804407486
stella animus delectatio,Joan Wiegand,Fiction,2002,9758899170686
accusator stella esse,Philip Dooley,Fantasy,1950,1031484406128
ante umquam thymbra,Hugh Sipes,Non-Fiction,2015,1595398591679
adulatio spoliatio aut,Donald West-Walsh,Mystery,1983,7682884542553
cumque certus universe,Dr. Erin Hintz,Fiction,2001,0735907690364
cornu at explicabo,Alfred Rohan IV,Fiction,1991,1202968158015
dapifer umbra basium,Kristi Runolfsdottir,Mystery,1972,2946358787757
tolero tollo approbo,Ms. Lois Rice,Fantasy,1963,7805613158299
cauda nobis sonitus,Gerardo MacGyver,Thriller,1977,9405619403706
turpis attero volaticus,Ethel Herzog,Fiction,2024,2096267116552
cupio crur surgo,Ismael Carter,Fantasy,1985,1904867398911
convoco urbanus ulciscor,Andy Hegmann,Biography,1950,9204338276997
degero vaco cuius,Elvira Senger,Thriller,1986,9657338682442
quam cicuta socius,Ida Mann Jr.,Romance,1971,3646516038368
amita adipiscor desparatus,Mr. Ismael Koss,Romance,2021,8949588940193
curatio ulciscor cerno,Colin Beer III,Romance,1975,9705632205502
arcesso tergum aeneus,Rachel Gorczany PhD,Science Fiction,1951,6229026184381
aduro thema decipio,Joan Dibbert,Fantasy,1952,2214936424888
cohaero circumvenio arcus,Toby Keebler,Fiction,1960,5086087495938
audax illo numquam,Brian Ortiz III,Thriller,1972,3969079254762
dolor velum timor,Mr. Christian Cormier,Biography,1981,8902413945058
cur utique tot,Jean Daugherty,Romance,1983,6108505702419
custodia molestiae communis,Tricia Gibson DDS,Fantasy,1995,9268960953142
corrupti ducimus victoria,Sheri Rippin,Mystery,1992,9544821048609
delego voluptatum angelus,Patrick O'Reilly PhD,Fiction,1986,8267995448746
defluo aggredior utique,Milton Wehner,Non-Fiction,1965,4420033069208
in vere sollicito,Felix Homenick,Mystery,2004,5822937092727
cariosus creptio vita,Toby Boyle,Biography,1972,3325099623268
necessitatibus vae arcus,Mr. Felix Renner,Fiction,1979,6417198870775
peior vilis qui,Kendra Wyman,Biography,2008,5590308992442
degusto laudantium defessus,Latoya Okuneva V,Fiction,1959,3212646382692
defluo voluptates aperio,Ramiro Hagenes,Romance,2010,1224726680827
stipes socius antepono,Ross Kessler,Biography,2008,5153261609799
ter valde spoliatio,Hugh Breitenberg MD,Mystery,1951,8993836804263
aveho aestivus carbo,Holly Bode Sr.,Non-Fiction,2018,3611358735571
undique appono defero,Marcos Schmitt,Fiction,1969,0664238695834
territo assentator aegrus,Jeffrey Leuschke,Fantasy,2013,4734823785789
minima adsidue valeo,Jack Wilkinson,Thriller,1986,6120572400699
officia quae virgo,Jeff Schuppe,Thriller,1968,6889106747996
attero creptio asporto,Cassandra Hoeger,Thriller,1980,4091658246451
vita arguo crinis,Saul Schaden,Mystery,1952,0344619282023
terror solutio comminor,Paula Marks,Mystery,1966,5826744806591
nisi vomito tego,Marianne Ryan,Mystery,2004,9991302670913
dapifer subnecto tribuo,Owen Kohler,Fantasy,1976,7294085865035
clibanus sub facere,Clifton Fritsch,Thriller,1970,5509630107122
curto sol unus,Shari Jacobi,Romance,2002,9542251511057
arbitro terminatio virtus,Desiree Larkin,Biography,1994,4009476258888
nihil vae ater,Salvador Koepp,Biography,2025,4551752353334
alo talio demo,Gerald Stark,Science Fiction,1972,4905237453530
amaritudo baiulus arbitro,Gerald Kling,Non-Fiction,1971,6759411757759
decerno adicio subito,Robin Howe PhD,Fantasy,2025,4067138226973
theatrum cito tantillus,Lee Mosciski III,Non-Fiction,2025,5727442865855
corrupti a explicabo,Henrietta Funk,Biography,1961,3196707671033
socius vinitor subiungo,Hugo Cummerata MD,Romance,1994,6436724298645
molestias soleo speciosus,Christina Fisher,Biography,1968,2957407318845
vobis videlicet texo,Mattie Haag,Fantasy,1977,9979306278232
summa solus animus,Nathaniel D'Amore,Thriller,2006,6489991385916
reprehenderit ullam trado,Herbert Kozey,Romance,1950,2645222235153
solus vomito torrens,Doris Harber,Thriller,2020,9246432901332
articulus deleo curriculum,Daniel Shields,Non-Fiction,1986,3966403793589
versus adimpleo antea,Violet Lubowitz,Romance,1991,4000367945608
viridis sed viridis,Dominick Armstrong,Romance,1988,8610084276663
commemoro ars reprehenderit,Miguel Cartwright,Thriller,2001,2048791749167
quo campana atavus,Brent Ebert,Biography,2000,7143417137492
video sono natus,Tonya Feil,Non-Fiction,1981,6422359122784
sto repellendus vinum,Flora Flatley,Non-Fiction,1956,0513229317413
tamen trans recusandae,Roberta O'Keefe,Non-Fiction,2014,4075674533227
acidus cunae sopor,Vanessa Hermann,Science Fiction,2009,0741368231730
adficio cubicularis claudeo,Brandon Ernser,Non-Fiction,1975,5213533216165
super assentator custodia,Bob Lebsack,Biography,2015,5338432886873
tersus vado defero,Richard Ferry-Hauck,Fantasy,2002,4842828276824
delego provident theatrum,Stella Corwin,Biography,2003,2618432166856
suscipit totidem abutor,Ralph Bartoletti Sr.,Biography,1984,7296856511612
vigilo conor spero,Kayla Daniel,Biography,1996,0133888760291
cuius degero aperiam,Alejandro Cormier,Romance,1995,4334495943906
pel angustus cervus,Max Emmerich,Fantasy,2021,2886963034910
verumtamen tutis alveus,Marcia Fay,Fantasy,1977,9082445042053
apud summa ager,Irma Herzog-Lockman,Romance,1979,7104453943371
necessitatibus volaticus thorax,Bruce Barrows Sr.,Biography,1971,6490405400188
tergo a subnecto,Elbert Sawayn,Science Fiction,1950,6069472102963
deinde adsuesco accusantium,Ricardo Gulgowski,Fantasy,1972,4489828290207
libero antiquus inflammatio,Evelyn Sipes V,Romance,1967,3551484400783
verumtamen solvo spiritus,Michael Spencer,Fiction,2016,6403190643764
decet suppellex sublime,Moses Nikolaus,Biography,1995,8955602736173
urbanus doloremque tero,Jeremiah Sipes-Littel I,Non-Fiction,1999,7277467059060
conitor despecto vobis,Gerald Tremblay,Biography,1992,2008950191644
decens curiositas quia,Marjorie Kling-Gleichner Sr.,Mystery,2000,3795928840120
suffragium antea uterque,Randolph Feil,Science Fiction,1998,2167342723686
verbum pel aiunt,Tonya Ortiz,Fiction,1979,6377506928419
molestiae cognatus cupressus,Jessie Moore,Fantasy,1995,6904294316585
concido perspiciatis tergo,Cornelius Orn,Thriller,1974,9066103566815
volva adeo unus,Alan Corkery,Fiction,2012,4168916116327
aetas cibus torqueo,Miguel Conn,Romance,1996,0239563434992
coruscus delectus solio,Everett Auer,Mystery,2004,1052500553886
sapiente cursus timor,Debbie Swaniawski,Biography,1954,6666657505697
valens quis approbo,Ruben Weissnat,Thriller,1964,6231692128709
maiores charisma similique,Brooke Davis,Non-Fiction,1992,4125894401879
careo caries clarus,Reginald VonRueden,Non-Fiction,1985,3520514395970
asper demonstro summa,Kyle Kiehn I,Romance,2018,8208225604842
arca cerno cruciamentum,Mamie Runolfsson,Fantasy,1999,2908891859872
illo illum patruus,Leslie Johnson,Romance,2017,1868186012588
itaque dignissimos ver,Mrs. Minnie Langosh,Romance,1973,7642058865812
consuasor aeger pauci,Dana Spinka,Thriller,1987,9465520453184
damno cariosus natus,Alex Moen,Thriller,2008,0563384506971
avarus valens amaritudo,Erika Heaney,Biography,2015,8632803915705
catena callide coaegresco,Dr. Don Wyman,Fantasy,2003,9467128415315
vir antepono peior,Curtis Armstrong,Mystery,2019,1780514806097
desino synagoga bellum,Bobbie Thiel,Fiction,2016,7501276998311
impedit adflicto unde,Alex Wuckert,Fiction,2005,9472702630610
umerus auxilium avaritia,Lila Hagenes PhD,Biography,1991,7368895127082
cena comptus laudantium,Richard Will,Biography,2001,9145595954116
appositus numquam stipes,Linda White II,Science Fiction,1967,1793141307854
supellex vir vester,Salvador Daniel,Fantasy,2006,1846853658054
nemo cogito illo,Oscar Daugherty,Mystery,2023,8799129266436
ventus tenetur aeneus,Jeanette Pfannerstill,Fantasy,2002,0938934414036
comis tui suadeo,David Fritsch,Mystery,1964,3322043432386
soluta virgo varius,Lois Fahey,Science Fiction,1985,6003414412774
approbo agnitio spoliatio,Miss Robin Torp,Mystery,1986,3893401661300
provident pectus advoco,Casey Lind,Fiction,1991,5594208078660
stabilis vulnero tener,Toby Dietrich,Fantasy,1990,2937759092615
patrocinor comis theatrum,Camille Christiansen,Fantasy,1968,3764726892656
verto curiositas cruentus,Rhonda Sporer IV,Science Fiction,1965,8633467695593
vulariter odit fugit,Rhonda Hyatt,Non-Fiction,1961,4725850548828
cruciamentum suspendo utilis,Pam Willms,Non-Fiction,2011,8817860150737
unde laudantium creber,Ms. Lula Strosin DVM,Fantasy,2012,5158314560043
condico a degenero,Dennis Gleichner,Biography,1960,5591514057071
victus utrum coniuratio,Jim Hansen-O'Connell,Science Fiction,1968,3198871188035
thymum depopulo spargo,Edward Kuhlman,Science Fiction,1966,6778170146805
certe fuga viduo,Minnie Mohr,Science Fiction,2007,0649817424233
dapifer tenus peccatus,Kendra Streich,Mystery,1997,3043275507238
amita tamisium corporis,Dr. Lonnie Brown,Thriller,2002,4644670046628
adsuesco subiungo claustrum,Ora Runolfsdottir DDS,Fantasy,1998,2187587807336
defetiscor delectus trans,Roger O'Reilly IV,Fantasy,1964,3750616248635
fugit adfectus calculus,Maggie Carter,Fantasy,2022,6705185683938
venio theatrum trucido,Lowell Rohan,Thriller,2022,7429135681030
provident defluo clam,Theresa Ullrich,Mystery,1950,1603642634893
cumque despecto caute,Kristopher Oberbrunner,Fantasy,2011,6756488809999
usus capillus totidem,Annie Rath,Biography,2022,0682499109260
corrumpo sulum admoneo,Roxanne McGlynn,Romance,1973,9165391516602
aggredior deprimo cado,Leona Hyatt,Mystery,2018,3570584913466
consequatur repellat venia,Christine Runolfsdottir,Science Fiction,2025,9082002761632
labore confero vis,Angie Beatty,Non-Fiction,2010,2507573027420
voluptatibus autem subiungo,Susie Zboncak,Romance,1970,1429825184738
beatae depereo suscipit,Mr. Terrell White,Biography,1967,5522230699349
ut sol umerus,Bessie Wyman,Non-Fiction,1983,3104654252823
damnatio deserunt cena,Mrs. Mabel Kozey,Fantasy,1954,2112429019461
universe viridis audax,Pauline Bartoletti,Fiction,1968,5815237684524
adsidue volup cunabula,Lance Runolfsson IV,Romance,1971,8992780859509
theologus copia apostolus,Beulah Dibbert I,Thriller,1979,0213952602542
antea clibanus arceo,Ernesto Mills,Non-Fiction,1981,0977542117690
decerno patruus suspendo,Dr. Kelley Leannon,Fiction,1951,1863612106397
eius cultura error,Taylor Haley,Non-Fiction,2013,4672470793212
coerceo doloribus vulariter,Joseph Sipes DDS,Non-Fiction,2002,2600238505000
adhuc umquam surculus,Jill Armstrong,Fantasy,1990,0660119438490
adiuvo abbas defetiscor,Jody Rohan,Mystery,1997,3916637026922
cavus uberrime amo,Alma Bins,Science Fiction,2017,5379563839869
suadeo vinco crinis,Sonja Romaguera,Biography,1985,2239465545552
agnosco vespillo solium,Dr. Constance Stiedemann,Biography,2002,7498585723848
quia crapula amissio,Lance Parker,Romance,1955,8753640735518
centum torrens calculus,Ray Cartwright,Romance,2024,3375094218970
sui temporibus dolore,Ms. Della Durgan,Romance,2001,6498201686646
speciosus nulla solutio,Ms. Carole Schulist,Fiction,2004,2847162922251
cui terror comptus,Gertrude Kessler,Non-Fiction,2018,1873218914937
dolor omnis beatus,Naomi Boehm,Fiction,1954,4764913333520
tardus admoneo laborum,Edmond Reilly,Science Fiction,2016,3536393716703
praesentium antea vulticulus,Cristina Jerde,Non-Fiction,2005,6486570974696
substantia ademptio tres,Ms. Cecilia Daugherty,Fantasy,2017,0460423182830
veritatis paulatim maiores,Beth Rippin I,Fantasy,1993,9593916367138
ocer aggero universe,Eva Buckridge,Non-Fiction,1952,9561146906428
conscendo aegre amplexus,Dr. Terrance Fisher,Romance,2008,3562804129886
aegre depereo vulnero,Ken Haag-Ondricka,Romance,1966,1579073657476
caterva pel beneficium,Martin Kiehn,Non-Fiction,2003,0485284502414
civitas somniculosus basium,Milton Gerlach,Thriller,1957,8842125499677
via eaque ulciscor,Maggie Satterfield,Science Fiction,2010,5033001391343
tergeo vespillo beatus,Dr. Norma Lueilwitz,Biography,2004,1299628611901
cupressus comptus nam,Paul Rowe,Science Fiction,1988,9255288701169
defungo arx votum,Lori McDermott Jr.,Biography,2021,7314485851902
cur truculenter uterque,Glenda Erdman,Non-Fiction,1994,0083447174745
trado desidero sapiente,Dave Williamson,Biography,1956,4203066191952
adficio adnuo curatio,Lucille Lindgren,Biography,2013,9472118016242
aeger quae arx,Brent Jacobs,Biography,1981,6438885158402
cernuus subito theatrum,Rachael Muller,Thriller,1993,5232398988368
victus demulceo pecco,Delores Jakubowski,Biography,1999,1560875865009
maxime tener vicinus,Glenda Feest,Thriller,2018,6099028934956
varietas similique caries,Dr. Freddie Lind,Mystery,1975,7591519937758
vomica tenetur sono,Claude Herman,Biography,2008,4736240273179
cribro damno inventore,Dr. Jeannette Torphy,Science Fiction,1988,6897806566741
ad armarium barba,Lyle Predovic,Biography,2015,4027454944053
atque quaerat autus,Alberto Daugherty Jr.,Non-Fiction,1981,5521666541145
appono approbo certus,Wilbur Turner I,Biography,2004,4562807763801
temporibus tamen celebrer,Frank Graham,Non-Fiction,1969,0667200782412
angustus quod vacuus,Mrs. Georgia Lindgren MD,Science Fiction,1991,0005416034892
suffragium adulescens creber,Peggy Walsh,Romance,2010,9255485927559
ager corporis cernuus,Lawrence Lubowitz,Mystery,2015,0842493314208
magni perspiciatis demens,Dr. Laurence Kemmer DDS,Romance,1984,3578828046869
dedico acervus canonicus,Cheryl Gulgowski,Romance,1965,4588679923567
vilicus credo astrum,Miss Mindy Christiansen Sr.,Thriller,1984,1805691304638
aranea deprimo asper,Jamie Welch,Biography,2003,1088026146628
viscus et nemo,Erin Casper Sr.,Fantasy,1989,5777071816481
ulciscor cupiditate demonstro,Dr. Vanessa Ward,Romance,1974,6708046362945
conspergo theca adipisci,Barry Howe,Thriller,1990,6981273761355
corpus adeptio strenuus,Luther Zboncak,Mystery,1960,9731987917477
caecus via rerum,Monique Walter,Non-Fiction,1969,8868819436140
tempora collum voro,Mr. Paul Abernathy III,Biography,1970,8733276206059
vita adduco vesco,Marcia Dare,Thriller,1955,5633957122242
vita impedit tres,Stacy Bayer,Biography,1958,2909228737566
adhuc arto comburo,Dana Cronin,Non-Fiction,1957,1414607030223
absorbeo summa utrum,Ollie Erdman Jr.,Science Fiction,2020,9836804367295
terminatio careo comburo,Lena Heidenreich,Thriller,1965,5584149095985
depraedor venia tergo,Roman Cronin,Science Fiction,2003,6179403619383
suus curo suffoco,Mae Monahan,Thriller,2002,4832124821090
alter credo sustineo,Mr. Cameron Goyette,Fantasy,1966,3123036408881
solitudo caelum bellicus,Tommie McDermott,Romance,1962,5999456278310
nisi decretum somniculosus,Ray Heller,Romance,1960,6022960454056
mollitia comprehendo quia,Devin Kihn,Science Fiction,1970,6347951388310
usus cibus subvenio,Candace Harber,Science Fiction,2008,8583274144521
ascit alius tenetur,Desiree Ratke Sr.,Romance,1981,2307662456702
delicate coerceo tenax,Bernice West,Fiction,2017,0331481484231
temperantia venustas summopere,Dr. Kayla Dooley,Non-Fiction,1952,4923763513978
adulescens antea clementia,Lena Kulas,Biography,1980,6609386221644
audentia truculenter arto,Molly Boehm,Non-Fiction,2013,6341882710480
trucido coruscus terra,Bill Rowe,Fiction,1998,2210590839993
concido complectus vallum,Craig Morissette,Science Fiction,2001,8730170803139
est vix aurum,Kathy Mills,Fiction,1951,5530320092453
odio comedo cito,Mr. Lynn Huel,Fiction,2022,0855269573826
placeat adulatio truculenter,Doris Harvey,Non-Fiction,1957,4185684450339
stipes tonsor summa,Shannon Brekke,Biography,2020,5885657681677
comis somniculosus rerum,Miss Della Gerlach,Thriller,1996,6722372997581
thorax auditor vox,Ian Willms,Non-Fiction,1986,0663557520157
trado stipes pel,Dana Hand,Thriller,2008,2307790954385
voluptatibus acceptus vorago,Becky Bins-Jacobs,Biography,1954,2145399350662
volup debeo comptus,Mr. Seth Schmeler-Schuster,Romance,2005,0824628491185
tredecim testimonium votum,Mathew Cummings Jr.,Non-Fiction,2014,9856764600108
quibusdam aperte titulus,Edward Lueilwitz,Fiction,1979,7125938062658
vis laboriosam sol,Gregg Rosenbaum,Mystery,2000,9924646741960
tolero aspicio conor,Cedric Prohaska-Jacobs,Thriller,1990,9645895765200
tamquam adsum debitis,Ryan O'Keefe,Science Fiction,1999,8455932440917
pecto ara astrum,Kay Kling IV,Non-Fiction,2025,5032666711363
veniam capto cubitum,Eva Kuphal,Fantasy,2013,5860653361185
eveniet conturbo vinculum,Sonya Kiehn,Fantasy,1973,9746190412380
surculus attollo paulatim,Miss Raquel Goyette,Science Fiction,1997,4592021438541
ventito auxilium unus,Fredrick Koelpin,Mystery,1959,4980201933950
deputo avaritia terminatio,Dr. Rex Prohaska III,Biography,1957,1638605286151
curo congregatio tenax,Gina Schmidt,Fantasy,1951,4327568959333
clibanus altus tristis,Renee Fay,Biography,1961,9361211542952
sponte facilis atavus,Ira Volkman,Fantasy,2008,3372752505160
amplexus sollers vivo,Rosa Funk,Science Fiction,2024,2249809876004
blandior antiquus degero,Kristi Ondricka,Science Fiction,1954,4572422396486
amita surculus paens,Norma Thompson,Fiction,1994,3693296874899
desino vallum accommodo,Randolph Mills,Fantasy,1997,1129754960347
ullus ut cervus,Mona Sanford,Romance,1989,8728715764967
vulpes utroque casus,Kyle Lubowitz,Non-Fiction,1993,0912905004953
tutis concedo curto,Paula Larkin,Fiction,2007,7079790368565
cras vitae corpus,Antonia Quigley,Fiction,1996,2282980059925
amplexus appositus audentia,Linda Bauch,Romance,2021,0227634176183
magnam sodalitas adsum,Emma Aufderhar,Thriller,2002,2685150631807
ademptio tego a,Miss Gwendolyn Lehner,Non-Fiction,1963,9402330396826
cattus tempore suffragium,Betty Lemke-Predovic,Fiction,2020,4162318758971
textilis spiculum minima,Ted Bashirian,Mystery,1965,5945671922059
adfero cursus tabesco,Jean Jast,Biography,2010,6377103388053
alius amoveo a,Roderick Hayes,Mystery,1959,7844006963048
tabernus adsuesco commodi,Brett Haley,Romance,1990,6952391520742
curo optio vapulus,Pauline O'Connell,Science Fiction,2007,8030045326259
tenuis fugiat vestigium,Ruben Hackett-Walker,Fantasy,1964,5451354253450
alter possimus validus,Manuel Ritchie,Science Fiction,2008,1931038564511
vestrum cado crudelis,Austin Kovacek,Biography,2019,2241985710872
accusator cilicium theatrum,Ismael Purdy,Fiction,1970,2485211871298
cupressus ullus universe,Ms. Shelia Bins,Non-Fiction,2014,0299344615038
virtus decerno quasi,Rudy Bins,Mystery,1993,9535408489116
expedita terebro addo,Tara Huel,Non-Fiction,1952,0185616585899
benevolentia titulus volutabrum,Dr. Leslie Mueller,Thriller,1978,4448507391443
tamdiu adversus trucido,Ms. Lynette Hessel,Fantasy,2025,2959306238573
quis candidus virga,Henry Johnston,Science Fiction,2016,4950901361484
volaticus tres aer,Delores Zulauf III,Mystery,1981,0073405677603
carpo pecco caritas,Javier Orn,Non-Fiction,1992,0558660632236
culpa maiores auditor,Jim Ratke,Biography,1954,4880081710163
crapula conicio thorax,Jamie Watsica,Romance,2004,4953539111419
illum carbo textus,Mona Schaden,Non-Fiction,1964,3466367883105
decretum ulterius doloremque,Krystal Kutch MD,Romance,1956,6799669852005
tener sunt demitto,Sherri Franey II,Science Fiction,1989,1157563787659
creptio conscendo admitto,Dr. Wendell Homenick V,Non-Fiction,1997,2667893184674
explicabo uredo carmen,Neal Kutch,Fantasy,1965,4699308718966
caelum ducimus surculus,Rodolfo Feil,Science Fiction,1978,0051837793142
vacuus conculco cilicium,Mrs. Alyssa Strosin,Science Fiction,1999,7134360460775
adflicto verus animadverto,Juanita Kshlerin,Biography,2000,8790572717228
tamen candidus terra,Francisco Cummings,Romance,1963,4887734300646
corporis allatus varietas,Vincent Bahringer,Romance,1965,0597398196161
cattus acceptus cultellus,Shelia Bins,Fiction,2002,6600508564878
textus autem demulceo,Darryl Grimes,Fiction,1970,7723684863476
tenuis solutio sodalitas,Elbert Kozey,Fantasy,2019,4966453657325
abduco succedo tubineus,Dawn Lang,Biography,2011,0789651897809
colligo et tantillus,Diana Witting III,Fiction,1966,8813041021608
benigne valeo cognomen,Aubrey Hammes,Mystery,2018,4503288059766
brevis cibo vis,Jan Schuppe-Hartmann,Biography,1966,9979003274373
aranea fuga thorax,Julio McCullough,Thriller,1960,6977103008186
unus ulterius veniam,Jody Schroeder PhD,Thriller,1986,9036989640715
undique civitas adversus,Kristi Marks,Thriller,1976,3564403569258
hic cetera exercitationem,Lula Daniel,Fiction,1967,5546588561149
utpote cursim delicate,Harvey Stiedemann,Fantasy,2016,6528468935131
adiuvo admiratio abstergo,Dr. Gail Hagenes IV,Fantasy,1996,7299581305014
summa tamisium arma,Hannah Stroman Jr.,Biography,2016,4768182557042
caecus aegre ocer,Dr. Doyle Feest,Romance,2013,7069692118488
abeo stultus aranea,Josefina Rohan Sr.,Non-Fiction,2008,3632157753925
conicio statua templum,Miranda Marquardt,Mystery,1969,0848705645311
crebro vicissitudo speculum,Kristie Haag,Mystery,1984,9336385290561
tendo trado patrocinor,Bradford Walter,Science Fiction,2008,2872754196753
averto balbus perferendis,Elvira Maggio,Thriller,2008,7048477752381
bardus tonsor ultra,Jack Will,Romance,2004,0425906962152
aetas sollers peccatus,Hubert Fahey,Romance,1994,4272305824190
villa beneficium capio,Pat Abshire,Science Fiction,1989,4094017575775
torqueo suffoco auctus,Gwen Zulauf,Thriller,1990,7575794947170
conturbo tunc corporis,Melba Gusikowski,Fantasy,1985,4671525959812
caveo tantillus careo,Erma Prosacco,Science Fiction,1983,6890948343853
viscus cicuta omnis,Sherri Heaney-Ferry,Non-Fiction,2025,9352972616310
contigo vacuus vix,Horace Fisher,Mystery,1951,4061716101799
consequatur vehemens cum,Dr. Eric O'Reilly,Biography,2024,9956796595328
soleo illo magnam,Austin Homenick,Fantasy,2011,2183038834717
utpote deorsum minima,Dr. Neal Bartell,Science Fiction,2000,2896309113905
adflicto ventosus atque,Ms. Angelina Ritchie,Biography,1987,6783367575061
universe animi aedificium,Danny Parker I,Biography,2017,4310632580710
valens torrens sollicito,Blanche Kuvalis,Non-Fiction,1959,6172588554089
inventore absorbeo dolorum,Glen Corwin V,Biography,2016,7430907911948
aliqua alias fugiat,Rudolph Mann,Non-Fiction,1977,1037127310104
arceo tardus defleo,Laurie Ernser Jr.,Fiction,1963,7011040168232
ratione averto stipes,Glenn Hyatt,Fantasy,1982,4254330291531
articulus sint texo,Krystal Oberbrunner,Romance,1995,9454097228459
deludo vae comptus,Bernadette Spinka,Fantasy,2010,6780408070145
aliqua tabgo suggero,Eva Bayer,Mystery,2013,7233798154362
subseco accusamus adinventitias,Leigh Lang,Mystery,1953,9342937184758
administratio desino enim,Heidi Gerhold,Fiction,1952,0919448092923
aegrus suspendo creator,Dr. Lynn Green,Biography,1971,4935069422066
nihil venustas quaerat,Ms. Angela Koelpin,Fantasy,1968,3568195378455
vilis tantum tergeo,Kathy Becker,Fiction,2007,5198577801453
cum conventus teres,Blanca Kohler,Romance,1954,0095164223096
curo cariosus sapiente,Larry Bradtke,Science Fiction,1981,8681379902802
laboriosam patruus viriliter,Lora Berge,Non-Fiction,1999,4332416050489
consequatur censura terror,Sidney Metz,Biography,1955,9296343673117
alveus vulticulus recusandae,Mr. Karl Casper,Fiction,2002,2790614379570
aedificium atavus arx,Ollie Stoltenberg,Mystery,2000,1383725372502
ara tempus substantia,Steve Gutkowski,Fantasy,1998,9303971011347
cupio collum temptatio,Lance Rohan,Fantasy,2023,7492089025329
summa optio solitudo,Miss Victoria Collier,Science Fiction,1996,5385981321233
dicta aperio calcar,Rogelio Stiedemann,Science Fiction,2001,2438164739047
molestiae tardus ultio,Salvador Harber,Fantasy,2009,7035739948704
arceo adulescens curo,Mandy Schaefer,Mystery,2018,4431075294100
eum convoco iure,Ross Tillman,Mystery,1984,7235942931356
cerno vito vespillo,Mr. Brent Smith,Romance,1966,1912910279855
nemo tum suggero,Noel Bednar,Science Fiction,1992,9474271123184
tutamen unde aeneus,Charlie Mante,Fantasy,1971,3636188783224
inflammatio cultura somnus,Arthur Hickle MD,Mystery,2017,0232760405817
antiquus subvenio id,Kari Maggio,Romance,1962,5068339585149
mollitia deprimo vinitor,Mr. Calvin Mraz,Mystery,1954,2646566443647
arma deleo sustineo,Martha O'Keefe,Science Fiction,1965,7507715191901
turpis sono voluptatibus,Jesus Grimes,Non-Fiction,2021,0397998116905
suppono nemo vilitas,Sherri Swaniawski MD,Thriller,1950,7014928897221
subiungo terror autus,Tina Kris,Romance,1969,6362626396128
adicio uberrime tracto,Mr. Timothy Langosh,Fantasy,1975,6501119451390
casso undique termes,Miss Kimberly Baumbach-Rolfson,Mystery,1992,7004791745755
succurro cubitum cupiditas,Mario Kulas,Thriller,1986,7901223930194
cunctatio decipio acsi,Celia Durgan,Science Fiction,1958,9130582341998
caelestis coma tunc,Ana Ferry II,Thriller,1980,9585440486355
tres amplitudo pectus,Moses Harvey II,Fiction,1977,1797353649725
cornu viduo vociferor,Clarence Hauck,Romance,2000,2886437511510
aestus suppono distinctio,Alex Bahringer,Science Fiction,2003,8544545574409
cupiditate comminor conatus,Jacob Blick,Thriller,1964,2646255966533
vestrum pauci toties,Kevin Kuphal,Fiction,1967,8139698771435
cupiditas adaugeo ait,Jorge Herzog,Fiction,2022,6446018983513
veritatis nam conscendo,Guillermo Rodriguez,Fantasy,2016,8783655661153
spectaculum solus venustas,Miranda Grady,Romance,1982,6118162265887
sperno ara consequuntur,Felicia Borer,Biography,1977,3005969808589
alius delinquo arcus,Kent Wisozk MD,Non-Fiction,1986,9190945764530
illum cernuus cimentarius,Monique Tillman,Mystery,1981,5796316098202
surculus ullam alter,Nathan Beer,Science Fiction,2013,9490023542028
corrigo sollicito reprehenderit,Emma Wunsch,Fiction,1994,0795301596177
benevolentia conforto decimus,Dr. Krystal Moore,Thriller,1958,0219240600524
alii coepi volva,Jerome Bahringer PhD,Science Fiction,2025,4974728925354
commemoro cinis ambulo,Antonia O'Hara,Fiction,2010,5774972608174
utrimque delibero tandem,Erika Hahn,Non-Fiction,2019,6263175439346
uter audeo trucido,Della Cummerata,Romance,1977,9435074522686
subvenio iste ulciscor,Shari Barton,Fiction,1979,5868944269837
cui attollo statim,Pamela Rutherford,Non-Fiction,2007,7640678933923
sto triumphus velociter,Rosemary Collins,Mystery,2020,1180917354569
aer deleo universe,Edwin Auer,Mystery,1986,7458042008313
abbas curo dedecor,Charlie Aufderhar,Mystery,1983,1419558026896
timidus succedo traho,Kendra Koss,Science Fiction,1958,4251270131038
currus ipsa thermae,Sylvia Bednar-Jacobs,Romance,1992,1431060930630
cariosus veritas tempus,Cindy Gorczany,Fiction,1985,3890633636064
crepusculum tergeo conatus,Austin Parker Sr.,Biography,1962,3736572770313
demulceo voluptates deinde,Tiffany Dickens,Thriller,1963,5206757779191
video vereor pel,Jorge Schuster II,Mystery,2005,0299783134068
conor cattus consequatur,Ryan Flatley,Fantasy,2020,9039244228730
decens aperiam ventus,Harold Collier,Non-Fiction,2019,6942419632292
impedit utrimque laudantium,Penny Olson,Romance,1981,0326531961559
laboriosam tribuo alias,Clifton Breitenberg,Science Fiction,1981,1002673306314
arcus vulgivagus sunt,Jerome Terry,Non-Fiction,1950,7507993803744
ocer taedium celer,Maurice Kulas,Fiction,2023,7519173835906
arto aegre aureus,Harvey Bartoletti,Science Fiction,2013,8680373952314
ex ventosus reprehenderit,Shelley Ullrich,Biography,1977,9590415906423
clamo quas arx,Alton Bode MD,Non-Fiction,1959,1775343011852
ab porro desidero,Diana Hagenes,Fiction,2023,4235165024086
asporto curia sui,Roy Dicki,Biography,2003,9304928575527
cruentus credo callide,Christian Hoppe,Fiction,2009,3103472372475
thalassinus sustineo auctor,Estelle Aufderhar Sr.,Science Fiction,1955,1805860242209
adipiscor tenus terminatio,Kristen Pfannerstill,Science Fiction,1980,5080300531392
curriculum consectetur nesciunt,Ms. Hilda Padberg,Mystery,1985,3129605624064
vesica fugit vestrum,Johnny Schimmel,Science Fiction,2017,4649790480311
adicio arma adinventitias,Lucas Hickle,Non-Fiction,1988,7526073887464
cometes qui solum,Loren McClure,Thriller,1989,1426589601598
suggero creator valde,Mr. Lance Abernathy,Mystery,1992,5562694319842
nisi dicta antepono,Rudolph Trantow,Romance,2008,7458929947847
fugit amiculum placeat,Irma Reilly,Mystery,2004,9383353845295
adflicto tibi cras,Ms. Eleanor Johnson,Fantasy,1969,4540661245476
tot eligendi denique,Dean Barrows-Williamson III,Non-Fiction,1982,0095265732026
stips dapifer cras,Mr. Rudy Abshire,Fantasy,1991,6720376131237
canto comis templum,Jesse Stroman,Biography,1997,5314213044389
vinitor utpote ultra,Mrs. Angelica Kris,Fantasy,1979,0467979140147
cum cena solus,Allan Pacocha,Biography,1984,6931861510054
angelus sollicito cresco,Frankie Bailey,Non-Fiction,2003,5384232713694
video tardus campana,Ed Walker,Science Fiction,2022,5447928852854
tribuo conqueror spectaculum,Mrs. Sally Ruecker,Biography,2000,1809530623241
tubineus confido eum,Michael Flatley,Fantasy,1952,2304258192465
soluta acquiro vulgivagus,Janis Weissnat,Fiction,1995,0871167684522
allatus ante debeo,Tami Bartell,Mystery,1974,1909533018494
thema condico delinquo,Tim Bechtelar,Romance,1980,5460087508135
cribro distinctio validus,Luke Blanda,Fantasy,1995,7053936379147
benevolentia demitto ventosus,Guadalupe Stoltenberg,Non-Fiction,2007,2782389144389
molestiae vado volubilis,Dean Hoppe,Romance,1956,1059415414738
accendo cumque caste,Benny White,Mystery,2014,7522611608547
appello sollicito utor,Samuel Parisian,Science Fiction,2024,3849159601626
termes dignissimos celebrer,Mr. Virgil Pfeffer-Reilly,Mystery,2023,3387081270602
abstergo viscus iste,Miss Joan Oberbrunner MD,Non-Fiction,1985,1598983081446
vetus aro vindico,Arthur Rosenbaum,Fiction,1963,3714229740145
ara summopere abeo,Mr. Frank Schneider,Thriller,1957,8655102317901
sponte pectus debeo,Sheila Jenkins,Fiction,1966,9995368438093
acidus theologus strenuus,Melody Schinner,Fantasy,1956,9302361500603
toties quidem dens,Louise Farrell,Mystery,2011,1695540854921
arbor tunc circumvenio,Andre Franey-Hauck,Thriller,2018,0683847931358
vereor degero id,Todd Ankunding,Thriller,1993,5832429705326
totus tendo amplitudo,Terry Fay,Thriller,1966,8977405933341
cunctatio tenuis aveho,Lillie Langworth,Fiction,1977,5646584347802
aureus videlicet dolores,Nichole Howe,Fiction,1989,3934104912424
acidus vae tollo,Levi Rosenbaum DVM,Romance,1975,4977255291150
addo valeo terra,Emanuel Nitzsche,Science Fiction,1951,7097704897505
confero admiratio antepono,Dorothy Schiller,Romance,1965,5642931032626
nisi vinco aufero,Christina Schiller,Biography,2004,1953594864300
color laboriosam calamitas,Lindsay Deckow,Fantasy,2010,0307965380759
pectus utor thesaurus,Emilio Gottlieb III,Romance,1970,3156435932568
magni tergo solio,Susan Trantow DVM,Thriller,1978,9427730315466
aiunt vespillo adstringo,Chester Bayer,Fiction,1983,6793851883099
vulpes terebro voco,Grace Welch,Biography,2006,6212169355954
terminatio triumphus delibero,Gabriel Auer,Mystery,1997,1652099030377
usque taedium velum,Dr. Marc Hilpert,Non-Fiction,1955,5042013581567
dolor veniam veritas,Julian Kihn,Fantasy,2018,0824413630757
abbas cogo odit,Mr. Sylvester Leffler,Biography,1990,7894236876389
degero copiose tertius,Mandy Hills,Thriller,1958,4755018767041
dedico amaritudo acidus,Theresa Quitzon,Romance,1968,1902632136299
cruciamentum cura supra,Jean Ratke,Romance,2022,6466369837685
cognomen vereor id,Francis Green II,Romance,1967,1143847616754
depereo deleniti campana,Raymond Bashirian,Romance,2018,3580470788654
accendo dolor stultus,Cecelia Thiel,Biography,1971,9507437502849
amita auctus admitto,Laurence Koss,Fiction,1968,0896446414793
complectus armarium vacuus,Violet Cartwright,Romance,2008,6072692286406
coadunatio ipsum perferendis,Sonja Klein,Romance,1954,6800364209385
pecto antiquus volaticus,Mr. Marshall Hand,Mystery,2011,9545230013141
delectus tantillus tum,Curtis Crona,Mystery,1987,3999031991390
absque socius averto,Dolores Huels,Mystery,2014,3120446971407
acceptus turpis adinventitias,Chris Erdman II,Fantasy,1997,4990351381261
thorax tersus auxilium,Kathryn Hirthe,Biography,2006,9460734549414
vae alienus communis,Mr. Oscar Bosco,Fiction,1956,5191641549713
sol odio ante,Mr. Rick Steuber V,Romance,1974,2798298747736
arcus omnis apud,Mr. Scott Bayer,Romance,1972,1788638796211
xiphias tredecim tergiversatio,Vanessa Parker PhD,Biography,2001,5499330292728
derideo tenus tendo,Anthony Pouros I,Romance,1974,1167355642350
tribuo aestus coepi,Hattie Monahan,Fiction,1954,2620992076743
capitulus aro torrens,Roger Ryan,Science Fiction,1955,0449126366203
subnecto patior admiratio,Amelia Marquardt,Fiction,2002,9052120393818
abutor comitatus curtus,Dr. Billy Prohaska,Thriller,1996,7082758199238
audentia tactus nostrum,Cory Beahan,Thriller,1999,1292055475646
cohors cras campana,Karen Gulgowski,Science Fiction,1957,8289093816531
temptatio harum patruus,Ms. Courtney Shields DVM,Mystery,1971,9368334931202
impedit aestas cuius,Dr. Henry Hudson-Farrell,Thriller,2010,7700348053854
arx aperio adaugeo,Esther Mayert,Mystery,1973,3065736578905
dolores vita ipsam,Miss Lynda Durgan,Fiction,2024,6437926195031
quos adnuo totam,Maurice Gerhold,Non-Fiction,1980,3024698081097
conitor curvo appono,Gloria Cronin,Fantasy,1959,5848703166916
tibi vilicus nobis,Samuel Shields,Non-Fiction,2021,2031333019837
spectaculum communis antea,William Ullrich,Thriller,2017,2510359743092
voluptas viscus tenus,Kevin Prosacco III,Romance,1956,9273359885182
stipes coerceo congregatio,Brandy Sanford IV,Science Fiction,2010,0579646839339
aliquam terminatio pecto,Simon Smitham-Hirthe,Science Fiction,2009,4573460422557
xiphias tam causa,Julius Turner DVM,Fiction,1979,4885612907708
ancilla cohaero stips,Esther Conroy,Mystery,2008,6997384188855
ubi ventus tandem,Eric Treutel-Marquardt,Romance,2023,1547935976500
argentum sustineo deripio,Mr. Winston Hermiston,Romance,1961,6235826873330
careo careo argumentum,Owen O'Connell,Mystery,1969,7318329328446
virtus esse abscido,Dr. Terrence Lockman,Mystery,1995,0594835577210
teres delego desolo,Mrs. Jacqueline Block III,Romance,1970,0431375802890
ago modi aggredior,June Hagenes DVM,Biography,1991,7336599062471
sopor corrupti adhaero,Brian Wehner,Science Fiction,1956,6842065571139
desparatus aequitas turba,Alton Kozey,Thriller,1950,2596836912040
temeritas pectus ante,Madeline Johns,Biography,1959,9245714273970
calcar tersus cunctatio,Kay Becker,Non-Fiction,2003,3360062373975
vis aranea sursum,Caroline O'Keefe-Swaniawski,Fiction,1952,9082099306102
tepidus caelestis verecundia,Kristin Sanford,Thriller,2010,8868203256370
vere amoveo sto,Jeanne Wehner DVM,Fantasy,2011,6712103281884
sonitus saepe thymbra,Aaron Heathcote DVM,Thriller,1958,1484820604768
arguo summopere summisse,Krista Romaguera,Thriller,2023,4905105073286
cupiditate dolorem torrens,Stacey Kuhic,Thriller,1987,0044801237471
turba ancilla architecto,Dr. Jared Mann,Mystery,1986,0617016032303
civis umquam adhaero,Genevieve Funk-Romaguera,Biography,1989,9300884940741
torrens acer ad,Israel O'Kon,Non-Fiction,1974,2817759637411
studio cresco velociter,Spencer Ziemann,Biography,1979,9165185630940
appositus coniuratio desipio,Gordon Bartell,Fantasy,2004,4810886253318
abbas dolor volutabrum,Brad Tremblay,Mystery,1959,5317729310560
verbera vociferor vacuus,Lucy Dicki,Biography,1973,7538898036199
caries dolor sonitus,Marty Stehr,Romance,1963,0585768808861
tam auxilium laborum,Traci Krajcik,Non-Fiction,2022,9686571216243
ascit ratione benevolentia,Inez McLaughlin,Fantasy,1989,4665742575819
somnus dolores eos,Abraham Schamberger,Mystery,1953,1059461644675
allatus asper adsidue,Santos Beier,Romance,1960,2256627939561
amicitia corrupti vis,Rafael Pollich,Fantasy,1993,0605018515551
in doloremque comminor,Walter Armstrong,Thriller,2003,3077799109042
tantillus aspernatur terror,Jorge Aufderhar,Non-Fiction,2024,6331250812621
defleo possimus vulpes,Scott Beier,Non-Fiction,1989,7786433116827
consequatur animus tantum,Freda Carroll,Non-Fiction,1985,1211397381554
tabella voco deputo,Mrs. Clara Harvey,Romance,1974,5082526645119
aperte id praesentium,Johnathan O'Connell,Fiction,1954,7492502975549
allatus adsidue careo,Gayle Rodriguez,Science Fiction,2023,3147417219184
correptius umquam suscipio,Dr. Roy Littel-Keeling,Fiction,2011,0199633913732
summopere cribro ater,Tyler Hermiston,Fantasy,1983,2389677028027
architecto terreo volaticus,Vanessa McClure,Mystery,2017,6040546789926
cicuta saepe torqueo,Tonya Schaefer I,Fantasy,2002,5650873704206
tenax tersus viduo,Donnie Bahringer,Biography,1951,3461198726209
expedita consequuntur cibo,Sheila White I,Non-Fiction,1986,9091774573617
cresco centum vigor,Ms. Erica Smith,Fiction,1957,0919772293233
neque combibo ratione,Darnell Schmeler,Biography,2012,5703472670025
calamitas venia conservo,Rhonda McClure,Fantasy,2009,7796109014232
dolor auxilium vehemens,Mercedes Kreiger,Science Fiction,2007,9303494442491
solutio incidunt paulatim,Cheryl Lowe,Romance,1981,9487813834242
thymbra comburo viscus,Manuel Heathcote,Fiction,1956,5681298320580
arbustum decumbo labore,Kevin Purdy,Science Fiction,2023,0757614150260
tabernus sumptus appello,Zachary Metz,Biography,1971,5954595609955
spargo deprimo tardus,Kim Larson,Non-Fiction,2006,2002973947012
velociter depono commodi,Sharon Aufderhar II,Fantasy,2023,2980886377753
comminor modi admiratio,Salvador Rice DDS,Fiction,2023,9458220253423
tunc sursum sustineo,Bryan Jacobi Jr.,Fantasy,2002,8527833429045
sumptus degusto vilis,Ebony Frami,Romance,1978,5867442860354
ambitus caute tertius,Malcolm Dach,Science Fiction,1973,7807956907991
credo degusto spiritus,Jeannie Kulas,Non-Fiction,2015,9221709477370
stella cetera decet,Gene Larkin,Science Fiction,2011,9527843908069
socius attero cibus,Elias Sanford,Thriller,1978,8534157056185
pectus confero alias,Elizabeth Hayes,Fiction,1998,7420712108551
a creo avarus,Mr. Sergio Bode Jr.,Fantasy,1970,4190902185980
alias denuncio repudiandae,Krista Kuhic-Jast Sr.,Romance,1984,7331025751448
suscipio capillus tardus,Mr. Perry McDermott,Non-Fiction,1964,5438619867208
subvenio temporibus cervus,Orlando Bode,Fantasy,1959,8646064563847
teneo aeternus coaegresco,Corey Bergstrom,Science Fiction,1958,5574820249824
vorax volup adipisci,Mrs. Cassandra King,Romance,2019,5525428337760
tersus sequi suspendo,Dr. Mona Price,Biography,1990,5138058183552
corrumpo patria libero,Marcia Klein,Fantasy,1995,1826935422610
avaritia spiculum venia,Gilberto Windler,Fantasy,1988,6060185340261
aegrus tener aqua,Rose Kreiger,Mystery,2000,8476898963604
spoliatio coniecto admoneo,Ms. Barbara Kunde,Non-Fiction,2002,6916587018409
dedecor celo vesco,Beatrice Rosenbaum,Mystery,1967,2002563769149
venia paulatim cito,Herbert Maggio,Non-Fiction,1997,7588957327829
confido coniecto aspicio,Rodolfo Gleason-Mosciski,Fiction,1986,0109054080959
statua eligendi cruciamentum,Mr. Keith Thiel-Bradtke III,Thriller,2006,4235265364083
vulticulus curo vestrum,Ramiro Koelpin MD,Biography,1998,3882272447543
officiis clementia clementia,Alex Lakin,Fantasy,2012,2413597947680
curriculum carmen cruentus,Elbert Feest,Thriller,2024,5685809532569
necessitatibus urbanus alii,Ryan Hickle,Mystery,1999,0395616417143
sit ascit arto,Mack Braun,Non-Fiction,1957,1908076726412
denego suggero arca,Esther Wilderman,Mystery,2007,0521274914703
dolores varius abduco,Jody Maggio,Biography,1990,8362913759441
deduco arbustum suppellex,Emily Wilkinson,Non-Fiction,1991,9706856649942
stella cupressus textus,Hugo Mertz,Thriller,1992,0077509686248
capio concido quod,Clint Jacobson,Thriller,2011,5579771779966
adflicto consequuntur suasoria,Veronica Harris,Thriller,1954,6792078008771
distinctio bellicus suasoria,Marjorie Emard,Romance,2014,6615541942652
dolorem decerno acceptus,Mr. Sidney Schmeler,Science Fiction,2025,8081941821073
tabesco tamquam apostolus,Dr. Chester Kuvalis,Biography,2015,2165392062225
barba vix usus,Steven Labadie,Biography,1980,2473369963378
cohibeo vestrum ut,Bridget Conn,Romance,2015,3264623691497
desparatus toties volaticus,Mr. Duane Hayes DDS,Romance,2013,5453754196896
titulus valens adflicto,Barry Pollich,Non-Fiction,1987,1915331873256
defessus adamo teneo,Tonya Fisher II,Romance,1975,3383988244675
excepturi temptatio tutamen,Nathaniel Ferry,Fantasy,2013,8542777722031
similique spargo decens,Fannie Schaefer,Non-Fiction,1960,6277020793035
conqueror tubineus trepide,Gordon Wiegand,Biography,2005,8326270329734
esse tricesimus cogito,Marty Price-Gleason IV,Thriller,1973,6356291762865
qui amicitia voro,Candice McKenzie,Mystery,2017,6597225177252
aufero cibo una,Colin Conn,Thriller,1963,0593698240370
comburo voveo cenaculum,Ross Breitenberg,Thriller,1993,0089050474176
urbs deinde abduco,Lance Stokes,Mystery,1976,2481065488826
collum bellum deleo,Erik Kutch,Science Fiction,1963,9641643759573
adnuo natus pax,Shelia Strosin,Fiction,2013,8815797448219
minima sollicito summopere,Mr. Carl Runte,Romance,2009,9132969581339
aperte labore triduana,Kenny Dooley,Fantasy,1958,7071768332582
tempus quaerat aggredior,Ricardo Ullrich,Fiction,1982,8982960013381
sto adeo nisi,Neil Koelpin,Non-Fiction,1953,0779421266016
adnuo arma caste,Dr. Julian Hettinger,Biography,1964,1987712218836
tollo cultura tres,Jackie Schaden,Thriller,2019,3619199883929
suspendo color tot,Monique Stark MD,Biography,1962,9236008361538
cometes claustrum crinis,Roy Sanford,Thriller,1975,6003032914254
eaque aut aegre,Toby Purdy,Biography,1961,9694294233939
tantillus soleo volo,Michele Volkman,Non-Fiction,1972,2568470276035
tepidus tabesco conscendo,Sonia Shields,Non-Fiction,1950,9123611500463
cresco vivo clibanus,Mario Wuckert,Fiction,1974,0767599306539
certus apto coniecto,Courtney Casper,Science Fiction,1971,9464437079959
quis communis urbanus,Dr. Pete Hettinger,Biography,1979,7352114781436
deserunt pauper cetera,Dallas Spinka,Biography,1979,2622189826517
beatus facilis claustrum,Elizabeth Stroman,Fantasy,2004,5336701698396
cogo ater civitas,Delia Sipes,Biography,2019,7411748307676
sopor sequi pecco,Elijah Cummerata V,Fiction,1965,5560110226537
verbera adaugeo vigor,Marty Bartoletti,Romance,2012,2728251894382
curatio crebro acer,Kellie Balistreri-Kilback,Science Fiction,1955,0259219673046
thema possimus sit,Dr. Marcos Ratke,Fiction,1986,1207812522456
molestiae curo textus,Tommy Lockman,Thriller,2022,3628942666401
cribro deripio thermae,Mr. Eduardo Larkin,Science Fiction,1950,6913598247297
candidus auctor cometes,Eddie Bednar II,Biography,2017,0545573933462
sunt theologus dicta,Casey Daugherty,Thriller,1961,4095261207429
somniculosus adhuc cotidie,Jody Krajcik PhD,Thriller,1999,6514774775724
aeternus agnitio talis,Kim Cormier,Mystery,2019,4086470123273
ullus ullam casso,Ms. Teri Thompson,Fantasy,1989,9730620923362
subito earum vulgivagus,Ethel Boehm,Fantasy,2003,6497025601599
acies coepi alius,Richard Casper,Non-Fiction,1972,9417476138200
accommodo optio corrumpo,Ms. Jan Mraz,Fiction,1955,2881768441750
stella nemo sol,Bobby Huels,Fiction,2017,1864808238918
cito quisquam optio,Dallas Metz,Non-Fiction,1990,2250187455296
commemoro aestivus denuo,Mr. Sherman Schmitt,Biography,2015,3159593660720
stips vester voluptatum,Franklin Romaguera,Mystery,1982,9817651703243
tabernus auxilium venustas,Theresa Nienow,Fantasy,1999,1256925476535
adeo basium valeo,Cecilia Quitzon,Biography,2003,1292349396947
ducimus crux auxilium,Dr. Jay Bosco,Biography,1951,3320781718338
curriculum truculenter canis,Shelley Kovacek II,Biography,1966,5065613970497
caute cometes aperte,Ben Mayert,Mystery,1960,8198904663143
rerum vehemens id,Charles Senger,Fantasy,2018,7351006160443
quibusdam cum acer,Robyn Kuhic I,Romance,1956,5811832453323
vinco varietas odio,Silvia Quitzon,Biography,1977,6261178024342
canis tam benevolentia,Rodolfo VonRueden,Mystery,1967,4369495693411
subito adeptio spargo,Rachael Dooley,Non-Fiction,1979,6497020795100
creptio tredecim timor,Brandy Rath,Thriller,1957,3082811567894
vix aliqua doloremque,Stacy Moore,Science Fiction,1965,8773961464655
argumentum desipio auctor,Adrienne Parisian,Romance,2013,8894758425161
adiuvo pecco una,Fernando Hegmann,Romance,2016,2389014652312
creta aequus asper,Kenneth Cruickshank-Legros,Fantasy,1978,6071845346612
termes officiis sui,Tracy Muller,Thriller,1971,6737067680296
somniculosus curis articulus,Maureen Daniel,Non-Fiction,1970,8333286984163
umerus nihil approbo,Stephen Robel,Non-Fiction,1972,2738668565992
tamdiu acidus dolore,Cary Pollich,Fantasy,1976,5643916317964
cinis adeptio confero,Dr. Charles Tillman,Non-Fiction,1954,9671280878628
vinitor porro aspicio,Lana Flatley,Fantasy,1963,6078780413369
bonus cur alias,Opal Reichert,Romance,1990,5721609918436
cariosus cur enim,Alexis Smitham III,Mystery,2006,1584633534379
textilis calamitas conturbo,Tim Marvin,Biography,1967,3128870567360
arma cernuus vulgivagus,Bridget Haley,Thriller,1993,8888208111239
uberrime vilis vos,Antoinette Kulas,Thriller,1959,1274695061605
cunctatio subiungo desino,Isabel Franecki,Science Fiction,1966,0978676065986
tamquam tantillus cur,Albert Gleichner,Science Fiction,1973,7343174935056
quia decet dolorum,Mr. Charlie O'Connell-Hettinger,Mystery,1971,8690123212066
vacuus defero defetiscor,Dewey Dietrich,Thriller,1980,2440157795854
iure talio adipisci,Chelsea Abernathy,Non-Fiction,1976,8582803825065
amitto adinventitias venio,Ethel Wuckert,Non-Fiction,1997,0038962811009
triumphus caelestis absorbeo,Kent Hartmann-Kemmer,Fantasy,2014,3534567066787
complectus vulgus candidus,Ora Borer,Non-Fiction,1952,2201055047523
suscipit vulticulus uterque,Pablo Boehm III,Thriller,1972,1021822236438
abstergo templum vitae,Susie Buckridge,Fantasy,1987,2694063143222
atrocitas odio umerus,Miss Sadie Spinka,Biography,2017,1123299366589
curia mollitia denique,Jeannie Berge,Romance,1969,2050118375666
vereor deripio vallum,Muriel Medhurst,Thriller,1972,5340973529283
vito volaticus eaque,Beatrice Rau,Biography,1972,9921901659483
est absque eveniet,Lyle Adams PhD,Fantasy,1989,5976376987090
tamdiu stultus copia,Miss Diane Quitzon,Non-Fiction,1992,4824652095261
vitiosus adhaero adopto,Hugh Crooks V,Romance,1988,7465675097930
arma cunctatio acies,Celia Kshlerin Sr.,Romance,1954,5643850783930
apud error audacia,Thelma Larson,Fiction,2025,5639474987355
sumptus articulus quas,Dustin Moen,Thriller,2005,9422290446249
aliquam suus deleo,Virginia Auer,Biography,1960,3398505225242
cohibeo debilito abutor,Molly Gusikowski,Romance,1978,0904455328548
pariatur vacuus demergo,Samuel Schroeder,Fiction,1978,1363428653148
depromo vulgus cerno,Shane Shanahan,Fiction,1994,4424469830339
appositus volva magni,Dr. Hugh Romaguera,Romance,2022,2294776340816
vilis sonitus adaugeo,Myra Parker-Metz,Non-Fiction,1950,3384041768206
tutis facilis copia,Virgil Sawayn,Thriller,2001,2479563382738
spiritus quas deduco,Tony Braun III,Mystery,2006,4687266917152
bis titulus comparo,Shawna Stoltenberg,Biography,2016,6413456989179
confero aestus tantum,Martha Bogisich,Romance,2018,5780627706341
sublime bellicus depulso,June Kautzer,Fantasy,1958,5365470164610
aggero aspicio creo,Elijah Wisoky IV,Fantasy,1967,8427473381317
depereo deprimo nobis,Ismael Erdman,Science Fiction,1958,1734343037915
aestus atavus aiunt,Nicole Leuschke Jr.,Thriller,2025,5122176435671
conculco caput templum,Toni Cartwright,Biography,2008,9595657323822
aegre anser canonicus,Sidney Doyle,Fiction,1954,6015605470210
adversus acidus culpo,Emanuel Schmidt-Senger,Science Fiction,1982,6674914179651
tubineus voluptatibus supellex,Emily Kassulke,Mystery,2010,6043860574949
ancilla calculus vulgus,Terry Grady,Science Fiction,1960,3311905937662
super ter cito,Bradford Klein,Fiction,2009,2028012482462
nulla deporto eveniet,Johnnie Bogisich,Biography,2013,7504704194892
doloribus ventus curtus,Bob Stiedemann,Biography,1981,6384919060650
tam sonitus vado,Lindsay Heidenreich,Non-Fiction,1961,1049202484367
aequus curvo adstringo,Doris Sipes,Fantasy,2013,3850016486340
summopere amaritudo turpis,Mona Becker-Brekke,Non-Fiction,2016,8145541473450
conservo adeo attonbitus,Dean Bashirian,Mystery,1981,4400484548841
vitae amet currus,Daniel Shields,Non-Fiction,1968,7511674197464
videlicet uter decens,Cassandra Von,Fantasy,2022,4094287374570
dedico ad conicio,Eddie Hintz,Mystery,1983,9056390445485
coerceo teres comitatus,Dr. Ken Wintheiser,Non-Fiction,1998,8541419288885
averto deserunt cruciamentum,Lorene Reichert,Biography,1979,5908777199524
caelum cattus ubi,Greg McClure,Romance,2005,5988714400634
odio cogo cur,Miss Mercedes Reinger,Fiction,1994,9373264083847
advoco bardus comes,Dolores Terry II,Fiction,1958,4211239152448
audio aequitas correptius,Miss Marta Becker,Biography,1988,4412394664746
vicinus agnitio aveho,Gerald Wisoky,Non-Fiction,1995,9736247676006
surculus cibo aetas,Archie Bechtelar,Biography,1991,7021285193981
abundans calcar deludo,Mr. Evan Mueller-Bergstrom,Romance,2021,4466915593986
titulus confugo super,Beulah Torp,Romance,1985,5007479275945
curis termes coruscus,Arlene Daniel,Mystery,1984,7681990617824
infit ratione canonicus,Clarence Wisozk,Fantasy,1972,9882975010156
curvo degenero quibusdam,Matthew Wolf,Romance,2017,0012394785505
venustas vinum sed,Nichole Carroll,Fantasy,2001,2560763707819
virga amitto aegrotatio,Benny Muller,Thriller,1951,7268415071674
despecto claro quia,Dexter Stanton,Science Fiction,1965,9452967663604
apostolus architecto quo,Henry Hoeger,Thriller,2025,4374174971269
sufficio caelestis cumque,Sarah Kerluke,Thriller,2025,8300826015824
infit administratio cultellus,Brad Effertz-Grady,Thriller,1961,7149314918165
ducimus aufero tamen,Lisa Wyman,Non-Fiction,2016,0610550847406
triumphus accusantium ventosus,Dr. Byron O'Kon,Non-Fiction,1956,9459153854917
conturbo curis degenero,Wm Stark-Leffler,Biography,1991,1177949768052
caecus comminor possimus,Clinton Greenfelder,Thriller,1969,4125827770137
consequuntur verto repudiandae,Frankie Maggio,Science Fiction,1974,5818890416794
incidunt voro cibus,Diane Gislason,Mystery,2014,3952548864374
volo demergo vero,Anna Johnston-West,Science Fiction,1987,4367016499804
clibanus substantia tres,Tabitha Stoltenberg,Thriller,2001,6566528377597
caterva atque sustineo,Alton Little,Non-Fiction,1987,3028947331649
cum spiculum aliqua,Inez White,Mystery,2006,2806151499433
sub rem qui,Henrietta Lynch,Fiction,1998,5702496083753
curtus necessitatibus minus,Mr. Malcolm Schulist,Fantasy,1970,2764144639384
vestigium voco tabernus,Elsa Fay,Non-Fiction,1960,2168853093179
ultra depulso aggredior,Julian Kertzmann,Science Fiction,1971,3333446922211
voluptatibus caste adfectus,Lela Schowalter,Biography,1954,9892062331823
adfero cubo utrum,Myra Gislason,Mystery,2024,8370037094838
totam comedo arca,Josephine Heller,Mystery,1974,9085097144872
vobis vitium in,Philip Willms,Biography,1995,5094551127685
decumbo arcus theatrum,Jackie O'Hara,Non-Fiction,1974,8514279189550
cognatus cruentus suggero,Dr. Glen Murray,Biography,1965,9124989185526
averto cumque iusto,Dr. Andy Kilback,Romance,2017,0934478493812
despecto caelestis derideo,Ms. Kathy Tillman,Fiction,1958,4594212743094
sub soleo cui,Darrin Walsh,Fantasy,1998,4782284364405
vado summa creta,Leo Walsh-Olson,Thriller,2003,6598745296282
arbustum curvo vespillo,Ruth Hahn,Fiction,1970,0413074845777
reprehenderit sub substantia,Mamie Runolfsson,Thriller,1957,1220172361973
tepidus conduco vis,Antonia Roberts,Non-Fiction,1984,6973216832234
voluptates caste accendo,Patrick Kohler,Mystery,2003,9412531087802
vinculum atque veniam,Deanna Welch,Romance,2007,9475145026330
cogito cunctatio ratione,Bernard Padberg,Fantasy,1996,5302083021451
asper suppono tabgo,Emanuel Block,Fantasy,2008,8651955286331
ventus absens utpote,Luke Reynolds,Non-Fiction,1997,9763264253439
confero aedificium vos,Carmen Dooley,Non-Fiction,2024,3081501280798
tricesimus creta usque,Cynthia Ryan,Fantasy,2009,3174404451242
avaritia absque dicta,Rosemarie Skiles,Biography,2011,3862228539555
succurro bis vulgaris,Dorothy Schumm,Fiction,1952,3192729943260
undique varietas tempore,Marcos Hessel II,Non-Fiction,1980,5139528514899
sono aspernatur bos,Margie Fahey,Science Fiction,2000,2871926883091
acies amplitudo laudantium,Chelsea Watsica-Ritchie,Thriller,2015,1213271859481
allatus contigo voro,Dr. Erick Hane,Science Fiction,1982,3286318655914
pecus pax speculum,Tommie Rau,Science Fiction,1984,7266630106968
virga conqueror arx,Muriel Koelpin,Thriller,1999,4816092816269
casus sursum pariatur,Melissa Konopelski,Biography,2010,4831977529690
creator argentum utrimque,Mr. Timothy Goodwin,Science Fiction,1967,2612359784518
umerus voco turpis,Bethany Gleason,Science Fiction,1992,7617326608987
terga delectatio tergo,Emma Schaefer,Thriller,1980,1410377018542
sed arcesso concido,Alfred Nienow DDS,Thriller,1985,7551571356101
tamisium vulgus vos,Barbara Bartoletti,Fantasy,1990,4809826597432
debitis allatus minus,Katie Lemke,Mystery,1955,7486639242935
suppellex desolo vox,Elizabeth Ward,Fantasy,1985,7794209503483
utilis ullus volo,Lauren Metz I,Non-Fiction,1999,0641365237836
atrocitas enim videlicet,Homer Ledner,Non-Fiction,1978,0582815755767
cimentarius attero attollo,Judith Bogisich,Biography,1975,1285564971113
vindico vilicus demum,Shaun Thiel,Non-Fiction,1987,2405558229868
solum aegrus appositus,June Ernser,Biography,2023,9392099611862
bibo fuga pel,Donnie Dooley,Thriller,1968,9561538395064
aperiam audentia suspendo,Clinton Hessel,Fiction,1967,6619017820430
aqua suscipit ventosus,Jill Moore,Romance,1977,7950940341244
sunt vitium decipio,Dr. Lindsay Greenholt,Thriller,1969,8506225893488
crebro possimus curo,Ron Langworth,Fiction,1980,8464531686961
talus tribuo non,Amber Hegmann,Thriller,1959,8119644953975
capto arbor cinis,Kelley Bradtke,Fantasy,1996,2450222874722
cimentarius culpo placeat,Georgia Bednar,Mystery,1991,7064972557629
crinis tum sustineo,Josephine Jacobi,Mystery,2006,0814046583341
quasi ars absconditus,Velma Kozey V,Biography,1981,4356653046680
verecundia tres vel,Christopher Kerluke,Fiction,2013,6791607624623
deinde cohors demonstro,Dr. Drew Hammes,Biography,2014,2733862909161
amicitia angulus odit,Verna Bailey,Biography,1970,5232110322438
solus stips comparo,Laverne Morar,Fantasy,1972,3984651951997
vito cogito curvo,Natalie Maggio-Hayes,Thriller,2017,7263741828980
cetera desolo solvo,Randall Cummings,Romance,1958,8247134699351
adsuesco suggero crustulum,Dr. Dan Wisozk,Fiction,1991,1656197550439
beatus ocer comitatus,Leslie Ledner V,Thriller,2003,5461447524902
tersus traho villa,Gregory Jacobi,Fiction,1961,4570851938188
nihil vestigium teres,Kate Paucek,Fantasy,1954,6780333337118
canonicus vero dignissimos,Julio Barrows PhD,Biography,2009,7538850567092
admiratio vobis creber,Adam Mosciski,Mystery,1963,8337554992506
ademptio denuncio via,Cecelia Emmerich,Science Fiction,2012,3153630628627
suasoria absconditus tendo,Bobby Miller,Biography,2006,0569649802246
tempus sperno eligendi,Rogelio Kirlin,Fantasy,1952,5521500436660
quibusdam collum vomito,Perry Wisozk,Biography,1992,0417480690403
solum correptius thesis,Caroline Johnson,Fantasy,2001,2587352171500
impedit amo tametsi,Mr. Jorge Greenfelder IV,Non-Fiction,1979,9036243688764
viscus allatus socius,Shaun Jacobs IV,Thriller,2017,6343870214452
adflicto ter delectatio,Anthony Kassulke,Romance,2024,7740686776447
modi cerno virtus,Dominic Haley,Romance,1997,2617098417629
aequus trans tondeo,Robyn Koss,Non-Fiction,2021,1039490817684
vox avarus possimus,Bob Hickle,Science Fiction,1977,3771433638497
comitatus volubilis virgo,Otis Deckow,Thriller,1992,4766579658537
quia placeat damno,Edmund Wiegand,Non-Fiction,1964,7151673664720
cognatus defessus cupiditate,Dr. Jimmy Treutel,Science Fiction,2008,8925819043059
ter caste spargo,Earl Mraz,Biography,1982,9698416115620
patrocinor derelinquo torrens,Victor Bosco,Thriller,1957,9899655857168
tabula sunt aegre,Bethany Buckridge,Fantasy,2005,8521976648069
tabgo excepturi corrumpo,Herbert Wyman,Thriller,1986,0363944671049
ventosus vesper alo,Marion Hickle,Non-Fiction,1977,9000699812102
celo compono urbanus,Lula Herman,Fiction,1994,3603428359429
tempore aegrus deduco,Salvatore Harvey,Mystery,1975,3437439209655
maxime titulus carcer,Inez Block,Romance,1970,2057110895035
laudantium nostrum vergo,Eloise Daniel,Biography,1975,7322265374129
aestus demergo spes,Terrell Wuckert,Fiction,1990,1982788422427
copiose alo subiungo,Gregg Mitchell,Fiction,2002,9231489663882
suscipit atrocitas cornu,Jeannie Koelpin,Fantasy,2020,0827524369505
urbs allatus ascit,Ricardo Volkman,Romance,1983,6309056098937
perferendis viscus vesica,Valerie Volkman,Thriller,1971,9640618799935
audacia tondeo solvo,Tiffany Schulist,Thriller,1988,4543860560228
ventosus attero quibusdam,Clayton Stroman,Biography,1980,1609020376116
unus aestas arbitro,Gretchen Mitchell,Non-Fiction,1987,9676547819148
stabilis vomica amet,Dr. Lillian Gleichner-Kulas,Science Fiction,2013,5051952661803
laudantium voco officia,Edmund McClure V,Non-Fiction,1967,0980366371656
curriculum aliquid delectatio,Guillermo Windler DDS,Biography,1978,7430748110370
conatus id odio,Joan Lakin,Biography,1969,0122109882943
quibusdam altus adflicto,Grady Doyle,Science Fiction,1984,0876923952385
depromo ter universe,Roger Runte,Fantasy,1965,0292226711517
venustas summa tenetur,Antoinette Lesch,Thriller,2024,8883742839652
viridis patruus spargo,Brad Toy,Fiction,1981,7680212249863
cunae angulus officiis,Jennie Gleichner,Science Fiction,1979,4053404154834
traho theatrum utilis,Roderick Bechtelar,Romance,1969,1433516571804
victus voluptate tondeo,John Steuber,Thriller,1957,0295413071179
decipio omnis charisma,Jackie Barrows,Biography,2017,9075184724107
tam desino agnosco,Brandi Reilly,Thriller,1984,9650582962905
vilitas vinitor apto,Linda Legros,Thriller,2025,0550052241499
annus asporto ter,Joshua King,Non-Fiction,1972,9160255350643
cohors vester antea,Melba Murphy I,Biography,2022,6917739624833
deporto tui iste,Dana Nolan,Romance,2015,7392012506229
stella deludo provident,Jerry Thompson,Biography,2010,7693258449315
vindico decerno combibo,Lila O'Keefe,Thriller,2013,5537001691294
comes thalassinus testimonium,Crystal Beatty,Non-Fiction,1992,6930214386896
colligo vulnus terga,Armando Koepp,Mystery,1953,5201698071954
amicitia clementia cursus,Peter Koepp,Non-Fiction,1964,4994277223992
bellum quidem tremo,Duane Harris Sr.,Thriller,2001,0896108048671
terror quod traho,Richard Skiles,Mystery,2014,0353622698630
tricesimus summisse autem,Jorge Welch,Science Fiction,1967,5973218026441
ulterius commodo suadeo,Nicolas Koss Jr.,Thriller,1992,2243239012431
accedo antea triduana,Debra Kreiger,Science Fiction,1968,9810151262810
commodo officia aperio,Miss Belinda McClure,Romance,1976,5817843665046
blandior tricesimus dens,Jay Bartoletti-Kilback,Mystery,2004,1626361305894
cuppedia creator defessus,Lynette Effertz-Langworth,Science Fiction,1993,7982881465219
in admoneo bos,Diana Kuhn,Mystery,1996,2616267864602
abundans thermae ratione,Krystal Abshire,Thriller,1954,3682480070967
alius vae baiulus,Shirley Spencer,Fantasy,2001,3755794832323
vulnus advenio pecto,Archie Johnson,Non-Fiction,2024,6324742721984
toties taceo subseco,Renee Hamill,Biography,1955,6400940002620
id aut degenero,Paul Boyle,Biography,1989,5624434749518
dedico vulgivagus umbra,Mr. Cesar Baumbach DVM,Mystery,1966,6455005131123
cuppedia cena a,Jean Nicolas Jr.,Fantasy,1982,5869977747775
sumptus timidus amor,Taylor Kuphal,Fiction,2002,8222262229084
infit via inventore,Charlene Kub-Donnelly,Fiction,2024,1362864097800
adipiscor amplexus summopere,Sonya Emmerich-Russel,Biography,1985,4313400677684
adimpleo vir tripudio,Lee Anderson,Mystery,1972,0338707841566
calamitas aperio cui,Christina Gislason,Fantasy,1951,8041084736542
cerno corpus comes,Kelvin Halvorson,Romance,1956,9871054907820
expedita est adimpleo,Taylor Brakus,Biography,1974,4209935334390
ambitus advoco et,Dr. Lester Adams,Fiction,1983,6872969848215
arceo sonitus valeo,Eula Considine,Biography,1990,1976096834246
autus adipisci cotidie,Dr. Tracy Erdman,Mystery,1961,2884750450817
deprimo tergo eius,Rachael Ullrich IV,Fantasy,2019,8310470763432
bestia voluptatibus aptus,Toni Daugherty,Fantasy,1995,7973253678172
angustus vilicus cupiditas,Kristie Sipes,Fiction,1957,2659821379724
tepesco via conicio,Tracy Harris,Romance,2022,2032126555772
cometes conforto sapiente,Tommy Kemmer,Science Fiction,1968,2409404794718
tondeo corrumpo ciminatio,Sadie Mertz-Veum,Science Fiction,1965,0067337443191
suadeo surgo tardus,Sonja Davis,Science Fiction,2021,3834369066657
aptus defleo tyrannus,Colin Bernier,Science Fiction,1966,8388114609683
curso numquam allatus,Dawn Jacobi,Biography,1995,1261233108993
vitae reprehenderit vulticulus,Elsie McClure,Non-Fiction,1974,0932871047054
abduco aliqua vulnero,Lynette Bruen-Treutel,Fantasy,2014,3914365959926
sodalitas spiculum vulgus,Courtney Kreiger,Biography,1996,9416982515917
utrum molestiae auxilium,Roberto Mann,Fiction,1966,4400679845891
vester facilis decretum,Mr. Leo Bartell,Thriller,1955,6071141135934
eum titulus conicio,Kelli Bartoletti,Thriller,1990,0864128629116
reiciendis peccatus compello,Shannon Hessel,Non-Fiction,1958,0560950767669
subito supellex benevolentia,Eric Bartell,Mystery,1974,2357567370609
tamen eum alioqui,Jody Abshire,Biography,2025,9546468690392
alienus spoliatio quae,Kim Schuppe III,Fantasy,2002,9843642145810
veritatis optio cetera,Louis Erdman,Science Fiction,1964,2206811227140
vir tergeo canonicus,Andy Zboncak IV,Romance,2011,6602377355430
adduco aedificium theca,Russell Kuphal,Fiction,1970,5834899075805
eligendi hic sub,Sammy Krajcik-Spinka MD,Biography,1961,3668211171482
usque deprimo voluptates,Chad Lesch,Fiction,1954,8678110390572
conspergo sum allatus,Ross Dickens,Romance,2024,6837970620140
appono terminatio asper,Margie Abbott,Non-Fiction,1992,0638476439330
vindico eum accommodo,Jennifer Gleichner,Romance,1975,5794820265083
tamen harum terreo,Dr. Joe Mertz,Fantasy,1981,7261520640968
demo uter deserunt,Tracy Goldner,Non-Fiction,2011,3841781795726
centum deleniti agnitio,Willis Stracke Jr.,Biography,1957,0849078451539
labore voluptate vulgaris,Lorena Lehner,Science Fiction,1952,0204393794055
canonicus aureus temporibus,Allison Leuschke,Romance,1959,1829495897510
cubo volup occaecati,Cedric Jones,Fiction,2006,9852395169678
torqueo somniculosus depereo,Roberto Bayer,Mystery,1955,0372397487335
aeternus nesciunt demitto,Russell Conroy,Romance,2004,2231530871855
ullus vomica vetus,Erin Crona,Thriller,1953,8880145951965
valetudo caelum spectaculum,Gabriel Weber,Non-Fiction,1995,9544167467406
thalassinus soleo veniam,Tracy Parker,Fantasy,1952,8691921456965
caute ter temporibus,June Kessler,Fantasy,1993,5227116932302
certe demo substantia,Leona Boehm,Science Fiction,2023,7462614461081
vilitas condico arx,Robin McLaughlin,Biography,1967,3797549383671
architecto agnitio venustas,Anna Hyatt,Biography,2025,8832479763119
nemo decet denuncio,Angelina Huel,Science Fiction,2015,9285128074562
suadeo demitto thema,Joe Ritchie,Thriller,1960,4591982653542
vere vulariter aggero,Sonia Swaniawski-Kovacek,Biography,2018,0713397575040
victoria theatrum stillicidium,Lynn Casper DDS,Science Fiction,1962,0628711555930
curriculum repellat ubi,Kara Nitzsche,Non-Fiction,1968,2100611382032
vir sumo currus,Joan Harvey,Science Fiction,2022,0613447275043
dedico volutabrum thymum,Tomas Ritchie,Science Fiction,1997,2664772835223
cerno quos volo,Darryl Wolff,Non-Fiction,1966,1599421777884
crustulum ater usque,Lance Haag,Thriller,2020,7332510480072
eos terra sursum,Frances Marquardt-Kshlerin,Science Fiction,1994,7591423713833
antiquus tepesco paulatim,Bernard Kunde DVM,Fantasy,1964,4198554746441
aptus sponte absens,Al Russel,Thriller,1950,1116102655177
theologus clarus aufero,Mindy Bashirian-Barton,Romance,1952,3242517086424
porro tamquam cogito,Roderick Durgan III,Romance,1961,3259166814418
exercitationem credo ea,Angelo Botsford,Thriller,1984,2064526633800
valde bonus dedico,Rachael Krajcik,Fiction,1990,4948513145629
animus quae paens,Mr. Melvin Williamson DDS,Fiction,1966,2532725084798
odio xiphias spiculum,Annie Hoeger,Biography,1990,9134153807170
teneo natus denego,Dr. Andres McClure-Herzog,Non-Fiction,1950,6006590249548
comedo summopere corrumpo,Dr. Cristina Bednar,Science Fiction,2025,7870962891976
contabesco contego aureus,Bruce Kovacek,Biography,2004,8315883986123
celer agnosco adipiscor,Victor Koss,Biography,1996,1235672663255
comitatus commodi autem,Gladys Glover,Mystery,2022,5251789659694
sublime suppellex enim,Lorenzo Schultz,Romance,1973,9013230245198
sponte bos tempore,Regina Friesen,Fiction,1997,0452534747845
tres vehemens amita,Maggie Ernser,Biography,2001,5833030773354
corroboro tutamen conscendo,Chad White I,Non-Fiction,1969,2285081176220
illo decens adficio,Denise Glover,Romance,1967,6405228846668
aliquid ater nesciunt,Maxine Abernathy,Romance,2006,3748337697412
deprecator comparo sto,Beulah Kshlerin II,Romance,1997,8006170265757
suadeo tempus nemo,Kendra Greenfelder,Mystery,1951,8916697372784
mollitia vulticulus vomer,Colin Olson PhD,Fantasy,1958,6447803185042
deputo spero corrigo,Dr. Kurt Metz,Fantasy,1997,8868306152674
deorsum a virtus,Jerry Hagenes,Thriller,1987,6953975173430
aliquid praesentium abstergo,Abraham Johns,Fantasy,1978,9399773613725
argentum cenaculum admitto,Justin Kutch,Mystery,1974,2404884355190
adduco taedium conitor,Felipe Bins,Thriller,1988,6316123622688
ad comes vespillo,Samantha Kovacek,Science Fiction,1976,9781523943013
ipsam voluntarius vinum,Alton Moore,Fiction,2010,3857492865764
aliqua chirographum constans,Darla Murphy,Thriller,2018,6248247961371
uterque illum tredecim,Caleb Smith,Mystery,2016,0000006602443
nulla at vergo,Dr. Della Mitchell DVM,Non-Fiction,1982,8111675807374
quam nulla ventito,Steve Paucek,Thriller,1962,7815757436115
templum delectatio cimentarius,Elsa Runte,Thriller,1971,1159535138909
aegre tutis undique,Roland Kautzer,Science Fiction,2025,7370450695377
cotidie atavus inflammatio,Harry Buckridge,Thriller,1979,4176486121821
sunt animi quibusdam,Dr. Phillip Deckow,Fiction,1998,5414288421877
temperantia aro dedecor,Brandy Yost,Non-Fiction,2000,3919775014128
sapiente pariatur voluptatibus,Dr. Kelley Huel,Fiction,1996,9009969596342
combibo vix turpis,Gabriel Langworth,Thriller,1955,7210297516685
aveho soluta debilito,Dr. Angelo Stroman,Biography,2008,9898712011576
degusto cena voluptas,Diana Langosh,Science Fiction,1957,7114227252643
arguo distinctio reiciendis,Lynda Hoppe,Thriller,2018,3432718677472
aurum vado voco,Jeremy Heaney,Mystery,1990,1768547915287
libero arx cras,Dr. Bernice Fay,Fantasy,2017,8440605377027
tactus decipio ademptio,Leon Kub,Biography,1962,8878455018652
subseco facilis aspernatur,Roger Block III,Biography,1976,9475958014247
contego thesaurus vesco,Mildred O'Kon,Fiction,1959,2849757451828
solitudo vito verumtamen,Franklin Metz DVM,Science Fiction,2018,3880603779216
demum inflammatio commodi,Stewart Swaniawski DDS,Science Fiction,1982,3028982282311
ambitus debeo tamquam,Marian Mante DVM,Mystery,1997,9944737945362
spiculum capitulus vir,Joyce Hermann,Fiction,1962,3762052866745
quidem videlicet vacuus,Jason Wolf DVM,Fiction,1962,2698814165228
ultra ullus uberrime,Francisco Johnson,Thriller,2014,8610584867262
conspergo careo conor,Denise Yundt,Mystery,1985,3447569725144
arbustum acerbitas maxime,Dolores Homenick,Non-Fiction,1962,6465257031449
apto carbo cuppedia,Laurence Aufderhar I,Romance,2013,3795579172822
cupio attonbitus atque,Mrs. Vickie Fahey-Bernier,Biography,1973,0589219510898
statim suscipit advenio,Israel Rodriguez,Biography,1970,9067569689587
socius causa usque,Eleanor Bruen,Mystery,1958,2239381608234
acsi talio damnatio,Jean Bernhard I,Romance,1966,7319327110351
verus turbo arbitro,Ervin Brown,Thriller,1982,8390621315220
vesco cras ascisco,Ronald Funk,Non-Fiction,2019,0760118148554
vehemens ultra stultus,Emanuel Beer,Fiction,1979,3233478363906
vigilo id subito,Estelle Volkman,Romance,1981,2423233318057
curso temptatio vulticulus,Sonja Mante,Fiction,1994,4703439112940
utpote abbas tantum,Denise Rice,Thriller,1974,8552021986990
socius adfero desolo,Moses Gleichner,Science Fiction,2000,6381246437995
tubineus sophismata vapulus,Ray Mitchell,Thriller,1982,2689800360900
exercitationem cursus suasoria,Alex Luettgen,Biography,2015,7971376955195
truculenter vilicus distinctio,Mrs. Shari Klocko,Fantasy,1951,9193488266031
bis quia adsidue,Miss Krystal Cremin,Science Fiction,1999,0844303520703
tempus virgo vos,Nina Altenwerth,Non-Fiction,1993,4080753691135
valens attero cubo,Angel Larkin,Fantasy,1991,1379918553459
admoneo timor subvenio,Nathan Wolf,Romance,1987,7939277238629
sum adaugeo volubilis,Dr. Winston Heathcote,Science Fiction,1979,8317368441086
currus deleo textor,Tracey Kihn,Biography,1966,9590467347291
depono cogo decretum,Lee Hyatt Sr.,Non-Fiction,1973,3435875321749
tabgo eaque abscido,Teresa Cartwright,Science Fiction,2005,9152230984367
vinco supellex voco,Marsha Littel-Bailey,Fantasy,1973,2190909803591
deripio bis dedecor,Marty Bernhard,Science Fiction,1959,6401120029440
vestigium occaecati aperiam,Eileen Cremin,Fantasy,2000,4758780695237
dicta autem thalassinus,Aubrey Hintz,Romance,1963,2955414586882
ea voluptatem addo,Kenneth Torphy,Thriller,1984,6752524460722
certe ustulo curo,Dr. Hubert Dare,Mystery,2021,7924639249569
collum nobis admoneo,Betty Nikolaus,Biography,2012,7663321087672
cupio tergum casus,Seth Veum-Larson,Romance,1964,2607117904517
tondeo ventito defero,Emma Ullrich,Science Fiction,1999,7283861553473
vallum clamo aequus,Muriel Huels,Science Fiction,2005,7248974730239
demonstro angelus aperte,Wendy Marks,Mystery,1964,0892234901663
sint magni placeat,Roderick Mante,Non-Fiction,1961,0561348259877
sunt arma deprecator,Wesley Roob,Biography,2003,1729357325084
conor commemoro sol,Rickey Gusikowski,Science Fiction,1989,6244240809799
cubo crebro turpis,Edmond Wehner DVM,Non-Fiction,2025,3101885823246
maxime varius ubi,Dr. Tanya Halvorson-Jaskolski,Mystery,1954,6205400112862
aqua credo thesaurus,Mr. Marco Shanahan,Thriller,1991,7480848784249
suffoco vilitas tero,Benny Hills,Science Fiction,2001,3642540527746
despecto amiculum adstringo,Velma Schuster,Romance,1960,1453014474435
possimus odit caveo,Malcolm Buckridge,Mystery,2007,7998428289826
cedo acerbitas abeo,Caroline Kub,Fantasy,2009,9201592852466
animus super arma,Cody Feil,Fantasy,1976,0811605367601
careo eius tumultus,Tomas Windler,Thriller,1981,3762102909512
capto amplitudo chirographum,Orville Terry,Thriller,1980,0227190756841
subiungo termes amicitia,Johanna Armstrong,Science Fiction,1984,2169859109855
fugiat et testimonium,Delores Nienow,Thriller,1985,2520342394403
desino delinquo vacuus,Julie Medhurst Sr.,Romance,2005,8113116691731
laboriosam bis sol,Ernesto Treutel,Non-Fiction,1997,1118977159369
enim adduco sursum,Domingo Schroeder III,Fantasy,2004,2281473966391
supellex celebrer vox,Carolyn Goyette Sr.,Fantasy,1988,1904279731683
stillicidium complectus nemo,Santos Brakus,Thriller,1991,4887971779731
vinco caecus arguo,Lance Rogahn,Fantasy,2023,3225597897347
conicio eligendi cinis,Kenneth Cummerata,Mystery,1994,4374601819022
omnis defendo appono,Tracey Franecki,Biography,2024,2389475894960
maxime curtus clibanus,Peter Bechtelar,Thriller,1958,8405883544819
deludo cohaero abscido,Daniel Smitham-White,Non-Fiction,1980,5050938446767
defetiscor curvo creo,Roxanne Prosacco,Science Fiction,1993,8978725734944
annus cedo quae,Nathan Franey,Science Fiction,1958,4465848468073
vulgus valetudo desidero,Domingo Krajcik III,Romance,1978,5688356303995
deserunt beatus talis,Cameron Ryan I,Fiction,2007,6837178670157
cedo termes vulticulus,Mrs. Lynne Bergstrom,Fantasy,1951,7282491112615
terebro centum teres,Isabel Kulas,Fiction,2013,7248347785678
adipisci termes causa,Duane Sanford II,Mystery,1993,4441715899376
arma vulgaris earum,Kristina Ortiz,Science Fiction,1967,0729477675346
stips nulla arto,Teri Cremin,Romance,1993,3697381269418
modi solum denego,Miguel Cummings,Fantasy,1961,7829946549249
textus textor laudantium,Johnny Schmeler MD,Non-Fiction,1976,0802405561197
titulus nihil ustilo,Allen Yost,Biography,2005,5904808846502
cultellus vinitor despecto,Johnnie Paucek III,Fantasy,1992,6048498312446
derelinquo infit ascit,Gayle Reichert,Fantasy,1999,4589766901586
conspergo atqui nesciunt,Sonya Schuster,Mystery,1982,5401298180530
acsi bos verumtamen,Julia Breitenberg,Thriller,1954,6615158981708
vapulus alienus tam,Matt Hills,Biography,2017,8923698507461
sponte vallum cubicularis,Nadine Crooks,Romance,1986,4118195578776
comis tactus vae,Gloria Ondricka,Non-Fiction,1956,8978843841013
sunt videlicet sollicito,Yvonne Rau,Science Fiction,1968,4445566520247
cometes ager decerno,Van Pouros,Non-Fiction,2000,9510157103401
trans tripudio cernuus,Miss Tiffany Mann,Science Fiction,1982,6291145849861
convoco volo contigo,Ada Dickinson,Non-Fiction,1989,8338028067731
coniuratio villa strues,Salvador Abshire,Fantasy,2013,2998015907816
ver alii cogito,Spencer Gusikowski,Non-Fiction,1974,5685002021632
alveus vester tribuo,Gretchen Beatty,Mystery,1961,5523481425907
tactus commemoro vilitas,Dr. Leroy Grady,Romance,1966,9027599879863
brevis tardus blanditiis,Tabitha Dietrich,Thriller,1997,4119698441326
cumque confugo vix,Kristine Haag,Thriller,1974,0807951969819
curvo torrens demens,Brittany Aufderhar-Bednar,Mystery,1959,2729778371964
nesciunt vivo vinculum,Timmy Larson,Science Fiction,2001,3630009409055
annus coepi cometes,April Schulist,Mystery,1993,0258961645415
certe ipsa cui,Carmen Sporer,Romance,2009,7784789784432
coruscus terror creta,Mr. Shaun Armstrong,Biography,1966,9545434503524
amor cado varius,Silvia Hagenes,Mystery,2008,1507655194278
careo tolero depulso,Bryant Cormier,Science Fiction,2009,0114860815670
complectus agnosco aggredior,Ryan Goodwin,Fantasy,1963,3367154055380
quidem totus victoria,Leona Roberts,Biography,1973,0181541319107
vetus arx aliquam,Clarence Renner,Fiction,2022,6794945149362
cubo incidunt umbra,Lucas Graham,Romance,1973,3357362693819
adulescens subiungo aegre,Carmen Gorczany,Mystery,2018,9383563014046
eaque comis comedo,Charlie Gutmann,Fantasy,1952,6686929991868
substantia absconditus corona,Clayton Ledner DVM,Fantasy,1976,7023811267112
delinquo clam aequus,Karen Medhurst DVM,Mystery,1987,6763716240096
alius officiis usitas,Rene Schumm-Ondricka,Fiction,1997,0625488815503
repellat mollitia consequuntur,Victoria Schaden,Biography,2000,7618621646766
defluo vado quibusdam,Bonnie Bashirian,Fiction,2017,9993235370216
vesica velut addo,Jody Ward,Fiction,1981,5352488830906
ratione arbor supra,Blanca Sanford,Romance,1955,8721124059305
vindico argumentum adicio,Mr. Lamar Mertz,Non-Fiction,1969,2954280125366
nostrum viduo artificiose,Kristopher Huel,Romance,2007,0590581614256
laudantium denique synagoga,Zachary Macejkovic,Romance,2001,9729549791664
canis clementia ipsum,Austin Hoeger,Science Fiction,1975,7545735327919
crapula esse totidem,Larry Runolfsson,Romance,2001,9424827274275
compello vulnus nihil,Pat Mante-Zieme,Romance,1970,3136693583079
commodo studio aiunt,Vincent Wyman,Non-Fiction,2008,6840052268992
cura debitis tenax,Cesar Shields,Biography,1971,8683045294573
adulescens tenax pecco,May Bosco,Science Fiction,2025,8967426362669
strenuus ipsa adipisci,Natalie Sawayn Sr.,Biography,1975,6046372854330
spes trado adiuvo,Geraldine Schmeler,Fiction,1965,1071054795809
reprehenderit optio appello,Lorene Leffler,Fiction,2024,4149497031710
callide assentator centum,Erin Nikolaus,Romance,1990,0146693214258
adamo cuppedia subito,Catherine Stanton,Fiction,1991,6760794698570
nemo comptus sortitus,Malcolm Moen,Non-Fiction,1970,3121510669602
ubi calco colligo,Pam Hickle,Fantasy,2013,0012469600800
tener valde civis,Dr. Larry Franey,Biography,1983,1937256361812
catena substantia aestas,Allison Ratke,Fiction,2023,2638461098754
velum tyrannus aeneus,Sherman Bartell,Fiction,1986,7932754613009
conitor dicta utilis,Christine Conn,Fantasy,1951,4642068346746
maiores thermae aspernatur,Juan Hirthe,Biography,1963,1810641652550
auctor audeo utrimque,Jenny Hermann DVM,Thriller,1980,5037499924748
tamisium eos aedificium,Janis Hansen,Biography,2022,3833027191685
caput quidem thalassinus,Mr. Pedro Marvin,Science Fiction,1953,3024160703686
tergiversatio canonicus error,Amelia Hermiston Jr.,Science Fiction,2024,5835802319350
quisquam eveniet subvenio,Dr. Manuel Bernier,Romance,1956,9750724725594
denego compello aliquid,Ms. Brandy Hansen Sr.,Thriller,1964,1460225329146
delicate stips vilicus,Amelia Marvin,Non-Fiction,2019,8232049634062
tantum ad dedecor,Jay Cremin,Fantasy,2020,8998443660883
sodalitas sursum auxilium,Ian Morissette,Romance,1965,1542218371779
collum sollicito tantum,Clint Smitham,Science Fiction,2022,0555631503646
victus crepusculum tamen,Charlie Senger,Romance,1970,1612557459863
una suffoco decerno,Rogelio McLaughlin I,Biography,1980,5780545999411
deorsum sollers depereo,Loren Jacobs,Science Fiction,1953,0724394708541
ab fuga eum,Olga Abernathy,Fantasy,1991,7223658841884
decipio vociferor verto,Shawn Greenfelder,Fiction,2007,2519088868544
saepe sono nesciunt,Jesus Bergstrom,Mystery,1999,7837307481167
demens eum provident,Drew Hermiston V,Science Fiction,1950,9734797847615
minima clamo trepide,Eileen Bartell,Biography,1952,0553969564404
vulgus aliquam subito,Dr. Marcos Wunsch,Romance,1964,4294990681017
trado varius excepturi,Tom Ratke PhD,Romance,1950,5908565807248
velut conservo cribro,Sophia Gerhold II,Fantasy,1989,3155954784117
tergeo perspiciatis callide,Bradley Greenholt,Mystery,1963,4546880106633
curriculum vinitor truculenter,Brett Kuhn Sr.,Fiction,1992,9873881096704
vito voluntarius soluta,Ivan Beer,Fantasy,1979,3859744026794
cursim arceo creator,Bert Langworth,Biography,1956,0926102209094
astrum dedecor amitto,David Douglas,Science Fiction,2015,6806790326714
solutio vulnero arma,Margie Mohr Jr.,Thriller,1981,6245418883985
arceo fugit cedo,Diana Davis,Fiction,1984,6378022594795
vomito contego tenax,Meghan Barrows,Mystery,1969,6778181433673
caste verus repellat,Faye Huel,Fantasy,2021,9283971019257
corrigo eligendi alii,Denise Borer,Mystery,1955,6033486376193
aliquam venio aduro,Pearl Hegmann,Mystery,1961,7484924797116
voveo articulus dolore,Naomi Hoeger I,Biography,1998,8890870375262
tolero vilicus conservo,Mr. Stephen Parker,Thriller,1957,6215384054974
absum clarus chirographum,Dr. Don McDermott,Mystery,1958,3077976611075
creber apto tibi,Donna Funk,Biography,2021,2703359757946
depulso itaque curriculum,Enrique Hintz,Fantasy,1959,4808896949166
comedo ver torqueo,Mamie Homenick,Fiction,1955,1159452260256
terror depono thesis,Denise Stanton,Mystery,1996,9087152796994
minus stipes terga,Kara Senger,Non-Fiction,1978,7872073476200
bellum comburo unde,Rodolfo Schneider,Romance,1951,6398430161895
tactus tempore tantillus,Holly Hartmann,Fantasy,2012,2271018872716
texo vomer ultio,Miss Marian Mann,Fantasy,1975,0460013517361
aestivus recusandae delicate,Hubert Quigley,Thriller,1957,2440511091606
cuppedia aduro utilis,Rudolph Hane,Science Fiction,1950,1956645172378
tribuo pectus clarus,Mr. Felipe Beer,Biography,1970,5227220355730
ipsa creptio architecto,Jenna Friesen V,Fantasy,2000,2351255989080
ara dapifer vesco,Miss Heidi Schiller,Non-Fiction,1964,0810425850275
earum carbo confero,Jane Stiedemann,Fiction,2024,2939702974100
utrum tempora adnuo,Kathy Kerluke,Fiction,1968,4034532880836
minima delinquo vulnus,Samantha O'Kon,Science Fiction,1957,5058945477264
dignissimos tenax aliquam,Lindsey Becker,Science Fiction,1993,8699185672107
esse clam vero,Homer Kessler,Fantasy,1974,3862877959749
defero eos sortitus,Cheryl Stehr-Franey,Romance,1987,5531287471193
tamisium adipiscor viduo,Eva Lowe,Science Fiction,1973,5807786318847
reprehenderit verus architecto,Natalie Kihn,Non-Fiction,1995,6667344860235
utique correptius pauci,Simon Bernier,Fantasy,1966,1716961652120
circumvenio via dolorem,Whitney Hahn,Romance,2002,6345015120490
verto volutabrum vilitas,Dewey Osinski,Science Fiction,1980,7575233880917
crastinus cedo defungo,Stephen Durgan,Non-Fiction,1995,1687483449610
amissio careo peior,Earnest Cronin,Science Fiction,1972,5883133086197
ter omnis creo,Andy Ratke MD,Fantasy,2003,1180598856390
vereor peccatus bardus,Thelma Raynor PhD,Fantasy,1967,5448182744555
perspiciatis vilicus ventus,Kara Hane,Non-Fiction,1993,5397583344759
conatus video verumtamen,Erick Schmeler,Fiction,1953,0660338019499
teres sollicito strenuus,Constance Bednar,Non-Fiction,1994,5743182821077
blandior baiulus thalassinus,Ana Cronin,Science Fiction,2020,6175261839176
color capitulus sollers,Beulah Block,Thriller,2001,6337400390426
voro custodia summa,Theodore Rolfson,Fantasy,1952,1106424593939
cattus aptus trepide,William Heller,Fantasy,1955,4600253402577
cruciamentum advoco autus,Teresa Rath,Biography,1964,6343413587567
vita sustineo ver,Eileen Tremblay,Romance,1989,6178990984693
autus congregatio acsi,Jared Collier,Fiction,1981,1385060690747
cultura corroboro audentia,Douglas Donnelly,Thriller,2016,4208701742127
iste thermae ex,Marco O'Keefe,Thriller,1965,1567615840868
tamen beneficium vallum,Jo Beatty,Fantasy,1992,4865034509156
iste cauda stabilis,Eddie Moen,Mystery,2021,6763115658111
conor volva assentator,Shirley Jacobs,Thriller,1991,6354789016534
vitium amiculum alter,Ms. Teresa Hirthe,Fiction,1989,4633472406012
urbs tergeo corrumpo,Dora Wunsch,Thriller,1980,5780120995283
omnis aestas adfero,Ms. Ana O'Connell,Science Fiction,1995,1558249428311
damnatio beneficium curis,Roderick Donnelly,Biography,1999,9336525056795
utroque pecto numquam,Dr. Kenneth Kihn,Fantasy,1993,4421914449375
iusto caries sublime,Johanna Mohr,Science Fiction,2007,3204408348343
amor thymbra campana,Judy Beahan,Mystery,1981,5455139364952
pecus sonitus cornu,Kathryn Considine,Fiction,1987,6236869168645
deludo cupio suppellex,Marta Hessel,Fiction,1961,8656802050874
terreo voluptatibus tamisium,Wilbur Bernier,Biography,2018,9087816983723
unus aduro sum,Daisy Rau,Mystery,2014,7771303790270
cimentarius capio aegrus,Gayle Romaguera,Biography,1952,5556379364839
acervus textilis utilis,Horace McLaughlin,Fantasy,1970,3334555476630
super desipio vulgaris,Terri Kunde,Fantasy,1975,1996000510037
agnosco tremo colligo,Elsie Legros,Fiction,1988,2838482767791
argentum tergeo aestus,Carmen Huel,Fantasy,1982,6879199930873
aliquid neque usque,Dr. Raymond Bergnaum,Science Fiction,2005,1408324267723
totus arbor compello,Dr. Edgar Gleason,Thriller,1997,2733973200858
cubo doloribus taceo,William Quitzon,Fiction,2000,0157197427766
armarium spargo nam,Jessie Bosco,Romance,2003,7491978494323
cubo excepturi condico,Bessie Howell,Thriller,2008,4034159927945
decretum cultellus stillicidium,Sandy Nikolaus-Jacobi,Romance,1990,7761111909430
amitto pauci pauci,Leonard Weissnat II,Thriller,1952,1774675076872
volutabrum adicio excepturi,Conrad Kshlerin I,Biography,2025,2948923372342
bonus patior iusto,Sammy Franecki,Mystery,1965,3705991272058
calco amor articulus,Marty Cormier,Fantasy,2006,3749002172595
vomica sophismata volutabrum,Ann Auer,Fiction,2015,2321898438591
conatus advoco desipio,Luke Hegmann,Thriller,2005,7754965868216
cur vociferor auctus,Emily Keebler,Fantasy,1998,7315897564048
careo id incidunt,Wade Erdman,Fiction,1993,5414904158188
celebrer vel sponte,Tracy Kuvalis,Biography,1968,9220853217000
templum debitis caste,Ms. Marie Gerhold-Rodriguez,Mystery,1981,7689825954712
denego hic quaerat,Mr. Casey Friesen,Thriller,2015,2107592747507
arbitro absum beatae,Katrina Abernathy IV,Fantasy,1999,5213377344287
complectus audax volup,Ana Schuster,Fiction,2003,9698677542508
recusandae cado cunabula,Rolando Hilpert,Thriller,1974,3755674462324
sunt adaugeo soluta,Douglas Sipes,Science Fiction,2002,2128816016434
tredecim corporis carus,Crystal Towne,Thriller,1994,4407026968962
spiritus abduco amplitudo,Yvette Lemke,Science Fiction,2017,0664557461149
commodo vulpes averto,Melanie Little,Thriller,1998,2283299328072
via adnuo collum,Jesus Jacobs,Biography,1951,5195896269564
soleo bellum ambitus,Bertha Toy,Romance,2015,5165305692490
talio certus ocer,Ignacio Wiegand,Mystery,1995,1859803997563
turba curatio comedo,Katherine Kirlin,Fantasy,1962,0301635941336
censura abstergo campana,Mr. George Bogisich,Romance,1954,4115544595091
carpo maiores vetus,Anthony Barrows IV,Romance,2022,0684810983782
auxilium confido vesper,Sherri Quigley,Biography,1999,7437102283812
suspendo voluntarius communis,Cora Davis,Non-Fiction,1981,1820953777193
cerno delibero thorax,Mae Stiedemann I,Biography,1962,6801351167285
venustas video vulgo,Stephanie Auer,Mystery,2016,0015892393463
labore ipsam testimonium,Celia Medhurst,Fantasy,2022,0489155512483
ipsum cupressus non,Bert Conroy,Thriller,1969,1039872532778
adinventitias attonbitus confugo,Ms. Marsha Hand-Kozey,Thriller,1984,6149014740691
bestia creator brevis,Boyd Herzog,Non-Fiction,2015,4020768715684
stella coma summopere,Dr. Alexander Bayer,Non-Fiction,1963,0115259318466
aduro denuncio uxor,Gail Mayer DVM,Biography,2000,5941958714039
adicio caterva stips,Kate Rippin,Mystery,2007,1337171092453
vapulus turbo celer,Tim Davis,Mystery,1972,7988474601965
comitatus tamen vitium,Dr. Marcia Powlowski,Fiction,1972,2404156880666
cresco tempus suus,Dr. Santos Kuhlman V,Science Fiction,1958,7371975142345
thorax victus conqueror,Priscilla Krajcik DVM,Biography,1956,2327146090570
ventito claustrum coniuratio,Dr. Pat Farrell,Fiction,1975,8688910599606
nemo volva depulso,Mamie Hammes DDS,Biography,1972,8873824759157
circumvenio deficio adficio,Stephanie Johns II,Science Fiction,1972,7168924050192
compello averto sollicito,Harold O'Conner,Non-Fiction,2017,5659324425400
abstergo delicate tyrannus,Penny Luettgen,Fiction,2024,0894450415076
vester calamitas reiciendis,Juanita Stark,Romance,2025,6938788381088
ver bis sopor,Miss Julia Simonis,Science Fiction,2014,3803084826531
tui valeo thesis,Melba Farrell,Thriller,1993,1755111050575
antiquus spargo sollers,Marty Terry Sr.,Non-Fiction,1980,3747778854325
cohaero spero animadverto,Gregory Pfannerstill MD,Non-Fiction,1966,8321514042335
sui reiciendis comis,Stewart Gulgowski,Fantasy,2024,5257022313125
tempus cavus cauda,Roosevelt Swift,Science Fiction,1952,5187505169209
timidus tricesimus sodalitas,Judith Bernhard,Fiction,2012,6749817167981
copia aegrotatio vulnus,Dominick Hamill,Non-Fiction,2023,0541040386286
benevolentia peccatus verumtamen,Violet Lind,Biography,1973,5709952778002
tot ater similique,Nellie Konopelski,Fantasy,1995,4228447164175
commodi denuncio aperte,Carroll Lakin,Fantasy,1996,6796996015132
coniecto adsum volva,Kayla Marks,Fiction,1978,7077427446027
admitto varietas vomica,Lucille Crona,Mystery,1952,3123556940706
demens theca cohibeo,Olga Kris,Science Fiction,1982,2016632676763
laboriosam abundans qui,Dennis Hilll,Romance,2014,3595453913776
ut speculum avarus,Alyssa Prohaska DVM,Science Fiction,1969,5963687891354
eligendi cohors corona,Marjorie Runte V,Fiction,1976,0896039129046
clarus tenus solio,Mrs. Nicole Wehner,Fiction,1977,1932787730588
consectetur depraedor patrocinor,Laverne Rippin,Romance,2010,3940070366051
iure surgo toties,Cheryl Jast,Romance,2019,3273653420140
adhaero tot absorbeo,Ronnie Roberts,Fiction,1999,5532638521065
venustas nisi umquam,Arlene Hermann,Thriller,1999,1048984183199
suppono dignissimos conservo,Adrienne Dicki,Science Fiction,1983,2708538566250
conduco adhuc tot,Jean Roberts,Fantasy,1964,1720179874589
itaque admoveo custodia,Rachel Aufderhar DVM,Science Fiction,1956,0693015064172
tactus arbustum aestivus,Johnnie Gerlach,Science Fiction,1999,7809782083870
atque totidem sordeo,Essie Prohaska,Science Fiction,1950,7877853027666
strenuus nulla tumultus,Jeffrey Turcotte,Science Fiction,2000,7963205582100
administratio vestrum atque,Herman Stiedemann,Fiction,2005,1349518991235
ventito tactus adimpleo,Chelsea Moore,Fantasy,2006,0989761822435
soluta sordeo vis,Brian Willms,Non-Fiction,1965,0570547435347
utroque cimentarius bene,Henry Okuneva,Science Fiction,1999,5604533990413
coadunatio unus thema,Beverly Durgan,Fiction,1964,5139246499488
curia ventosus soluta,Marc Grady,Thriller,1978,5617643063252
cruentus cariosus cupiditate,Myrtle Schaden,Science Fiction,2024,7368140361757
cariosus ater admoveo,Joy Hand,Thriller,1997,5821227948577
adulatio virgo strues,Dean Larson,Biography,1980,0436254048448
tepidus despecto alii,Rodolfo Daniel,Thriller,2016,6378166753714
curtus suscipit acidus,Kristy Stroman,Fiction,1955,2288785760528
aegrus patria vulnero,Joe Swift,Romance,1966,6458967502855
tristis aedificium spiritus,Dwayne Hettinger,Science Fiction,1968,8833605363455
alo aiunt vinitor,Miss Melissa Koss,Thriller,1965,7375949628215
territo acies tepidus,Veronica Kozey IV,Thriller,2025,1532527457565
numquam amet umquam,Agnes Schaefer,Non-Fiction,1963,3935189308464
tantillus stips cibo,Joseph Rodriguez,Mystery,1964,7722238979707
excepturi reprehenderit soleo,Lindsay Stehr,Fiction,1988,7870238461049
titulus magni quod,Edward Beer,Mystery,1962,6253971264904
solum absum succedo,Angelica Ankunding,Science Fiction,1952,1532345171071
ager stipes possimus,Gustavo Schumm Jr.,Non-Fiction,1967,3489357199708
antepono aer illum,Hubert Lindgren,Science Fiction,1982,6564193282659
arcesso tardus desparatus,Dr. Casey Wiza,Mystery,1979,2687811555284
thesaurus cupiditate depromo,Rodney Jones,Fiction,1959,0157557410231
peccatus brevis tollo,Ebony Harris,Romance,1967,0972058513247
dolor tendo timor,Julian Brakus,Biography,1985,9088982414587
taedium cornu ratione,Jessie Crist III,Science Fiction,1966,5886897953718
natus deleniti ulterius,Harry Durgan,Fantasy,2017,9851400585121
xiphias cibus exercitationem,Dr. Diana Lesch,Fantasy,1997,9928025863110
deserunt inventore virgo,Norma Greenholt,Thriller,1960,7170540602647
curo nihil canis,Mrs. Lillian Leuschke,Romance,1972,4375739511476
allatus in astrum,Edna Kulas,Non-Fiction,2005,6250271294495
assumenda esse tumultus,Marvin Kovacek,Thriller,2024,4628258485794
quod at fuga,Vickie Beatty,Fiction,1994,3539703146765
cibus timidus decretum,Alberto Ritchie,Science Fiction,2001,2271767662077
cur textus umquam,Ernesto Spinka PhD,Biography,1981,5161682174073
deficio similique eos,Cecil Gibson,Romance,1976,4465154799150
umerus conventus umquam,Dr. Earnest Schaefer,Biography,1952,5794389641437
aro valens deduco,Leah O'Keefe,Non-Fiction,1962,4435225996446
concido delectus cupressus,Marcus Langworth,Romance,2024,6014304799445
tamen at curiositas,Laurie Kub,Biography,2025,3182464685357
aestivus conservo non,Salvatore Muller,Science Fiction,1993,7118406126992
trado cotidie acerbitas,Rufus Hane MD,Thriller,1968,0801826252057
antiquus cupressus ager,Wade Kuhic,Non-Fiction,1990,7597604118090
demoror timor tristis,Kristen Fay II,Fantasy,2007,6541155178185
pecto vis congregatio,Dr. Sonya Hagenes,Thriller,1977,1394371004924
somniculosus pariatur absens,Ms. Ashley Keebler,Non-Fiction,2008,4378635372087
contabesco claro perspiciatis,Betsy Bednar,Mystery,1952,3817837765500
occaecati incidunt vilicus,Ruben Waelchi,Biography,2012,7275647504338
subvenio apto contabesco,Geoffrey King,Science Fiction,1997,4144090904127
bis tenus vobis,Sheldon Hyatt,Thriller,2018,0718106474790
aufero quo dedico,Shelly Cruickshank,Non-Fiction,1973,7781264844260
denego amissio calculus,Dr. Phil Treutel,Fantasy,1969,4822732489370
bis coruscus valens,Edmond Mante,Science Fiction,1963,6746100473377
subseco arguo tandem,Mr. Dwight Bechtelar V,Fantasy,1983,6490754568527
spoliatio claudeo contego,Dean Stroman,Fiction,1967,5762842668708
cupio tunc est,Raymond Friesen,Non-Fiction,1993,4643232416373
demitto adnuo vorago,Alfred Reichel,Non-Fiction,1966,1115035316970
cruentus sperno ara,Bonnie Renner,Mystery,1975,8958312866727
aperiam sum tactus,Jeffrey Kilback,Romance,1999,8518947815627
canto desino ait,Daisy Wiza,Fiction,1991,8806085320557
nemo bellum assumenda,Charlene Maggio,Thriller,1956,9616974286951
eaque deinde cicuta,Andre Ondricka,Mystery,1957,0086448621968
contra perferendis coerceo,Miss Kristie Ondricka,Romance,1974,9723555776104
cicuta somnus abundans,Mr. Victor Moore,Mystery,1983,6359901245025
conor esse recusandae,Dianne Mueller,Thriller,1970,0005750413657
clibanus caelum debeo,Dan Mann,Biography,1950,9712398991145
tristis tempus calco,Angelica Leannon,Fantasy,2021,4486812389592
crepusculum ars vorago,Laura Prohaska I,Non-Fiction,1955,7876211039588
consequatur usus autus,Mr. Matt O'Hara,Romance,1989,0147920044513
demitto votum crinis,Cynthia McLaughlin,Mystery,2000,8285155228217
campana ante depono,Gabriel Ratke,Fiction,1987,7576359181882
antea commodo cresco,Erin Abshire,Mystery,1981,3188939580512
cruentus cito dedico,Amelia Wehner-Rodriguez,Biography,2009,0043496871690
ubi fuga ustilo,Raquel Terry,Non-Fiction,1991,5494823628394
deduco adeo considero,Blake Turcotte,Science Fiction,1988,6505515568538
spiritus casus ter,Marshall Schoen,Science Fiction,2007,3848013128633
teneo summisse vinco,Leticia Kirlin,Fiction,1978,9787265779071
adeptio repellat cinis,Kathryn Strosin I,Mystery,1987,6044569119831
vesica tersus spiculum,Shawna Jacobs,Mystery,2003,5076209613045
accommodo crinis vorago,Bridget Bergstrom,Fiction,2018,1451646178548
cibo apparatus dicta,Mrs. Kimberly Connelly,Fiction,1990,3491148797088
templum aperte supplanto,Ora King III,Thriller,1993,8217099468642
termes velut trans,Betty Stracke,Biography,1979,4691956605376
inflammatio ipsum varietas,Joel Cormier,Fantasy,1984,8412400205097
auxilium spero caries,Loren Metz,Biography,1957,6494328219342
caelestis triumphus valetudo,Jan Krajcik,Thriller,1975,5661982363572
vos possimus armarium,Milton Schiller,Mystery,1968,3256135127500
ait comes laboriosam,Sean Halvorson,Mystery,1978,7010050872627
adicio decerno debitis,Leslie Prohaska,Biography,2016,8288625002721
curso ab callide,Barry Schoen,Thriller,1997,6929080621934
adulatio denique theologus,Willie Dare,Mystery,2022,4820378295331
repellat videlicet ambitus,Ray Rolfson,Fiction,2023,0106008104025
vitium socius contigo,Brett Upton,Fantasy,1974,2188925157809
animi est architecto,Robin Lockman,Non-Fiction,1990,9557845921797
delego in carpo,Dr. Bernard McCullough,Biography,2012,0916745550608
numquam thesaurus antea,Mr. Dominick Rau,Biography,1966,4488789528324
cubicularis velum soleo,Dr. Josephine Paucek,Non-Fiction,1979,9333803550753
trucido uterque coniuratio,Lorena Murray,Mystery,1988,9556303742027
agnosco cognatus ultio,Mr. Neal Goyette Sr.,Science Fiction,1993,0851199019659
bellicus absorbeo incidunt,Bryan Bogan,Non-Fiction,1955,4804426045237
astrum vinculum tantillus,Arturo Cormier,Fiction,2012,5841101402084
cumque absconditus claustrum,Courtney Cole,Fantasy,2010,1900242939744
cernuus corroboro carbo,Mr. Charlie Purdy,Romance,1960,9421002927365
aqua aspernatur validus,Edmund Keebler,Science Fiction,1989,6490724710510
vindico cariosus aiunt,Ms. Silvia Pouros,Romance,1956,7309551454627
barba dapifer benevolentia,Warren Dickinson DDS,Romance,2024,9057086755216
eos usitas viriliter,Morris Jenkins,Biography,2016,0561486295420
tantum denique addo,Joshua Muller,Fiction,2022,2523102397376
bibo sustineo desino,Cathy Heathcote,Biography,2011,6213508389667
stella et recusandae,Victoria Schulist DDS,Biography,2008,6475991875051
autus ventito adamo,Emmett Hammes,Fiction,1950,7052749677094
conduco casus summisse,Theresa Schoen,Romance,2019,3256905646134
coerceo cupio tergo,Douglas Schmeler,Mystery,1995,5615630327903
ipsam alo vivo,Josefina Wilkinson,Mystery,1960,2660559269918
eveniet laboriosam ex,Sally Mayert,Science Fiction,2024,0714524084799
ipsum audacia curatio,Ramiro Littel,Science Fiction,1958,0582720400134
dolorum carcer synagoga,Lynn Aufderhar,Mystery,2014,5587502856836
acsi demoror sonitus,Eula Crist,Biography,1973,6551799267526
color trans bestia,Aubrey Weber,Thriller,2020,1096139538353
quae tibi verbera,Mr. Rickey Zboncak,Science Fiction,2017,9857514546849
cuppedia terminatio vulpes,Mr. Danny Farrell,Biography,2023,4005220984978
clibanus videlicet ago,Jody Jacobi DVM,Fantasy,1998,7683486213378
defendo apostolus stella,Tyler Veum,Thriller,1954,3350740360939
carmen deprimo decimus,Bradford Lockman,Science Fiction,2018,9039274538575
tabella asper tollo,Manuel Swaniawski DVM,Non-Fiction,1983,1032415569874
adficio decimus curtus,Dr. Roland Walsh,Biography,1962,4035161734364
tibi necessitatibus laudantium,Sammy Osinski,Science Fiction,1996,5194875774520
autem maxime uxor,Mrs. Velma Schumm,Fiction,2019,9706015352304
unus absque urbs,Miguel Schuster,Biography,1982,2403458357251
curia conitor cubo,Ellen Gulgowski,Science Fiction,2022,6849640098687
apparatus libero quia,Delbert Raynor,Thriller,1989,1604543777669
tepesco accendo vir,Susan Larkin,Fiction,1994,1571785424993
volup doloribus odit,Cora Hills,Science Fiction,1972,7632746700142
utpote peccatus thymum,Ben Kirlin Sr.,Biography,1971,7058900154072
qui desino aqua,Kristine Franecki II,Fantasy,2010,9507945377523
teneo unus nulla,Tyler Johns,Fiction,1988,3177807057069
fugiat laudantium aufero,Annette Grimes,Non-Fiction,1975,1060974082574
ago vicissitudo debilito,Jesse Braun,Romance,1954,3866147371301
textilis temptatio ater,Mindy Luettgen,Science Fiction,1952,5403691769546
tenax talis coadunatio,Matt Balistreri,Biography,2001,6422325642602
viduo creator nulla,Jake Goodwin MD,Science Fiction,1954,6373440705271
atque barba consequuntur,Jane Block,Biography,1982,4252350086588
ancilla stillicidium colo,Clint Connelly-Stiedemann,Biography,2016,4054971282056
adamo corona laboriosam,Yvonne Goyette,Mystery,1986,3776233813918
asporto usitas nulla,Jonathan Hamill,Non-Fiction,1996,7652731309223
censura occaecati maiores,Don Skiles DDS,Fiction,1972,1171028576702
corroboro accendo arbustum,Elbert Crist,Mystery,1995,9600550590840
deprecator casus beneficium,Laurie Pacocha,Fantasy,1977,8490847210457
demergo quaerat sublime,Wendy O'Conner DVM,Biography,1984,9968833909791
aufero aureus volaticus,Claude Oberbrunner,Mystery,1955,5930982268471
arbor templum deporto,Kathryn Medhurst,Non-Fiction,1963,3512458982978
textor clementia tero,Evan Ondricka,Fiction,1991,0893478373083
praesentium cogito verecundia,Dr. Carolyn Ruecker,Thriller,1952,0165301525552
solus cupressus cohibeo,Neal Kemmer,Science Fiction,1950,7260057030253
ullam quas aeternus,Clark Harvey,Science Fiction,1963,6133943105795
repudiandae aranea tribuo,Nelson Boyle,Non-Fiction,2002,3080820320687
tantillus tripudio spiritus,Christy Hoppe III,Mystery,1996,6935144336966
adeo adversus vitium,Roosevelt Osinski,Romance,1976,3301126359652
angelus celer statim,Cora Larson,Biography,1984,6191493463088
vesper adsidue advenio,Vincent Hodkiewicz,Romance,1951,7934354467902
substantia blanditiis cito,Dr. Billy Paucek,Biography,1976,9418568396698
dens triumphus aro,Ramona Grimes,Fiction,2003,0915773980334
crebro alius caveo,Jody DuBuque,Fiction,1957,7506546674612
fugit cogo trepide,Taylor Kling,Fiction,1993,2968436434255
sui basium stillicidium,Miss Kelli Connelly-Walter,Thriller,1951,5545448101262
tersus tot aqua,Miranda Rosenbaum,Fantasy,1959,3556031173248
deprecator degusto decimus,Mario Monahan,Biography,1988,6609447988814
cursim quibusdam contego,Max Mraz,Romance,2008,4832704383768
at vestigium veniam,Julius Okuneva,Fiction,2021,0343824340555
caute vaco amicitia,Phil Mills,Non-Fiction,2000,0372270764626
porro creptio theologus,Jody Kilback,Fantasy,2005,8419972532445
degusto absconditus sono,Glenn Mann,Romance,1959,9319686288986
molestias alo cupiditate,May Cartwright,Fiction,1964,4194100846154
cubitum tenus ait,Josephine Kovacek,Mystery,1975,6609533005865
tersus spiritus cometes,Gladys Kub,Mystery,2003,5515314473153
casus vilis defaeco,Olivia Schimmel,Biography,1992,2015200665977
subvenio comprehendo dolore,Mrs. Louise Turcotte,Mystery,1958,0657699694661
viscus sumo tristis,Zachary Considine,Thriller,1978,6642807263598
demo animi blandior,Mr. Ervin Witting,Non-Fiction,1978,4060761695040
corroboro auctor vindico,Loretta Gibson V,Non-Fiction,2005,7905394371427
vindico tolero acidus,Melinda Glover,Mystery,1958,0328763747518
sit aeternus sono,Maggie Walter,Biography,2000,0049039485466
abundans conculco cupiditate,Danielle Hills,Romance,1956,5971201541159
somnus dedico ago,Nicole Feil DDS,Thriller,1988,8681599697049
esse decumbo carmen,Guadalupe O'Connell,Science Fiction,2018,4093902250803
calco vigor carpo,Georgia Kessler,Mystery,1951,8785332289997
subseco caries valde,Ms. Kathleen Leuschke,Non-Fiction,2002,9808215691551
auditor cito vespillo,Miss Pat Cole I,Fiction,1951,8782054180475
cribro nesciunt verbera,Peggy Veum,Fiction,1999,9733999205606
non causa convoco,Alvin Shanahan,Non-Fiction,1993,7671362132575
tribuo sunt ait,Jana Lesch,Non-Fiction,1988,1602905416719
ancilla ventito delego,Velma Hegmann V,Romance,1982,1624260956815
cohors delectus deficio,Vicki Bechtelar,Science Fiction,1960,6099089771169
voluptatem statim balbus,Charles Rohan,Mystery,1981,0306791532803
debeo pecco sufficio,Dr. Cynthia Graham,Romance,2011,7226909187925
verecundia ciminatio urbanus,Percy Daugherty Jr.,Biography,2021,2048993781983
vel debeo cernuus,Christie Thompson,Biography,2019,7935781670308
vulpes cupiditas advoco,Javier Ankunding,Romance,1985,1731948204081
tametsi nostrum ascit,Teresa Walsh,Mystery,1988,4746725354808
deinde valetudo tricesimus,Alice Walsh,Romance,2004,1524274748292
perspiciatis tantillus amplus,Al Rippin,Fantasy,2020,3441198123170
arx tandem conculco,Willie Stiedemann,Biography,1962,8348610781951
vulticulus tenus speculum,Marsha Schuster,Fantasy,1960,8364960348884
complectus degusto vergo,Vincent Wyman,Thriller,1970,8289520156446
benevolentia atrox sublime,Gary Gislason,Biography,1985,6299499459650
vix aveho cruentus,Joann Witting,Romance,1973,3826313820389
dignissimos adiuvo anser,Penny Barrows,Fantasy,1971,8153754479804
cernuus magnam utilis,Erick Nolan,Science Fiction,2022,1243313138154
patrocinor vitiosus titulus,Domingo Willms,Mystery,1968,0255242888237
sto crustulum ipsa,Tim Quigley-Willms,Science Fiction,2011,7200922490052
tardus sodalitas carbo,Stewart Herzog,Romance,1974,6159705319542
umquam deprecator voluntarius,Allison Kreiger,Non-Fiction,1977,4890957793201
demulceo ait constans,Mr. Andre Considine,Fiction,1980,6967254255687
incidunt thymum adeptio,Leah Mosciski,Biography,1984,0767243314707
libero voluptatibus capto,Alfonso Parisian,Science Fiction,1959,4416235275234
terror suggero autem,Ethel Gusikowski,Science Fiction,2012,7683386861602
villa sequi doloribus,Julie Wiza,Thriller,1987,8455202081121
alveus adficio mollitia,Randall Marquardt,Romance,1979,3780075753821
vapulus amissio crapula,Fred Ruecker,Non-Fiction,2006,6716538244349
carpo cognomen cervus,Bob McKenzie,Fiction,1996,9594231405209
supra tyrannus cornu,Stella Crooks Sr.,Thriller,2012,6332805631443
tabernus accusamus vigilo,Douglas Price,Fantasy,2009,6272863357309
culpo vitae deleo,Amber Stanton,Non-Fiction,2010,2879550496029
adeo statim subseco,Olive Klocko DVM,Romance,1968,0056333086165
antepono vilis video,Olivia Moore,Fiction,1979,2310052526032
attero reiciendis vilis,Janet Stehr,Non-Fiction,1986,5582236108330
ipsum audax calculus,Marcia Little,Non-Fiction,1980,9007085343606
ante cerno approbo,Dr. Ernesto Becker,Fiction,2024,7498958922288
aranea termes ago,Dianne Swift,Romance,1965,8826920908085
deprecator complectus tremo,Delia Boehm,Non-Fiction,1955,4765116072050
alveus caecus ver,Carolyn Leffler,Biography,1958,6737757664986
paens solum minus,Kelly Considine,Science Fiction,1956,8864902744001
tempora esse apto,Norman Wyman,Mystery,1978,9886928134178
modi adopto attollo,Dolores Langosh,Non-Fiction,2025,0777607944382
adduco casus clibanus,Jenny Graham Jr.,Science Fiction,1975,7034508296414
viduo occaecati surculus,Margarita Harber,Romance,1985,1304535048508
totam textus beneficium,Gerardo Zboncak,Biography,2007,0564484337476
decerno sublime validus,Shawn Pfannerstill,Science Fiction,1956,7074967006222
totidem alter magni,Judith Hauck,Biography,1960,4510422921270
capio adopto vix,Theodore Ullrich I,Mystery,1964,9311364863193
porro enim vito,Mark Rodriguez,Thriller,1993,5320981883006
esse aperiam ratione,Morris Becker,Biography,1954,5614871071419
valde excepturi cruciamentum,Darrin Gorczany,Biography,1998,0247561905793
cupio terminatio iusto,Mrs. Joanna Rogahn III,Mystery,1996,0908089216478
apparatus coma aro,Lois Hagenes,Fiction,2003,0402336102709
vestrum apostolus peccatus,Bessie Wuckert,Mystery,1958,5431856484316
utor communis quod,Deborah Graham IV,Thriller,1981,1870635374971
aliquid thesis campana,Wilbur Mueller,Fiction,1995,2819147124521
aestus adamo synagoga,Kimberly Von,Thriller,2009,3921477230696
esse soleo vorago,Miss Bethany Armstrong,Science Fiction,1959,1556673214115
veritas abeo hic,Erik Stroman,Romance,2021,0054918707304
deorsum doloribus video,Lucy Jerde,Non-Fiction,1991,8989757190777
utor tenus utpote,Terri Jaskolski,Thriller,1974,2363114210104
cupio deserunt vomer,Marion Yost,Fiction,1967,6439483761827
theca coniecto audentia,Molly Hauck,Biography,1990,6650317915544
deduco doloribus sperno,David Wintheiser,Fantasy,2009,2379221697364
quia veritatis advoco,Tami Barton,Romance,2019,1446177855244
contigo adipisci deserunt,Fannie MacGyver Sr.,Mystery,2015,6726875733336
cumque advoco desino,Sandra Hermann,Fantasy,1982,9226665725745
xiphias cras conventus,Celia Stoltenberg,Thriller,1955,1815332634708
quo cimentarius ea,Veronica Ankunding,Thriller,1979,4279505411970
super angulus teres,Franklin Hermiston MD,Fiction,2010,8737337997225
compono ago porro,Ms. Eloise Beer,Mystery,1990,4543958307201
debilito adsuesco atqui,Dexter O'Reilly-Upton,Biography,1981,0970150174680
accusator arbor cilicium,Enrique Jenkins,Biography,1979,6616428605310
cilicium magnam tabella,Kim Dooley,Fantasy,2020,5771032170088
pecco patria abduco,Franklin Pouros,Non-Fiction,2014,0654921115589
cilicium alioqui doloremque,Joey Waelchi,Fiction,1967,1331419779322
suffoco ipsa creo,Cecil Bechtelar,Thriller,1988,3508372688920
cursus conicio theatrum,Christian Macejkovic V,Science Fiction,2002,5239323238203
praesentium benigne ascisco,Tim Ledner II,Romance,1984,4366153935150
veniam creator illum,Felix Balistreri,Fantasy,1961,7390845440301
corrupti cras sum,Marianne Lind,Romance,2005,9487372892784
contego tenus argumentum,Lewis Barton V,Non-Fiction,1959,2364921547680
amplexus ascit tepidus,Nicole Stehr,Thriller,1977,1243348132941
sum curatio video,Rosalie Bins,Romance,1990,7241202400911
barba vacuus quae,Tommy Hahn,Science Fiction,2001,1217405964508
complectus ducimus adipisci,Robyn MacGyver,Fantasy,2005,5377039239781
thymum decens cui,Luther Bednar V,Non-Fiction,2019,9975251419559
aequitas dolorem acidus,Judy Rutherford,Biography,1969,4475602350631
cito arto exercitationem,Loretta Medhurst,Fiction,1953,8529509414238
cunabula decens tristis,Leon Bechtelar,Science Fiction,1996,1905557010989
comedo correptius vulariter,Melissa Konopelski,Mystery,2002,6610448038752
via dolorum sui,Willard Batz,Fantasy,2007,9525118707301
voluptatum nostrum amor,Gladys Jones,Mystery,1966,2433639400587
subnecto deporto conventus,Randolph Kunze,Non-Fiction,2000,1090184526535
valeo despecto velum,Felicia Labadie,Mystery,1986,1012207593956
triduana cupiditas adulatio,Sherry Romaguera,Biography,2006,3094586906152
caput video deleo,Charles Macejkovic,Mystery,1957,5731183934287
cariosus copiose laborum,Miss Raquel Nader,Biography,1990,4203830501467
vesper quas sunt,Rosemary VonRueden-Stroman,Biography,1983,3801219392078
adduco voluntarius cupiditas,Gustavo Bailey,Non-Fiction,2022,1675228684669
confugo sumo nostrum,Marlon Morar,Fantasy,2023,9081992722151
varietas aegrotatio cogo,Bennie Schumm,Fantasy,1991,5849006625736
callide eum assumenda,Garry Will,Thriller,2021,4479764533235
calculus turpis cimentarius,Darrel Stroman,Non-Fiction,1992,6470024120381
baiulus torrens administratio,Beverly Bode,Mystery,1979,6069957070081
tenus ara consequatur,Carla Welch,Biography,1955,9854410282536
tum ante vitium,Belinda Jenkins,Romance,2002,3699545987738
accusator copiose copiose,Willie Toy,Fiction,1987,4920825489887
universe comis ventosus,Albert Wyman,Fiction,1987,3644293845141
vitae thesis astrum,Carol Glover,Mystery,2017,8757649173942
textus voluptatum aspicio,Boyd Steuber,Non-Fiction,1970,0780375611879
aut cursim torrens,Dr. Sherri Hauck MD,Biography,1982,4190342522738
dolorem debitis cibo,Albert Kreiger II,Thriller,1971,0510246657173
suggero labore venustas,Armando Hand,Non-Fiction,1957,2945200069925
titulus tabernus calculus,Leah Hintz III,Romance,1966,6521426740704
bibo summopere facilis,Dr. Jeffery Jones,Thriller,1957,2556962186969
aut demonstro triumphus,Naomi Glover DVM,Fiction,1955,4242830850341
cursus cernuus voveo,Dr. Seth Yost,Mystery,2021,3544908421387
allatus delicate cinis,Jackie Olson,Science Fiction,1967,8614975374438
confero eligendi cur,Tracy Reichel,Fantasy,1955,4960062568467
territo civitas texo,Grant Stokes,Mystery,2007,2650589797293
venia valetudo caries,Edward Swaniawski,Non-Fiction,2004,0112905561202
acidus thorax sodalitas,Dr. Mike Parisian,Fantasy,1969,3253868414589
ventosus sumo crur,Mae Gerlach,Non-Fiction,1972,5939787730043
eveniet vorax arbor,Carol Mueller,Romance,1981,4685787508391
damno totus caute,Kristi Jacobi,Fiction,1962,2460730468961
xiphias sint clementia,Velma Effertz-Hoeger,Thriller,1952,6037770068310
tenuis tumultus abduco,Nathaniel Mann,Mystery,1986,7761782646259
urbanus benevolentia claro,Dr. Lawrence Klein,Non-Fiction,1993,4761674448124
statua crur quod,Tiffany Hayes,Thriller,1985,5194379418708
amaritudo sordeo cursim,Ms. Margie Cummings DVM,Mystery,1973,3450258361144
avaritia antiquus turba,Bobbie Kilback,Fiction,2001,6915856337053
defungo incidunt tunc,Toby Beer,Fantasy,2021,2267865221087
harum defaeco consuasor,Lori Stiedemann,Thriller,1991,7224430525326
annus canis delibero,Ricky Stokes,Science Fiction,2017,8028745554674
arcus conqueror caute,Dr. Theodore Ruecker,Biography,2007,9384360941953
summisse thalassinus est,Dr. Harold Rath-McKenzie,Fantasy,1954,5242227687400
succurro arto trans,Shaun Reynolds,Non-Fiction,1995,5837113926642
vesica venustas benigne,Andres Bednar,Non-Fiction,1992,8173432595490
arceo ubi decerno,Floyd Rogahn,Mystery,1975,3212042123910
magnam esse vulgivagus,Geoffrey Paucek,Thriller,1961,4756191597082
teres arguo canto,Glen Tremblay,Thriller,1979,9170566196414
delinquo cupressus commemoro,Renee Luettgen,Romance,1970,2533422512257
utrimque decipio vitiosus,Kristina Spinka Sr.,Fiction,2018,0138488608225
subnecto tui alo,Candice O'Hara,Mystery,1980,0861538805945
stella cumque vulgivagus,Janice Daugherty-Hills,Biography,1988,5312721477112
civis deporto torqueo,Carole Hodkiewicz,Fantasy,1962,3160151783116
maiores denuo calcar,Beth Miller,Thriller,2009,4176341174030
depono coniuratio bis,Earnest Bashirian,Science Fiction,2020,8072765767252
incidunt porro sit,Geraldine Boyle,Fiction,1963,1115365512286
charisma decimus accusantium,Elijah Dibbert,Fiction,2003,8204760757184
xiphias teres angustus,Dr. Lloyd McKenzie,Romance,1961,4488950884414
tracto trado tergeo,Harvey Witting,Fantasy,2000,4463275946275
alius cariosus possimus,Dr. Darryl Hessel,Biography,1995,7346005796074
contabesco delibero deleo,Mr. Trevor Kuvalis,Romance,2001,4647850210523
terga textilis cruciamentum,Sonya Willms,Fiction,1952,5356637147493
demoror solum caterva,Agnes Feil,Fiction,1972,3470136546202
amor alii bellicus,Bonnie Streich,Biography,1957,0066726693184
delectatio corrigo facilis,Mr. Oscar Blanda,Fantasy,1957,7086943062324
magni depopulo deorsum,Dr. Amber Bogan,Science Fiction,1954,9215175677816
accusantium una verto,Paula Langworth,Fantasy,2010,4162879370212
antea textilis omnis,Pat Jacobi,Fantasy,1958,0805310597492
defessus cupio turba,Orville Hills,Fantasy,1982,4195701291808
artificiose capio spes,Mrs. Barbara Okuneva,Non-Fiction,2021,8707946105038
vinitor degusto officia,Jenna Ortiz I,Non-Fiction,2013,5886628588829
succedo vulgaris iusto,Dominick Tremblay,Romance,2008,7976133736283
video aeneus universe,Colleen Greenfelder,Mystery,2004,9503045285536
viscus tristis aurum,Carol Wilkinson,Romance,1992,7289728260214
aspicio suasoria timidus,Dr. Neil Stokes,Thriller,1953,0451277078182
pax ut trucido,Elaine Mante Jr.,Non-Fiction,1972,2254603881828
ante doloribus arbor,Rene Schmitt,Non-Fiction,1993,4043335943147
crepusculum occaecati sursum,April Buckridge,Fiction,2006,3037208684622
sol audentia truculenter,Lori Beier,Romance,1966,2504850797371
sumptus vomica somnus,Josephine Blanda,Fiction,1970,9430459852894
vito tersus amaritudo,Cindy Medhurst,Non-Fiction,1960,3163809698789
adfero accusator creta,Mrs. Rachael Ferry,Romance,1980,0187505457773
valetudo aro inventore,Dr. Wade Maggio,Romance,2006,0807488919684
bibo amicitia cernuus,Ross Stark,Fiction,2014,0200438423015
aperte demoror benevolentia,Jenna Bednar,Fantasy,1966,1928988475358
eligendi temptatio arcus,Ronald Upton,Romance,1951,8461293290053
surculus deduco vix,Jeffrey Ziemann,Mystery,2005,6040228457676
thermae supplanto territo,Ross Emard,Fantasy,2016,5031855737876
cimentarius pecco id,Angelina Cummings,Fantasy,1966,8940860173521
commemoro volaticus baiulus,Mr. Dean Auer,Non-Fiction,1960,3531969871857
adnuo voco censura,Nicholas Hackett II,Biography,1953,8279412916172
stella error utilis,Ella Romaguera-Abernathy,Mystery,1998,1745819757415
sordeo curia texo,Isaac Marquardt,Romance,2018,6463074855767
adicio sollicito cupio,Cynthia Walter,Mystery,1981,0947944958940
baiulus suffragium concido,Byron Dickens,Thriller,1995,5246844012821
centum claudeo validus,Martha Rolfson,Non-Fiction,1988,6351546491417
collum tamisium ipsum,Kirk Collins,Science Fiction,1953,2750381079223
usus ut delectatio,Iris Schmidt,Romance,1980,6045712334818
peior arbitro animus,Dr. Neil Lindgren,Fiction,1963,4059562693365
coepi commemoro accusantium,Jeanne Wiza,Thriller,1999,0675971071898
aperte talis sonitus,Essie Metz,Mystery,1973,1211066537058
summopere conturbo tego,Ervin Cummings,Non-Fiction,2009,4162710637099
adsuesco beneficium debitis,Verna Konopelski IV,Fantasy,2011,4859956745107
tero subvenio animi,Angel Tromp,Science Fiction,2002,6414661637050
asperiores dolorem stipes,Nichole Pagac,Fiction,2020,5657442502297
custodia tenuis varietas,Erica Kemmer,Science Fiction,1962,7825318477867
iure quaerat sponte,Dr. Bob Harris,Fantasy,2015,9448368937842
usitas vir ait,Kayla Hoeger,Science Fiction,2003,5751555044936
cruentus quae fuga,Todd Rowe MD,Fiction,2007,0686975191539
doloremque perspiciatis cohaero,Josephine Hagenes,Fiction,1978,0624024144642
creta claustrum vulnero,Angelo Graham,Biography,1962,3325482203854
theologus cunabula cado,Mr. Bert Wunsch,Fantasy,1956,7381969796831
pecus baiulus cohaero,Virgil Schuppe Sr.,Fiction,1988,0022525538566
sursum tumultus compono,Dr. Kristin Senger,Romance,2009,9794991666391
universe tego sollers,Wanda Kris,Mystery,1987,3541757905445
terga defungo earum,Sheryl Huel,Biography,1995,0883666174265
exercitationem conor minima,Henry Bartell,Fiction,2014,7052151843893
vere voro basium,Johnnie Runte,Fiction,1956,9844228637122
abeo audio stultus,Charlotte Corkery,Thriller,2023,6899777891751
termes tantum vesica,Drew Kihn,Mystery,2022,4529724443788
sonitus abutor capto,Steve Koch,Mystery,1972,2742560652230
video terreo studio,Anne King,Non-Fiction,1991,2725370960827
cunctatio cursim odio,Salvador Spinka,Mystery,1967,3704740399889
ago tardus cicuta,Patti Welch,Thriller,2005,2666003046646
votum ter desipio,Jaime Bradtke,Biography,1992,8396797065677
causa vorax averto,Dominick Kertzmann,Biography,2008,4624829727193
vitiosus tui coruscus,Ron Walsh,Thriller,1987,7648517939412
unde aliquam cogo,Sheldon Ratke,Biography,1951,7959200653306
angelus sumptus confugo,Kathleen Mraz,Mystery,2000,5421406459317
damnatio abstergo terebro,Antoinette Hermann III,Romance,1996,2871925352991
creta agnitio modi,Dr. Felipe Senger,Mystery,1976,0986852497297
minus apostolus doloremque,Lela Zemlak,Science Fiction,1983,5369436190088
conscendo cupressus similique,Joseph Cummerata,Thriller,2019,3302030971049
comparo suppono thema,Michelle Donnelly,Biography,1978,9743870007018
fugit degusto vicissitudo,Mr. Jessie Rolfson,Fantasy,2002,3521855368368
sursum cibo tabernus,Denise Crooks,Fiction,1952,2614507784882
vito sollicito peior,Eunice Legros,Biography,1990,3349923422568
consequuntur voluntarius aestus,Ian Upton,Fiction,1990,0511097448167
tubineus spectaculum comedo,Stewart Lueilwitz,Thriller,2012,8980709737352
deleniti vinum voluptates,Ms. Sylvia Larkin-Willms,Fiction,1995,0918777602851
incidunt veritas dolore,Bradley Runolfsdottir,Non-Fiction,2025,9634529797696
virgo adicio spoliatio,Guadalupe Hills,Fiction,1969,2675462690522
stips undique argumentum,Guillermo Dach,Science Fiction,1951,4523808782848
ullus apostolus aveho,Sophia Bosco,Mystery,2012,1027208429109
quisquam rem artificiose,Mr. Laurence Dickens,Thriller,1995,7080089886983
cupiditate basium curso,Viola Deckow IV,Romance,1973,4109014040172
iste vulpes clarus,Drew Corwin,Fiction,1983,0234510136342
ipsam cotidie cotidie,Patricia Hermiston,Thriller,1990,4374304534117
adaugeo repellat umquam,Ernest Sawayn,Romance,1992,2981006944655
adsuesco vorago unus,Mr. Gustavo Roob Sr.,Fantasy,1951,1616383219743
valens agnosco amo,Irene Abbott,Mystery,1965,3673432665623
vorax tenax crebro,Troy Harber,Non-Fiction,1982,9060129484232
ter curvo aequitas,Harry Harris,Fantasy,1985,2672069517879
vigor arca tero,Susan Windler,Romance,1952,7742877244595
desipio vereor tabgo,Mrs. Diane Robel,Non-Fiction,1985,5210835692698
degero caritas sordeo,Jeffery Hilll III,Fiction,1998,6443989393260
minus atqui anser,Jacqueline Auer,Science Fiction,2015,2371785072378
creptio ascit basium,Valerie Jones,Fiction,1951,7729221901056
cuius cedo calculus,Peter Pfannerstill,Thriller,2014,4754672551183
theca consectetur praesentium,Valerie Hackett,Fantasy,1954,7786517865255
quos delinquo averto,Jamie Mitchell,Fiction,2017,8880447955597
debitis aiunt defendo,Garrett Hoeger,Mystery,1951,9552124637251
ab coaegresco accusamus,Mrs. Kay Robel,Romance,1989,2406003104041
aureus sortitus admiratio,Dr. Devin Murphy,Fantasy,1973,5355009862366
spoliatio maxime conatus,Monique Kuhic,Fiction,1969,5045838879592
aperio vix acsi,Regina Reynolds,Biography,1950,6528650750517
demulceo deorsum sunt,Phillip Ruecker,Non-Fiction,1961,2208810902110
terror comptus conor,Laurie Hahn I,Fiction,2006,0379855047019
convoco vindico patrocinor,Perry Windler,Mystery,1997,5087440078308
creo torrens solium,Jo Rosenbaum,Romance,2009,0497404179475
recusandae dolorum commemoro,Anne Oberbrunner,Non-Fiction,2024,6890122319109
auctus amor laborum,Betty Pollich,Thriller,2022,5750745911229
somnus rerum soleo,Antonia Will,Science Fiction,1963,4126629335964
cogo cado suscipio,Louis Ebert,Mystery,1997,3467010383855
aeneus calco ter,Judy Streich,Science Fiction,1990,3566753614181
solum subnecto tricesimus,Bryant Hartmann,Science Fiction,2023,8304883169602
comitatus volutabrum valeo,Scott Dooley,Science Fiction,1992,0259130812062
pax sonitus decumbo,Mr. Ramon Doyle,Thriller,2019,8930239388786
spoliatio creo vomito,Clark Gleason,Biography,1968,0713005249413
spes chirographum curo,Pablo Bins,Mystery,1978,6614225055641
possimus minus necessitatibus,Jamie Moore,Mystery,1985,4489976941981
vitiosus patior soleo,Oscar Olson,Mystery,1997,3453176038413
vita torqueo adfectus,Dr. Derek Ryan,Biography,1969,7859550519257
compello demens suus,Oliver Halvorson,Science Fiction,1978,3940507860662
antiquus numquam combibo,Francis Yost,Fantasy,1993,4990722980791
ustulo sperno voluptates,Rachel Borer,Fantasy,1968,2978665945581
adfero certus odio,Regina Hirthe,Non-Fiction,1970,3561428679142
asper terebro somnus,Viola Sporer,Non-Fiction,1972,9319918777145
varius doloribus cogo,Santiago Swaniawski,Fantasy,1987,1471815444461
vinco sollicito comburo,Rodney Harvey,Non-Fiction,1959,1997049419659
careo ager absorbeo,Kelly Yost-Kiehn,Fiction,1986,8125705516297
facilis thalassinus civitas,Henrietta Spencer,Thriller,1993,3940178038428
cribro cupressus tenetur,Candice Gerlach,Science Fiction,1963,1962885227397
consequuntur velit quas,Gustavo Wolf,Fiction,1958,7307360427839
defungo accusamus arcus,Pearl Morar,Romance,2015,9383882383041
tracto dolor titulus,Johnny Schuppe,Biography,2009,4211974949772
blanditiis caput cupiditate,Cynthia O'Reilly,Fantasy,1992,1990445103734
astrum victoria clibanus,Juana Bashirian,Thriller,1954,6400214052734
adinventitias cui abscido,Dr. Kate Lang,Biography,1996,5173466856560
facilis tenuis laborum,Emmett Klocko,Non-Fiction,2014,8344639762960
carcer volo cubo,Dr. Dianne Zieme,Thriller,1983,7981354534368
ad teneo antiquus,Elisa Stamm,Non-Fiction,2011,5753158753983
vesco teres paulatim,Jessie Quitzon,Fiction,1992,1976690496591
apparatus arceo adeptio,Jacquelyn Kunde,Fantasy,2019,2985397107880
decens vesper amoveo,Matt Keebler,Romance,2011,2169901066895
commodi triumphus verto,Gloria Grady,Fantasy,1963,6698770079259
tero tondeo cetera,Gerard McCullough,Mystery,2012,2597609361219
defessus voluptas ea,Jimmy Simonis-Shields,Fantasy,1993,6427795359346
textor occaecati stips,Loretta Douglas,Mystery,1999,5511841636293
studio defessus confido,Karl Hodkiewicz,Mystery,1986,3062228569944
curto clibanus tenax,Fredrick Kiehn,Romance,2023,6334676394001
accusantium calcar accusator,Dr. Miguel Larson,Mystery,2006,0161372613623
iure cunctatio tergiversatio,Shelley Fritsch,Thriller,2015,1880608328104
damnatio sto caveo,Samantha Schneider V,Mystery,2002,8695595663737
vergo crinis alii,Janice Stokes,Thriller,2012,2105256943849
reiciendis adipisci illo,Elena Purdy,Biography,2001,3596468493785
asper error spectaculum,Mr. Enrique Runte,Non-Fiction,1963,6695195639377
possimus voco conturbo,Dr. Jacob Hoppe,Thriller,1955,1043725475542
deleo arca cariosus,Sheldon Bode,Science Fiction,1983,3667427994221
attollo stillicidium bellicus,Dan Simonis,Romance,1970,4478256920577
viridis theatrum tamisium,Tiffany Kuphal,Science Fiction,1956,6995449315886
alias audio placeat,Joy Kertzmann,Fantasy,2001,5632546812945
comis venio somniculosus,Ray Kautzer MD,Fantasy,2017,3914310058469
absconditus videlicet acer,Ira Metz,Thriller,2023,7186720566282
uberrime paens nulla,Katie Anderson PhD,Biography,2014,3655585316598
vito angustus quasi,Darrell Labadie,Science Fiction,1967,4530257978823
adaugeo clamo comes,Mr. Felipe Gorczany,Non-Fiction,1952,0209531535872
venustas tego comedo,Joshua Turcotte,Biography,1987,5915620770439
derelinquo tum complectus,Javier Halvorson,Non-Fiction,1968,4253916134275
corroboro ager statua,Janet Skiles Jr.,Romance,2006,9233562717269
autem sodalitas solium,Amelia Johns,Romance,1954,5602587979615
calcar constans ipsum,Leigh Blanda,Mystery,1957,2165620395354
ascisco confero tabella,Miss Lindsay Gusikowski,Biography,2013,2972439397191
solum veritas clibanus,Dr. Florence Brekke,Non-Fiction,1971,2652328948422
itaque suggero amissio,Margarita Prohaska II,Fantasy,1973,7662519036943
urbs adfectus crustulum,Loretta Abernathy,Fantasy,1960,9756419129031
cilicium vindico circumvenio,Shannon Klein,Biography,2011,2905530445098
vitiosus campana umbra,Lorraine Prohaska,Science Fiction,2010,3518021562284
defetiscor vesco demum,Sheila Huels,Non-Fiction,1983,2263996967148
ver aestus vorax,Sammy Auer,Science Fiction,1985,7116469074314
curvo demoror deporto,Lucille Deckow-Oberbrunner,Science Fiction,1985,4836334819536
aer tenetur adficio,Rochelle Schimmel-Huel,Thriller,1966,7988083310198
audax blandior patior,Emily McGlynn,Thriller,1956,5034931397655
itaque trucido eius,Natasha Purdy,Fantasy,1990,4153501181880
vilicus agnitio tribuo,Salvatore Corkery,Fantasy,1989,6558193958257
acsi tergiversatio laboriosam,Abraham Langosh,Non-Fiction,1993,2684203553105
odit praesentium undique,Tami Adams,Science Fiction,1969,8941027272280
cribro tergiversatio tergeo,Simon Batz,Romance,1977,4460122295286
amor spargo thymum,Jasmine Gutkowski,Non-Fiction,1979,1734661964009
suspendo alo aestas,Amy Batz DDS,Romance,1984,7380110702944
torqueo deporto voluptas,Dr. Mack Abernathy,Mystery,2014,5597153420674
calamitas accusator dicta,Dr. Jody Grady,Thriller,1951,9993801518079
alo adimpleo spiritus,Jennie Mosciski-Schuster,Fiction,2018,3862733113296
tum stella eaque,Lynda Kilback,Biography,2002,4565776814826
triumphus at canto,Edmund Hegmann,Thriller,2019,6403104746193
tyrannus contabesco cunae,Pauline Hintz-Carter,Thriller,1982,3555571905463
aggero vetus tertius,Steven Bednar,Non-Fiction,2012,9227306039482
theatrum despecto denique,Allison Davis,Thriller,2011,9792116215598
auxilium deleo arguo,Horace Farrell Jr.,Thriller,2006,4795057719943
vere clibanus asper,Jenna Fisher,Biography,1971,2313614056773
fugiat una tyrannus,Betsy Reichel,Romance,1971,7217312024722
recusandae antiquus accusator,Delbert Cruickshank,Science Fiction,2008,9949296568939
architecto defendo conturbo,Angelica Pollich,Fantasy,1967,2232473256977
coaegresco qui aequitas,Deanna Fritsch,Mystery,2024,6180128683882
crapula vinitor damnatio,Patsy Pagac,Non-Fiction,1959,5544683419530
arbitro laborum constans,Sue Donnelly,Fiction,1984,1878237111656
angustus stabilis vindico,Lena Paucek,Science Fiction,1965,9869113302262
demitto defero creator,Colleen Kihn,Non-Fiction,1982,4287174616283
patria alias tricesimus,Dianna Kreiger,Science Fiction,1996,1774125327677
substantia audio delibero,Pat Crona,Science Fiction,1971,7354214715786
ager cauda accusator,Elsie Crona,Thriller,2018,7907309744800
spiritus sollers ventosus,Sheila Hyatt,Non-Fiction,1974,6156455806951
decor cervus sponte,Virgil Homenick,Science Fiction,1998,8930294288640
verumtamen tener aeternus,Timothy Schulist,Science Fiction,1985,9594263071813
vomica patrocinor super,Calvin Heaney Jr.,Mystery,2001,6466532468925
et sono ubi,Dr. Lorraine Anderson,Science Fiction,1997,2584688527261
arbor centum dapifer,Amelia Muller,Romance,1988,6151845948755
debilito vir vitae,Walter Bernier,Science Fiction,2020,7237367193654
vos tubineus deinde,Mr. Clifford Predovic,Fantasy,1988,5632052081908
aperte saepe stultus,Lydia Kohler,Thriller,2016,4804762920465
conqueror vigilo amet,Luz Moen,Biography,1983,7762950004402
coepi vado urbs,Alma Wiegand,Mystery,1984,5256642252666
avaritia bonus aequus,Sabrina Leffler,Fantasy,1993,7908463158070
conitor deludo velut,Jose Lindgren,Mystery,1954,2707004369525
despecto qui acceptus,Vickie Emmerich,Science Fiction,1984,4998627944464
apparatus cumque thymum,Edmund Abshire V,Biography,1978,7947719094827
vulnero cupio victoria,Angelica Lindgren,Mystery,1986,9260864645020
abstergo curvo ex,Clark Franecki,Non-Fiction,1986,4749850633744
titulus aut deleniti,Owen Reichert,Non-Fiction,1951,9200942698978
corrigo dedico autem,Lawrence Kutch,Biography,1962,7227864929206
stillicidium sonitus corrupti,Dr. Leon Nikolaus,Biography,1963,6230214485431
aduro atrocitas umbra,Alyssa Pagac,Fiction,2015,1648876401233
numquam teres territo,Oscar Gerhold,Non-Fiction,1990,3969058668617
demonstro viridis advenio,Johnnie Schulist,Biography,1966,6464847412196
surgo summisse bibo,Daniel Greenfelder V,Fiction,1981,4186328648604
demo tabgo volo,Verna Baumbach,Thriller,2001,4753719724634
cupressus alo villa,Lowell Schmitt,Science Fiction,1973,3512825242901
deprecator vir dedico,Abel Johnston,Non-Fiction,1951,3243537276454
turpis abscido conatus,Ms. Andrea O'Keefe,Biography,1986,5720394398263
adipisci stips temporibus,Mrs. Roxanne O'Keefe PhD,Fiction,1969,6212544732108
tumultus conventus contego,Samuel Lakin,Fantasy,1950,6196934691848
vere correptius quasi,Norma Huels,Thriller,1987,0749172257656
trado aut bardus,Sheryl Jenkins,Fiction,2004,7109531887581
tendo quaerat ter,Jimmy Stamm,Romance,1965,8185496066844
casso crebro succedo,Vernon Bashirian,Science Fiction,1962,0373836375639
tergo auctus crebro,Clay Mitchell,Biography,1959,5018797734697
casus sollers theca,Mr. Jorge Mann III,Fiction,1984,2106082608275
aduro coniuratio tactus,Darrel Spencer,Mystery,2000,2947564235824
dolores thesis solum,Tina Abbott-Roberts,Science Fiction,2022,1521729300305
sumo crebro vulgaris,Scott Jacobson,Romance,2000,0511958057776
somnus cattus pecus,Ms. Madeline Rippin,Biography,1954,8587754256362
cado decipio adficio,Leon Jast,Science Fiction,1990,4384162651658
soleo suggero defungo,Marian Lowe,Science Fiction,2012,2799671901003
arceo celer coruscus,Mr. Donald Reilly,Non-Fiction,2000,5957131131622
degusto dolorem dolorem,Dianna Smith IV,Biography,1961,0340294647945
aperte id facere,Dr. Max Kovacek,Fantasy,1969,5324479287972
suffragium combibo summisse,Wayne Aufderhar,Science Fiction,1980,5628680431233
apud vacuus decretum,Muriel Hayes,Science Fiction,2022,0505252272904
ducimus deporto officiis,Hugo Leannon,Thriller,1969,3633411022360
solus assumenda causa,Nora Toy III,Romance,1976,0519173590241
virgo tamquam viduo,Mitchell Rowe,Fiction,2005,6119064758747
volup succurro cinis,Milton Gerlach,Biography,2006,1080776955115
careo acer voluptates,Loretta Price,Fiction,2021,0614394794554
demo cultura aperte,Dr. Ron Kertzmann-Feest,Biography,2014,3342511898848
cupio uxor capillus,Pat Fay,Mystery,1981,7454731339141
addo strenuus benigne,Regina Veum,Thriller,1982,8364303426426
suspendo deorsum votum,Cora Kilback,Science Fiction,1992,6575716995559
suffoco administratio vitium,Ms. Megan Wunsch,Romance,1958,3863780884910
deleniti attonbitus absum,Clark Fadel,Fantasy,2005,0112980709804
civis surculus autem,Sheldon Fay,Fiction,2000,2239001876494
suggero ciminatio ratione,Kellie Osinski,Non-Fiction,1960,4138411961645
ciminatio ex error,Shirley Franey,Fantasy,1995,8111526000064
vinculum cras creptio,Arturo Schuppe,Fantasy,2022,3518415927850
vulariter patruus ascit,Kelvin Champlin,Fiction,1971,3005143901735
calamitas ustilo aegre,Hope Shields,Fantasy,1964,6112701428695
accusamus volup alius,Loretta Bartell,Romance,1953,1050400522193
cicuta voluptate testimonium,Darnell Reichel,Non-Fiction,2018,7009583697929
abduco vobis statim,Mable Gulgowski,Non-Fiction,1996,0146057305229
dolore universe aegrotatio,Kristi Lesch,Thriller,1952,6174991253367
aurum benigne ars,Gene Larson,Biography,1981,7438335476091
vehemens condico tubineus,Kathryn Leannon,Romance,1961,3988014551272
votum defetiscor suppono,Hazel Koss,Non-Fiction,1999,3780070961751
asper coruscus charisma,Henry Prohaska,Fiction,1983,3113108977158
torqueo vomito vulariter,Dr. Patty Rau,Science Fiction,1950,9403847687750
armarium acies taedium,Edna Cruickshank,Non-Fiction,2012,2045300396481
accendo curso inflammatio,Dixie Howe,Fantasy,1981,1787005652834
depereo depono caste,Kenny Pfeffer,Mystery,2016,0831505306782
aveho abundans curto,Antonia Pacocha,Romance,2007,5128200755876
tui reprehenderit corrigo,Marco Wisozk,Science Fiction,1953,9442214828716
arma demens absum,Delia Wisoky,Non-Fiction,1977,1252507850156
caries vel approbo,David Bogisich,Fiction,1971,7889349734557
conicio astrum copiose,Duane Bruen,Fiction,1975,9025750675819
exercitationem vomica doloremque,Johanna Brown III,Biography,1967,4493410101603
celo earum talis,Yolanda Anderson,Mystery,1969,8536646692001
ab ambulo suasoria,Blanca Brakus,Non-Fiction,1992,5527266004556
audentia vetus territo,Sabrina Cruickshank,Non-Fiction,1962,6405489042651
callide utique audentia,Francis Thiel,Non-Fiction,2020,4422110323510
copia decretum victoria,Sherry Nicolas,Mystery,1955,7708329594762
toties vereor atrox,Gwendolyn Heathcote,Thriller,1980,9194967650296
torqueo aestas aestas,Dr. Barbara Rogahn-Swaniawski Jr.,Thriller,1981,6124203154028
itaque placeat versus,Myron McDermott,Science Fiction,1964,8315265220969
esse quod tergeo,Molly Muller-Hoeger,Science Fiction,2018,0427518774279
casus ago defessus,Juana Braun,Biography,1985,4485577135039
color aro combibo,Miss Kim Baumbach,Thriller,1957,0881308825431
torrens aurum cursim,Alberto Cartwright,Non-Fiction,1976,5545061303071
virgo artificiose thema,Bill Kiehn,Mystery,1995,5851416740692
somniculosus titulus sub,Mr. Wilbert Koch-Kris Sr.,Thriller,1980,4092089712038
causa validus corrupti,Howard Bashirian,Biography,1982,3458942723761
cimentarius advenio nobis,Stephen Heathcote,Non-Fiction,1999,4619656524253
vir vivo commodi,Ralph Luettgen,Thriller,1993,5057344484344
adinventitias uredo solutio,Tyrone Boyle,Romance,1964,0881079328841
defleo carbo voluntarius,Marianne Morissette,Fantasy,2001,9708605162196
corrigo deprecator utrimque,Patti McLaughlin,Romance,1982,8737484347765
doloribus speculum defessus,Geraldine Johnston,Non-Fiction,2022,2765769688589
harum vulnus vicissitudo,Maureen Fay DDS,Science Fiction,2013,1089363893516
fugit audeo adipisci,Nathan Wyman,Biography,1999,0414554937723
quod texo acceptus,Domingo Blick,Fantasy,1978,6717954320660
apud suscipio vindico,Michael Runolfsson,Fiction,1977,4418748607931
volo arto vinitor,Johnathan Toy,Thriller,1961,6402649598839
placeat volo defero,Jan Flatley,Thriller,1962,1202301095475
aspicio ulterius calcar,Martha Fay-Weber,Thriller,1982,0889957336317
at canis summopere,Ashley Heaney-Mohr,Fiction,1989,5243669860615
debilito viscus succedo,Miss Audrey Huels III,Thriller,1978,0927047294812
ambitus caveo aufero,Ms. Jody Thiel,Fantasy,2008,5926654500597
abbas via umerus,Eduardo Bernhard,Romance,2013,6671763688102
tametsi beneficium thesaurus,Everett Stamm,Mystery,1975,7480004935696
vulnus verus arcesso,Ramiro Torphy,Science Fiction,1978,0432335587864
abstergo aiunt sum,Dr. Kimberly Dare,Fantasy,1987,2060032424536
thorax dolor temporibus,Kerry Larkin,Thriller,1998,7592044000820
utpote commodo advenio,Lela Wilderman,Non-Fiction,1959,7127291139666
ducimus nesciunt curriculum,Rochelle Nitzsche,Non-Fiction,1984,1553750652939
teres caries denuncio,Ms. Glenda Lind,Non-Fiction,2007,3277761685139
usitas contra pectus,Miss Joan Mills,Mystery,2005,2165308509748
velut viscus eius,Lonnie Schumm DVM,Science Fiction,1973,9937131815748
deprimo turbo utor,Lillian Price,Non-Fiction,2006,2785843060090
cuius voro sui,Lora Thompson,Biography,1987,3426913661039
clementia tantum tergo,Neil Considine,Fiction,1972,4521720917488
caute atavus varietas,Miss Joanna Goodwin DVM,Thriller,1996,1972798497660
stabilis aggero temptatio,Don Murazik,Fantasy,2025,1623135966466
cribro credo cumque,Johanna Collier,Thriller,2011,7540860544826
ter vado substantia,Sheila Bradtke,Science Fiction,2004,3204324997454
creo suffoco avarus,Cody Hauck,Fantasy,1988,4167524691035
deserunt depereo coerceo,Lillie Cremin MD,Science Fiction,1957,6047522500343
magnam cado culpa,Herman Maggio,Mystery,2016,4398595779778
coadunatio tabesco cur,Lloyd Wehner-Konopelski DDS,Romance,1979,9577757124602
carpo appono contigo,Felix Veum,Science Fiction,2016,5901648697146
atrocitas vulgus tener,Sandy Bernhard,Biography,1988,2640409889102
quo chirographum tenus,Gordon Jast,Romance,1977,9182783444613
perferendis adinventitias defendo,Christy Grimes,Science Fiction,1954,7385769007100
claro comprehendo venustas,Fredrick Jenkins,Mystery,1985,4591171735983
ter tutis subiungo,Norma Collier,Science Fiction,1968,2079032377968
occaecati vulnus acceptus,Roger Bahringer,Romance,1955,5682973853324
condico thymum verbera,Marianne Schultz,Fantasy,2019,1514348821810
caveo aurum velit,Kyle Larson,Science Fiction,2006,8214821454201
aeternus turbo cura,Domingo Wiza III,Thriller,2005,9569908800703
conor copiose iure,Joshua Altenwerth,Science Fiction,1968,6156990260701
attonbitus casus denuo,Martha Gerlach,Science Fiction,2018,2198569840767
confero socius nam,Leonard Keebler,Science Fiction,1960,1841725862212
volup decretum amiculum,Renee Jones,Biography,2017,6221936042842
sponte spiritus sono,Garry Thiel,Fantasy,1985,0588329269909
auditor tertius abbas,Duane Daugherty,Thriller,1993,5352488946295
quae suspendo inflammatio,Ethel Bahringer,Non-Fiction,1959,9498620348434
cibus xiphias tantum,Ian Corkery Sr.,Fiction,2016,2867314159026
ventosus aestas curis,Amanda Reichel,Non-Fiction,2015,9437576691223
confugo creptio volva,Melvin Cruickshank,Thriller,2014,3558637220397
cohibeo decretum votum,Philip Price I,Biography,1978,9012227405182
acidus tenus curatio,Emanuel Doyle,Thriller,1987,3292070631457
urbs appono tripudio,Dr. Matt Predovic,Fiction,2018,8431196632806
harum demonstro aggero,Mr. William Luettgen,Mystery,1976,2637895699015
sum adsuesco tergo,Brenda Swift,Non-Fiction,1963,9764706607518
audio nisi caute,Neil Kovacek,Fiction,1959,7954487102117
vigilo officia avarus,Dr. Lance Ortiz,Fiction,1974,0899517533022
admiratio voluptate suspendo,Karla Langosh-Tillman,Fantasy,2004,5926774925720
similique conturbo molestiae,Joy Hansen-Rowe,Romance,1991,3939258792172
articulus canis apto,Sandy Bartell,Non-Fiction,1986,4396459519261
calamitas adulescens voluptate,Angel Nikolaus,Biography,1979,3791013685447
necessitatibus delectatio creptio,Bethany Williamson,Mystery,2021,9973911917130
vel derideo arbitro,Mrs. Deborah Rogahn,Fantasy,1964,7952287231858
tenetur utique terror,Irvin Kling,Mystery,1975,8452608436548
capitulus caries angulus,Gladys Koepp,Romance,1982,2638147343755
suffoco vito exercitationem,Delbert Funk,Thriller,1981,1761283647950
tabgo dedecor circumvenio,Erika Bode,Mystery,1956,6711579356704
comburo tibi tremo,Myrtle Cummings,Biography,1998,2743965999587
absconditus torqueo utpote,Arthur Bins-Mills,Mystery,1974,1688501783281
vulgaris animus depulso,Marlon Parisian Jr.,Fiction,2020,7539462016152
amissio creo accendo,Kristine Bednar,Fantasy,1965,2322045432352
impedit nemo crapula,Miss Christy Hayes,Fiction,1952,2325100258313
enim ulterius despecto,Adam Waelchi,Science Fiction,1997,9699137569442
solutio tamdiu tunc,Armando Adams,Mystery,2005,5189057142041
suscipit consequatur articulus,Elsie Cummerata,Thriller,1981,5524565990808
provident sodalitas comes,Ms. Lauren Jacobi,Fiction,1950,5138862175141
speculum damno cursus,Eugene Schuster,Romance,1956,0166208486866
eveniet vulariter sum,Raquel Rutherford,Science Fiction,1997,5765833359698
vigor truculenter adhuc,Fredrick Olson,Biography,1958,4887866426138
vorago tollo tutis,Karla MacGyver,Thriller,1957,1867579199561
viridis delectus cubitum,Jody Frami,Biography,2025,0896107215858
commemoro annus tertius,Doreen Greenholt,Fantasy,1959,9018640007256
animus vulgo demo,Roosevelt Cremin,Science Fiction,1966,1257622820838
uter xiphias sui,Sheldon Considine,Non-Fiction,2023,2047970906094
valetudo infit animus,Marcia Koepp,Biography,1957,3385168495671
unde ancilla vetus,Leroy Daugherty,Fiction,2007,5689444477787
pecco voluptate doloribus,Damon Robel,Mystery,1955,3927382530900
crepusculum cohors assentator,Dr. Lamar McGlynn,Fantasy,1975,1415311782136
depereo aspernatur quo,Gertrude Effertz,Biography,2017,5243356429823
utique spectaculum coerceo,Mr. Jamie Daniel,Fantasy,2024,8647232231617
approbo ubi textus,Darryl Cole,Thriller,1981,5331448668759
capio territo solvo,Garrett Altenwerth,Thriller,1955,7366288055529
attonbitus depraedor conspergo,Kirk Kuhn,Fantasy,2019,6787728447896
degenero tero volva,Forrest Kuphal,Science Fiction,1974,6708139024734
tamen civis administratio,Jerry Quigley,Science Fiction,1986,7505316867458
claro somnus clamo,Michelle Mitchell,Romance,2003,5285121730300
ulterius inventore tamisium,Tasha Lesch,Biography,2007,2093907341541
ceno appello voluptatem,Traci Murazik,Mystery,2003,3289240883351
tabernus delectatio coerceo,Dr. Lucas Satterfield,Mystery,1952,6319207440463
angulus theatrum absque,Mabel Schaden,Fiction,1957,3112812661449
patruus conduco comitatus,Ross Leuschke-Collier,Romance,1950,3855001650355
thymum deripio combibo,Barry Daugherty,Thriller,1962,7181638679320
cui ager autus,Christy Zboncak,Biography,1973,9027902620692
auditor deleniti sollicito,Mrs. Grace Okuneva-Pfannerstill,Biography,1965,0983839385502
comptus victus vinitor,Alex Upton,Thriller,1985,3056150746145
pauper capillus adeptio,Kellie Conn DVM,Fantasy,1986,1844917496986
facilis argentum decumbo,Angel Dicki,Thriller,2000,0520189261286
adopto bellicus supellex,Darrel Kling,Fantasy,2025,0233612105159
utilis acies denego,Sarah Hayes,Biography,2011,4090035913780
studio termes reprehenderit,Annette Rogahn,Non-Fiction,2007,6181788031019
earum tamdiu acer,Mona Ernser Sr.,Mystery,2000,7148847986692
cilicium quia conicio,Mr. Gordon Kirlin V,Thriller,1976,6894629815011
voluptas cui accommodo,Ellen Hessel,Non-Fiction,2002,5656448398393
antiquus vomito despecto,Mrs. Winifred Dare,Fiction,1973,4223567906373
delibero cura carbo,Randolph Cartwright,Non-Fiction,1994,9556487998296
aegrotatio modi cras,Homer Sauer,Mystery,1979,3971451539064
mollitia desparatus omnis,Oliver Ryan V,Mystery,2017,5176987528773
despecto sequi spero,Priscilla Bashirian,Fantasy,2006,6102705945538
strenuus charisma cunctatio,Peter Predovic,Science Fiction,1999,0276123966825
curvo sulum quaerat,Lila Littel,Non-Fiction,2011,5754144675075
accendo tabella caelum,Casey Greenfelder,Fantasy,2008,3920396186568
comis vivo tenetur,Rudolph Skiles PhD,Mystery,1953,3087855528210
atrocitas dolor contabesco,Nathan Kilback,Mystery,1968,6642175828553
sint voluptatum ambitus,Lorene Buckridge,Science Fiction,2014,9404830025504
utpote reprehenderit caelum,Nelson White,Science Fiction,2008,9821432040883
volva tredecim delectatio,Dr. Earl Gleason,Mystery,2008,4700625110058
tot amor tolero,Dr. Jacqueline Gislason,Non-Fiction,1967,2547284592796
adimpleo est studio,Lester Klein,Fiction,2018,9890720685952
vivo sulum tabernus,Julie Zulauf-Maggio,Fiction,2013,7473443854052
vitium adsum tumultus,Matthew Lesch,Romance,1990,0031662256699
advoco sopor coma,Leroy Homenick I,Mystery,2005,6615011770810
theca aiunt sonitus,James Bednar,Mystery,2015,8793557258203
deinde adficio cresco,Mr. Bryant Kuhlman-Connelly,Biography,1967,2300679915701
corrupti odio vinitor,Misty Daniel,Romance,2012,8201101040153
ipsam tracto bos,Tracey Batz,Mystery,1993,9266393848905
ciminatio ubi quibusdam,Casey Donnelly,Fiction,1956,6321122397839
deficio attollo spiculum,Henrietta Bins,Romance,2000,3698991558186
quidem adduco quasi,Ms. Sabrina Rempel,Romance,1954,9442990102937
pax soleo debilito,Carmen Kris,Fantasy,2006,4503020021737
stips tardus officiis,Ted Legros,Non-Fiction,1985,1859135035909
cenaculum magnam odit,Clifford Brekke,Science Fiction,1961,1702169007196
vix basium dedecor,David Rolfson,Biography,2012,6122541248567
arbor crudelis dolorem,Kathleen Leuschke Jr.,Fantasy,1950,2051518203662
labore taceo suscipio,Ms. Marcia Hoeger,Science Fiction,1976,2103687273992
quae alii defungo,Ora McGlynn,Biography,2012,5417139293180
eaque ad catena,Larry Barrows,Romance,2010,1739642890166
solium curso conturbo,Troy Halvorson,Fantasy,1975,2273464072528
timor dignissimos accommodo,Tony Fay,Thriller,1977,0859779871143
assumenda deorsum itaque,Moses Witting,Non-Fiction,1969,4790403209876
decimus ager viscus,Tasha Braun,Biography,2008,0987202570036
defero cribro vitiosus,Dr. Frankie King,Romance,1963,5862077070587
suggero deputo averto,Ms. Beth Kub,Fiction,1951,8496125648017
minima coepi cruentus,Kara Mayer,Fiction,2005,0855305408987
trado spiritus audio,Beverly Willms-Swaniawski,Non-Fiction,1985,4011955870228
compello urbanus conitor,Lorenzo Franecki,Thriller,1976,5430847214592
usus abbas acerbitas,Julie Labadie,Thriller,2009,6570511844490
crustulum censura tempore,Loren Tremblay Jr.,Biography,2021,3514730128334
cibo amitto iusto,Guy Kiehn,Biography,1979,4648321647528
talio clam tenuis,Carlton Mante,Mystery,1996,3514050903613
arbustum deleo taceo,Myra Williamson,Mystery,1978,2459137520104
bos pecco civitas,Carroll Langworth,Biography,1990,9670535574173
altus antea minima,Leah Oberbrunner,Romance,1977,3737986844474
ante beatus caste,Cornelius Dietrich,Romance,2018,9038221453256
conduco virtus attonbitus,Mrs. Sandra Fahey,Romance,1972,2638531859152
sodalitas vix despecto,Mr. Gilbert Lebsack,Romance,1992,0139520712915
conscendo coaegresco deputo,Adam Mertz,Mystery,2007,7828393331994
corrupti repellat comes,Amos Wilderman,Mystery,2008,6495254319521
cruentus conculco maxime,Maggie Jerde-Mosciski,Mystery,2007,2725955583925
via terra acer,Eddie Blanda,Biography,1999,6782394529497
consectetur vociferor conitor,Ed Baumbach,Romance,2023,0290445890022
verumtamen infit ager,Jennie Batz V,Mystery,1990,4872489180025
quaerat vinum texo,Dr. Willie Larson,Thriller,1996,3723546311163
deorsum suus auxilium,Lynette Osinski,Fantasy,2018,6386677005975
sono comedo charisma,Hugh Littel,Mystery,2009,0487068196289
aggredior adversus nisi,Nadine Littel,Fantasy,2006,9424957201969
adhuc decretum denique,Mr. Armando Auer,Fantasy,2024,5818521774088
vereor umbra alveus,Kelly Orn,Fiction,1965,7307433689894
cogo quod succurro,Geraldine Gibson,Fantasy,1988,7209127245647
speculum balbus conturbo,Shelley Daniel Sr.,Mystery,1983,9295310124143
cursim theologus depopulo,Darryl Mann MD,Science Fiction,2018,6459927552947
colo cernuus neque,Sherry Spencer-Leannon,Mystery,1995,2889749763381
calco acervus sit,Blake Prosacco,Romance,2009,0991347377349
cogo stultus velociter,Brandon Schimmel,Mystery,2007,4089822298258
tergeo inflammatio apud,Harry Hickle,Mystery,1967,2182108312744
considero nostrum benigne,Mr. Troy Jacobs,Biography,1978,0648311808311
considero utpote tener,Roman Kuhn,Science Fiction,1963,5580294702464
degusto aer alius,Leona Reichel,Romance,1975,1630941182576
tredecim natus deorsum,Clint O'Keefe,Thriller,2016,5110553555926
tempus volo architecto,Mr. Cornelius Klein,Fiction,1962,3248007676302
vivo vito victoria,Phillip Weimann,Thriller,1967,9573667850593
amoveo aiunt abutor,Dianna Hickle I,Non-Fiction,1967,2033524883004
aestivus combibo angulus,Ms. Cindy Veum,Thriller,1997,4507552240784
tres despecto strues,Lewis Lemke,Thriller,1960,4398149502199
bonus textus demonstro,Milton Altenwerth,Fantasy,1973,5916525221333
crudelis tenus adsum,Darryl Grady,Romance,2005,9200920638102
supplanto atque caelum,Lonnie Muller,Fiction,1962,9809494909745
cruciamentum amplus adipisci,Mr. Hector Wilderman,Non-Fiction,1955,0173412719756
curis auctor cito,Jeanette Jast,Romance,1967,7151173059566
turba totam cribro,Sean Schroeder MD,Non-Fiction,1995,0112630032841
commodo ceno avaritia,Rudy Kuhic,Science Fiction,1967,1904366019384
vir tempore copia,Rochelle Bailey,Fantasy,1986,8435023232247
succedo arx conturbo,Lela Swaniawski,Fiction,1953,9366042517713
civis tepidus tui,Willis Monahan,Thriller,1978,5345709295067
totam corrupti coma,Lola Lakin,Mystery,1993,0683340377081
atrocitas deleo crur,Ms. Penny Lehner,Fiction,1968,8109043844481
amplitudo tollo conduco,Fred Senger,Non-Fiction,1999,8906142667126
urbs sublime amaritudo,Leo Corkery,Mystery,1970,1500188797402
vado vito convoco,Dewey Armstrong,Non-Fiction,1964,1621962153281
vinitor placeat corrupti,Hilda Funk,Fantasy,1960,8187477259147
doloremque officia anser,Ms. Della O'Keefe II,Mystery,2007,6970129625675
rerum cilicium terga,Aaron Stehr,Non-Fiction,1972,6216682602881
utrum coerceo ater,Mack Waelchi,Fantasy,2014,9702043394156
pecco vere vitae,Cecilia Hegmann,Fiction,2018,6731928747900
rerum corona coepi,Theresa Kunze,Biography,1957,8474239757345
corroboro aegre vobis,Aaron Mante,Romance,1988,3503438975326
tracto sit acervus,Spencer Nicolas,Romance,1976,4052783585874
testimonium ultra templum,Mr. Frankie Renner,Romance,2019,7961000106388
balbus crustulum basium,William Effertz,Non-Fiction,2020,6589605780303
bis sodalitas bene,Gerardo Rohan Sr.,Science Fiction,1956,6308759645715
terminatio sperno vomito,Frankie Dibbert,Romance,1956,0009581161587
stella sortitus exercitationem,Adrian Blick,Non-Fiction,1972,5592181063115
sto confido appositus,Noah Kshlerin,Romance,2003,9730793311944
ademptio utrum cena,Mitchell Hayes,Non-Fiction,2005,1336542986192
tricesimus cras adhuc,Jeffrey Armstrong,Thriller,1953,5087935691098
trepide curis adopto,Jared Corkery,Fantasy,2003,9577000397204
quae aestas una,Noah Greenholt,Biography,2014,7390558154109
demoror defetiscor toties,Randolph Schinner,Fiction,1969,0514298048776
aequitas vere caterva,Dr. Frank Rosenbaum,Mystery,1950,3057918529463
cotidie tempore spiritus,Jermaine Frami,Mystery,1995,9171064989479
magni truculenter admoneo,Belinda Denesik,Science Fiction,1971,7126329971039
volutabrum sublime maxime,Cedric Dooley V,Biography,1966,8625314870372
curriculum mollitia summopere,Robyn Armstrong,Fiction,1989,2070911677403
pax assentator conturbo,Dr. Preston Lind I,Fiction,1988,8154523162009
candidus celebrer officia,Terri Reichert DVM,Fantasy,1988,0436147830185
aliquam deorsum contra,Shawna Luettgen,Thriller,1960,8044182523187
verbera alter unus,Johnny Koss,Fiction,2017,9573143461194
cogito culpo beneficium,Betsy Osinski,Fantasy,1997,6631407086299
crustulum sollers ea,Stewart Johns,Non-Fiction,1999,6772954056658
rerum bene vereor,Erika Ondricka,Thriller,2015,2141352635718
vinum asperiores doloribus,Glen Stoltenberg,Thriller,1997,4594121654741
degenero amissio tenetur,Dwayne Paucek,Biography,1979,6158200489646
adiuvo contigo vaco,Sammy Bailey,Fantasy,1978,4443850765685
tamquam audacia incidunt,Jonathon Streich,Science Fiction,2022,5256213965237
sed conatus astrum,Martha Larkin Sr.,Romance,2024,4415267074906
arx volutabrum somnus,Wendy Veum,Fiction,2009,0152096666788
cenaculum apto arx,Rudolph Thompson,Non-Fiction,1995,9808559521292
arceo colligo exercitationem,Carole Jerde,Biography,1993,9279266917936
caput arbustum somnus,Steve Miller,Biography,1979,2181639645945
timidus dapifer adulatio,Theodore Senger,Fiction,1964,4285132505955
crepusculum confido tepidus,Myron Raynor,Fiction,1979,8803587226980
annus adeo admoveo,Miss Brittany Gutkowski,Fiction,1956,5424632419546
modi consequuntur eligendi,Harriet Kub,Science Fiction,2024,0601405591800
calamitas demum tepesco,Rosie Wolff,Thriller,1957,3547940441037
cibo maxime administratio,Verna D'Amore,Biography,1955,5677362703003
ultra creber vis,Caroline Bayer,Romance,1965,4174218275887
antea atrox ratione,Sara Paucek,Fiction,1955,7235857629772
magnam calculus virgo,Vivian Hills,Fiction,2009,7399269280580
uxor ciminatio trans,Jose Armstrong-Greenfelder,Biography,1997,4244661645068
damnatio vel quo,Drew Koelpin,Romance,1986,3148286495770
teneo aliquid cunabula,Stacy Koss,Mystery,1982,3256311369113
conspergo degero similique,Clint Lehner,Mystery,1957,7819938016081
depopulo sapiente aliquid,Jake Bradtke,Thriller,2025,9189168668779
tollo tergo subvenio,Alexander Gutkowski,Thriller,2012,4526113859381
curriculum cum accedo,Jeremy Simonis,Mystery,1996,4811872930120
averto cresco thermae,Jeffrey Hodkiewicz,Non-Fiction,1974,6660904738050
dicta cuppedia vulpes,Mr. Colin Goodwin,Science Fiction,1968,8908330619920
vitium caveo aptus,Gene Cartwright,Science Fiction,2001,0144980364971
substantia urbs volva,Guy Ankunding,Fiction,1995,6529787246207
brevis tandem sopor,Erma Hand,Science Fiction,2010,7022895426083
vos celo sodalitas,Carla Metz,Mystery,2011,8211685987758
aro confido decens,Grace Wintheiser IV,Mystery,1987,5500721117060
cerno coniuratio solutio,Dominick Metz,Biography,2006,5289227959856
considero caelum dedecor,Arnold Gleichner,Mystery,1953,7311418061617
verto custodia temporibus,Alfonso Dicki,Non-Fiction,2016,0353183039123
tergiversatio termes magni,Alma Bartell,Non-Fiction,1965,6689326011191
suppono coadunatio quisquam,Jaime Medhurst,Fantasy,1978,8256280692083
decipio alo defessus,Elvira Orn MD,Biography,1983,9773998649663
coniuratio talio temptatio,Julio Stracke,Thriller,1971,0791157920341
arto textilis claro,Mrs. Tina Jenkins,Thriller,2011,1786536126000
aestivus adflicto caries,Sonja Goyette-Hand,Thriller,1956,6825306360163
tertius alienus spargo,Dr. Lynne Terry,Fiction,1985,2491164864662
conqueror expedita fuga,Jacquelyn Langosh,Fiction,1974,8156962102888
ustilo vicissitudo viridis,Miss Dawn Sipes,Thriller,1987,5508380213985
infit ait solium,Ashley Harvey,Romance,1987,2316683583261
virgo territo tracto,Jeffery Schumm DDS,Romance,2006,0831923501928
amet adiuvo bis,Johnnie McClure,Science Fiction,1971,5891491717674
aequitas teres at,Grady Weimann,Mystery,1990,2838538903674
suffoco spargo minima,Joe Rippin-Zieme,Thriller,1974,1669789481605
quos quod admoveo,Milton Rolfson,Thriller,1985,6763711036454
amplitudo uxor vado,Marvin Haley,Fiction,1992,7778626421327
voco odit tredecim,Grant Wilderman,Science Fiction,1986,7744156287616
verumtamen omnis numquam,Janice Wisozk,Science Fiction,1998,1987564814662
vitae peccatus sortitus,Myron Nicolas,Non-Fiction,1978,0911858573896
valeo video tardus,Hope Treutel,Non-Fiction,2018,6016907788750
thesis tamquam acies,Alfredo Davis,Fiction,1975,1368324353631
corrumpo aperiam terminatio,Angelica Sauer,Non-Fiction,1982,2706705131038
demonstro aperio aggero,Lorena Legros,Science Fiction,1958,3249920795456
desino nesciunt thymbra,Sherri Waelchi,Mystery,1975,6995175433940
cupiditas carbo nostrum,Sandy Smith,Fiction,2012,3097380040748
eius cometes mollitia,Dr. Lori Denesik,Biography,2007,3234368259294
quibusdam omnis ancilla,Blanca Conn,Romance,2007,8755565900910
vox praesentium blanditiis,Tyler Johnston,Fiction,1958,9581410482184
suppono administratio arcesso,Blanche Collier V,Fantasy,2020,9799096135505
varius triumphus uterque,Tina Murray V,Mystery,1997,1542542832231
campana vita sodalitas,Ms. Rebecca Keebler,Non-Fiction,1979,1263828105929
spiritus vorago sit,Paula Rowe,Fantasy,2017,9793036476175
doloribus atrox uxor,Joann Tillman,Mystery,1954,2549274819365
voluptas trepide acies,Cecelia Rogahn,Biography,1990,3748390472005
nesciunt aggero succurro,Ms. Marie Bins,Biography,1974,7715751595170
decipio studio amplexus,Luz White-Hermann,Thriller,2005,7948148594463
admitto ceno curo,Patrick Metz,Biography,1956,0905443048913
possimus damnatio aranea,Erica Casper II,Biography,1955,3700311594302
sulum vero caritas,Mrs. Regina Upton,Biography,1950,2178709327910
cruciamentum sono et,Dr. Perry Herzog,Thriller,1966,4852451152715
adhaero bibo quasi,Billy Rowe,Thriller,1956,6330160951290
talus sodalitas tempora,Kristy Herzog,Romance,2008,9270560542417
quidem adversus cogo,Dr. Pamela Douglas,Non-Fiction,1995,6947201209307
vehemens deleniti versus,Dorothy Kunde,Non-Fiction,2014,2921867820779
ago defaeco dicta,Todd Friesen,Mystery,2010,9745169660925
vicinus cattus pauci,Lisa Legros,Fiction,2000,3076042986571
arbitro colligo villa,Timothy Volkman,Non-Fiction,2022,2715996186166
ager apparatus aureus,Miss Anna Kunze,Mystery,1965,7132121415181
articulus vomito dignissimos,Wilma Hoeger,Thriller,2003,9525733455683
atque tempora non,Colin Nienow,Fiction,1987,5168747338262
antepono terebro cura,Sonya Simonis-Carroll DDS,Non-Fiction,2000,3099538881088
tamdiu vilicus velum,James Windler PhD,Science Fiction,2001,8490524298490
cetera cado trucido,Andres Rice,Biography,2017,5676419793642
blandior necessitatibus ut,Pearl Streich,Fiction,2003,4589622288770
reiciendis pel defetiscor,Clinton Kshlerin,Biography,1986,2130245611666
auctor est repudiandae,Natasha Kertzmann-Leannon,Science Fiction,2014,7747080805715
tolero aeger talus,Meghan Mayert,Mystery,1950,6719621565616
adduco pectus statua,Arthur Jast I,Mystery,1993,2110904029049
capitulus summopere urbanus,Kenneth Corwin,Mystery,1956,5409879905324
suffragium admoveo aptus,Opal Bode,Romance,1980,2794598479145
fugit color voluptatibus,Ms. Lynette Stoltenberg,Fiction,1984,4517383899645
statim vapulus minus,Tony Ledner,Non-Fiction,1953,9260869667627
coniecto corrumpo numquam,Lonnie McGlynn,Thriller,1967,9821757068377
suadeo fuga cometes,Marion Rutherford,Science Fiction,2007,8775196985220
clamo autem sponte,Carrie Schowalter,Fantasy,2006,8956401591705
suffragium supra cubitum,Mr. Luther Doyle,Romance,1995,8951668301013
caecus bonus color,Thomas Schiller-Blick,Fiction,1977,3096836903725
atavus quaerat corporis,Laura Moore,Biography,1959,1271618156500
delicate apto cupiditate,Javier Schinner-Ziemann,Romance,1995,2169282127101
suspendo cunae delinquo,Yvette Durgan,Mystery,1980,9610702726120
corrumpo curiositas creator,Alexandra Schoen,Non-Fiction,2017,1045472611627
iste bellicus colo,Agnes Langworth,Science Fiction,1984,5195594699766
caries acidus corpus,Dr. Nicolas Gusikowski,Non-Fiction,1982,5427230781805
utrimque totus caries,Rebecca Kerluke MD,Science Fiction,2007,6580576635265
nulla odio vinum,Ethel Macejkovic,Fantasy,1991,1604359481615
facilis quam facere,Eddie Hermiston,Thriller,2021,1900426834972
argumentum alioqui quam,Dr. Spencer Dare,Mystery,1986,7199240569824
desparatus spes voluptate,Cindy Auer,Biography,2004,8340704276741
suadeo nulla cinis,Dominic Larkin,Thriller,1987,8349584746010
casso illo aequitas,Veronica Keeling,Biography,2013,3572779868563
desipio agnitio ducimus,Wallace Konopelski,Mystery,1999,7466118626967
celo concedo usitas,April Reilly-Parker,Fiction,1976,8349657901364
addo amet sperno,Aubrey Legros,Fantasy,2015,0974127353221
apto comminor totidem,Jackie Labadie,Fiction,2020,2521052392502
degenero taedium colo,Agnes Schuppe,Fiction,1970,6843047358696
super perspiciatis umbra,Frances Turcotte,Mystery,2007,7738839914661
artificiose vallum xiphias,Jessica Altenwerth,Thriller,1967,1357281267496
brevis caput porro,Grady Lind,Fiction,2009,2136906564432
dolorem iste amita,Cynthia Schmitt,Science Fiction,1960,1492762765266
corrigo volo quae,Sheri Ratke,Romance,1979,4039071207580
comprehendo astrum ait,Saul Muller,Mystery,1962,7323866020508
vulpes sed ulciscor,Dr. Jeffery Homenick,Thriller,2011,6396276432270
occaecati beatae voro,Michelle Ullrich,Non-Fiction,2017,5258571395130
sperno aqua sumo,Willis Littel V,Mystery,1956,1930815409240
repellendus degenero nesciunt,Carl Schowalter-Baumbach,Mystery,1970,3081727925731
caterva turba curvo,Benny Fisher,Thriller,1987,4993099629631
censura ciminatio iste,Dr. Nelson Conn,Mystery,2014,4855914361346
titulus urbs laborum,Glenn O'Kon,Biography,1961,7318357935005
catena supra curto,Clayton Borer,Mystery,2012,3370864175877
confero iure combibo,Reginald Skiles,Science Fiction,1970,2529644707302
vulgus itaque strenuus,Lynette Kemmer,Biography,1973,8175207619032
subvenio abundans tempora,Rene Osinski,Mystery,2004,9924225381771
solum campana conturbo,Alfredo King-Conn,Biography,2024,5867457446498
coadunatio urbs cui,Mandy Konopelski,Romance,1958,6592058786126
deorsum centum fugit,Roberta Auer,Fantasy,1957,7308571715338
uberrime aqua victus,Andy Lang,Mystery,1968,5021270832069
ceno arcus succedo,Nathan Glover,Thriller,2016,0661346445148
tepidus commemoro sollicito,Jenny Block,Thriller,1974,6260220761592
brevis vapulus titulus,Kathryn Conroy,Fantasy,1985,8349254094232
tui appello basium,Orville Nicolas,Fiction,1996,7865415001643
tibi vacuus tricesimus,Candice Witting,Non-Fiction,1955,3977102649692
vulariter vilicus bibo,Ms. Carrie Moore-Rosenbaum,Biography,1987,9229023786641
aranea desparatus apud,Traci Abbott,Fantasy,1961,2692223894044
voveo ultio adduco,Stella Ondricka,Mystery,1987,5071536819268
delicate tabgo compono,Ken Lehner,Fantasy,1991,4223474321129
speculum dapifer atqui,Dr. Sean Witting,Non-Fiction,1984,0778447999272
una mollitia vicinus,Krystal Kovacek,Fiction,1966,9186356755624
denego ipsam voluptatibus,Louis Breitenberg-Jast Sr.,Biography,1994,2191205859072
trans voluptatum vester,Abel Blick,Thriller,1987,7134198565952
cimentarius volva suadeo,Mr. Marcos Kris,Non-Fiction,2022,4998783839649
voluptatem bellum speculum,Dana Hintz-Mosciski,Mystery,1957,3475397412395
sonitus pauci concido,Erma Sanford,Thriller,1964,2191943880653
ullus cariosus valde,Sonja Bogan,Science Fiction,1954,9854970487194
confero cursus uxor,Alexander Jacobs,Fiction,1972,0505640703802
compono fuga usitas,Dr. Seth Wisoky,Science Fiction,1959,2582461724920
aegrus succurro vehemens,Mr. Luke Kreiger,Science Fiction,1983,1683637071429
abduco causa quibusdam,Dr. Dennis Hermiston,Fiction,2025,2143918545755
comitatus demoror thalassinus,Ira Yost IV,Fantasy,1975,4011500852038
ademptio absque aeternus,Curtis Deckow,Biography,1986,8658082135697
tui defessus confido,Ms. Cecilia Leffler,Romance,1997,1770839586106
eligendi subito compono,Marion Champlin,Romance,2014,6284259492768
audentia valde succedo,Marcella Bode-Littel,Fiction,1985,7270296692770
caritas qui defessus,Myrtle Veum,Thriller,1998,6449572568712
molestiae aegrotatio dolores,Kimberly Haag-Doyle,Science Fiction,1973,1536961574956
cauda depereo dolores,Carlton Stoltenberg I,Science Fiction,1956,7552203873321
termes thema reprehenderit,Rosalie Borer-Ritchie,Fiction,2020,1895360681054
thesaurus culpo vapulus,Silvia Strosin,Biography,1993,9077495641648
vulpes tenus fugit,Delia Hilpert DDS,Fantasy,1967,4409937264697
testimonium animus adnuo,Lewis Satterfield,Fiction,1950,1578438883927
sperno minima depromo,Alexandra Bode,Biography,2003,3866186665599
a adicio vomer,Genevieve Bogan,Science Fiction,1986,3425010647380
abbas curiositas cicuta,Essie Lindgren PhD,Science Fiction,2014,4754535302738
vindico cibus cohibeo,Johnnie Kessler,Non-Fiction,2022,3481071481020
vitium recusandae absconditus,Gertrude Kerluke,Fantasy,2003,5886191999718
defleo magni cometes,Clark Nolan,Mystery,1987,0855631667549
talis verumtamen carbo,Olivia Swift,Fiction,2000,0453847588248
enim cras quibusdam,Darrin Brown-Adams,Romance,1976,7785369611276
amet et aqua,Iris Olson,Mystery,1994,5300994646145
aveho sint vito,Gwendolyn Aufderhar,Non-Fiction,1966,2744574989273
addo voluptatibus vindico,Ronnie Denesik,Science Fiction,2003,3925381466266
succedo confido vix,Elaine Gleichner,Fantasy,2024,3261624130784
virgo bis facere,Mr. Dale Daugherty,Science Fiction,1958,8751391301253
vomica audax aufero,Angelo Purdy-Emmerich,Fantasy,2018,4832428939637
dolor pauci cito,Jay Stiedemann,Science Fiction,2018,2035058327912
spiritus corroboro conduco,Rosalie Lebsack,Mystery,1997,6132053484916
solvo tremo eaque,Joanna Crist,Science Fiction,1989,7870364415870
averto compono cuius,Paula Gerlach,Thriller,2015,3432239355683
acerbitas charisma canis,Norman Kreiger,Romance,1952,6011586484339
vinum rerum vomito,Angie Schamberger,Fiction,2018,8801222124122
officia terga thesaurus,Bryan Kertzmann,Fantasy,1963,6790084558787
ventus verus vilis,Cedric Langworth,Thriller,1995,8185376717281
color porro trucido,Kay Kerluke,Non-Fiction,1967,3307145520011
crepusculum depopulo acervus,Alexandra Beer,Mystery,1965,3675754449979
aspicio laboriosam arceo,Nadine McCullough,Fiction,1951,3829644583926
tot utique absque,Judith Thiel,Biography,1959,1246503962870
modi ara consequatur,Mario Kozey,Biography,1970,3596840090093
claudeo speculum consuasor,Sonya Doyle,Non-Fiction,2011,7845579650141
commemoro barba cernuus,Lucas Mosciski,Thriller,1970,7188800406725
cicuta arbustum theatrum,Fannie Herzog,Fiction,1988,6544287016820
confero tandem vox,Brent Heathcote,Fantasy,1951,6266623502652
artificiose abscido optio,Shelia Langworth,Thriller,1995,9190407422436
pauci soleo cena,Wade Weimann,Romance,1978,8975417983058
artificiose beatae coepi,Brian Predovic,Romance,2023,3779661105683
abduco alioqui clementia,Omar Wisoky,Fantasy,1950,6878438495576
tubineus urbanus creo,Edgar Stoltenberg,Non-Fiction,1953,0873643483910
caelum contra undique,Roberta Kreiger,Thriller,1991,3461790034495
sit atqui vorago,Kelvin Marks,Non-Fiction,1979,6468253112827
enim ut pauci,Edna Mueller,Thriller,1998,1161090273513
cotidie at amaritudo,Brad Von,Fiction,2010,2208773572002
armarium quibusdam cum,Taylor Johnston,Fantasy,1954,0044978643852
abstergo consequuntur odit,Brendan Rolfson,Romance,1984,8052134736331
thalassinus coadunatio cresco,Floyd McGlynn,Thriller,2005,8258219328240
triumphus supplanto quaerat,Herbert Waelchi DDS,Biography,2004,9458308546577
sono chirographum sunt,Jared Little,Fiction,1959,3229843456988
sodalitas caries aegrotatio,Manuel Hartmann II,Fiction,2006,5550774948604
decumbo debilito vitium,Roderick Emmerich,Thriller,1992,2990610731436
animi via textilis,Roger Heidenreich,Romance,1990,7887253554619
hic adulatio quam,Kyle Hauck I,Thriller,1956,5476741857689
aegrus tamquam viscus,Cecelia Wiegand PhD,Fantasy,1967,2781714927625
placeat aliquid celo,James Von,Fiction,2001,9429381116106
curriculum adsuesco accusamus,Winston Armstrong,Thriller,2016,4431770847884
perferendis comprehendo eaque,Ms. Cassandra Beer,Biography,2025,5673581700238
autus a aliquid,Santos Kulas,Fantasy,1971,9543380681273
succurro thema illum,Holly Gleason,Mystery,1981,0398246180638
desino turbo vesper,Mr. Emanuel Stehr,Fiction,2008,9118688031631
cognatus adhaero tenetur,Kay Leuschke,Romance,1976,1859731435295
constans calcar deludo,Kate Upton,Biography,1975,7931371721670
sunt stillicidium umerus,Enrique Hackett,Science Fiction,1953,3710795167055
thorax volo doloribus,Mr. Tyrone Adams,Fantasy,1956,7251559062375
illo corrupti vado,Julio Waters,Romance,1989,0516009028079
eum virga contigo,Sheila Larson-Block,Non-Fiction,1985,5746849407157
tergeo provident autem,Alfred Crooks,Mystery,1989,6442418749374
tener volutabrum sulum,Lois Cole,Biography,1954,0270151610017
cunae ulterius venustas,Trevor Runolfsson,Science Fiction,1999,8022327352384
tempus stillicidium exercitationem,Tara Harris,Science Fiction,1995,8277783082661
quod dignissimos illum,Edward Littel,Fantasy,1999,2270484232567
vehemens ascisco vetus,Rogelio Reichel,Thriller,1965,9860218887272
eveniet amita voluptatem,Jan Rohan Sr.,Fantasy,2021,5441609218138
turpis assentator cibo,Drew Bartoletti,Thriller,1951,7392597700023
volva truculenter ait,Saul Kris MD,Fantasy,1952,0844064617447
vos viscus summa,Bryan Gusikowski,Non-Fiction,1976,6277314605753
tot coepi alii,Hannah Willms,Mystery,2003,8669842941974
cognatus cuppedia aeger,Mrs. Anne Spinka,Fiction,1977,7534413875033
aggredior quaerat delego,Ramon Nader,Romance,2010,6138011165586
saepe territo agnosco,Dr. Antonia Tromp DDS,Romance,1972,8896143845159
surculus cruciamentum debilito,Wilfred Schroeder,Science Fiction,1963,6360650061358
articulus accusamus clarus,Alfred Jerde,Biography,2001,6111122022974
compello atque defluo,Lola Monahan PhD,Biography,1952,2911041400641
cervus capillus amissio,Adrienne Schneider,Fantasy,2021,3336901509673
doloremque tempore spiritus,Kathleen Hahn,Science Fiction,1960,9775575411157
vigilo vulgo animadverto,Roxanne Weimann,Biography,2001,2590969277154
minus libero cur,Gilbert Padberg,Fiction,1958,0560479721913
abundans tempore aliquid,Stacey Runolfsson,Biography,1970,9716476439618
neque congregatio aeger,Sheryl Weimann,Fiction,2001,4050713155244
commodo summa vehemens,Jean Mann,Fantasy,2014,0512861296982
demo audax crapula,Danielle White,Romance,1978,9475775835516
volva corporis delinquo,Trevor Goodwin,Romance,1954,1040491251094
approbo temperantia capto,Jackie Corkery,Science Fiction,2008,4878547379807
auditor atavus textilis,Inez Bayer,Thriller,1958,5995459516478
arcus vulgus valens,Dr. Javier Oberbrunner,Romance,2021,2490251106847
argumentum sperno ultio,Gail Abernathy,Mystery,1993,2639691669407
deleniti allatus sono,Billy Powlowski,Fiction,2025,0468855991897
cubitum adulatio addo,Mr. Conrad Murazik,Romance,1999,0736089476631
subseco tot cariosus,Raul West,Fantasy,1954,7328972375311
delinquo blanditiis pauci,Lorenzo Doyle,Biography,2014,9955058918988
uterque aut cui,Raymond Kuhic,Romance,1953,7958405514207
cauda tribuo sodalitas,Kent Wisozk,Thriller,2006,0447814714037
ratione spiculum harum,Bernard Hettinger,Fantasy,1990,6948838455278
aestus currus ambitus,Miss Angie Kohler,Thriller,2013,6503301679948
illum inventore curia,Kent Olson-Hirthe,Fiction,2008,7643498605212
arx curso uredo,Belinda Ratke,Science Fiction,1967,9407600662803
tergiversatio nostrum calcar,Alexandra Konopelski,Romance,1965,7760911109174
xiphias vobis a,Dr. Stella McKenzie,Fiction,1972,6184776951998
cunabula claro subnecto,Joy Effertz,Thriller,2005,5754592151971
strues voveo talus,Maria Keeling,Non-Fiction,2010,3406546871497
adaugeo audentia suus,Dustin Johnston,Biography,1991,3343257845735
sub beatae ventito,Gina McLaughlin MD,Mystery,2005,8621243113938
turba velum acies,Josefina Schiller,Fiction,1979,2747951214009
stella culpo solutio,Lorraine Huel,Thriller,1998,2075257190771
corrigo arcesso adfectus,April Schaefer,Romance,1983,9915936030580
cumque defero vociferor,Alex Shields,Science Fiction,1964,6544755001163
tergeo cultura texo,Danielle Franecki I,Mystery,2016,6499358168458
tum cura canis,Mark Corkery,Fantasy,1998,2381160978687
demitto antiquus vesco,Russell Mayer-Schumm,Non-Fiction,1989,1234112506189
aro volaticus conicio,Sue Crona,Fantasy,1958,7790158399135
nam subnecto clibanus,Nellie Klocko,Fantasy,1980,7141364538690
cupiditas distinctio colo,Dr. Sam Gottlieb,Science Fiction,1979,9875812900489
verumtamen cubicularis cum,Kim Hickle,Fiction,1950,1140281478818
vorago aurum sophismata,Darnell Tillman-Boyer,Fantasy,1984,7482147985295
vetus admoneo demulceo,Dr. Kristy West-Collier,Non-Fiction,1997,2574239321779
centum sunt acceptus,Marsha Pagac,Fantasy,2016,9612881324396
doloremque vomer tibi,Adam Hoeger,Biography,1952,8390477558291
eos demitto solvo,Justin Schulist Sr.,Biography,1976,0126177875562
reprehenderit vir qui,Dr. Bobby Prohaska,Non-Fiction,2010,6025556121259
dens eveniet suscipit,Holly Abbott,Romance,2007,0007098396937
valens dicta crux,Gwen Gottlieb,Mystery,2018,4652058277203
esse nostrum cimentarius,Dr. Thomas Conn,Non-Fiction,1987,3187290795461
vesica auditor uterque,Jenny Ziemann,Romance,1996,5219628469898
substantia sum tenuis,Karla Reichert,Thriller,1955,8027201647139
derideo illo viridis,Marvin Greenholt-Hauck,Fantasy,2009,4109643427273
tactus thermae demonstro,Lula Huels,Biography,2015,8172696652592
conspergo venia congregatio,Adrienne Block-Borer,Science Fiction,1952,1331447867309
confido talio cupiditate,Jim Weissnat-Yundt,Thriller,2008,5012615672072
tantillus tabula bardus,Dr. Ray Thompson,Fantasy,1973,2171903932729
consequatur curvo confero,Nathaniel Mohr,Non-Fiction,2013,6619265959549
patrocinor delego usus,Colleen Torphy,Mystery,1951,2388350975482
turbo supellex pecus,Oscar Sipes DVM,Romance,1971,2273069638667
infit cultura adiuvo,Clint Greenfelder DDS,Biography,2012,7050468376585
viridis virga defluo,Allan Bergstrom,Biography,1972,0731136734462
convoco placeat perferendis,Elvira Satterfield,Thriller,1956,1479907580863
alius apto textilis,Darryl Heller,Non-Fiction,2000,7114490804419
tergum terebro cui,Bernice Roberts Jr.,Romance,1962,9463533657539
vox constans laudantium,Clifford Upton,Fiction,1991,7238349425040
catena sapiente tredecim,Henrietta Stiedemann,Non-Fiction,2000,4577720809857
laborum coma confugo,Kendra Daugherty,Biography,1976,1799473713147
vos agnitio bibo,Don Mohr,Thriller,2024,2719369536228
tamquam fugit termes,Stella Larson,Science Fiction,1993,0890728957862
voro usus alveus,Ken Hilll,Biography,2011,5361240221106
asporto quasi custodia,Casey Daniel DDS,Science Fiction,1992,9474467531590
urbanus in asporto,Kristi Barrows,Biography,1951,8552253803400
canonicus surgo aperte,Bernard McLaughlin,Non-Fiction,1974,1009132668548
claudeo cedo solitudo,Arlene Keeling,Romance,1957,3766062263193
fugit baiulus veritatis,Roosevelt Reinger,Mystery,2017,0067149309553
degero desino comburo,Helen Schuster I,Non-Fiction,1977,9933116290699
abscido ullam cogo,Wendy Herman,Thriller,2007,4634541320267
laudantium comis una,Hazel Maggio,Fiction,1964,1486005290074
circumvenio victoria adhaero,Lowell Collins,Mystery,1977,3787572065047
quibusdam accedo arcesso,Mitchell O'Hara V,Thriller,2003,5853133038336
acceptus similique volutabrum,Dustin Olson,Mystery,1969,5226945849817
alius creptio deorsum,Nettie O'Conner,Romance,2016,5364397370018
curvo inflammatio corona,Morris Johnston,Mystery,1955,9641607484696
curtus sui cultura,Bernadette Schulist,Science Fiction,1961,7475948112439
cunae deorsum pectus,Isabel Welch,Mystery,1973,5371546158551
vigilo aliquid vir,Sheila Parker,Mystery,1978,3543207271616
vesper vix cur,Woodrow McKenzie,Mystery,2006,5370473099266
arcesso thymbra certe,Jacquelyn Hermiston,Science Fiction,1996,5722027763370
cum nihil adipiscor,Francis Haag-Heaney,Fantasy,2001,0567140290401
vinco adversus bene,Russell Wisoky,Biography,1983,9222593876167
amitto defaeco sufficio,Lisa Grimes-Koss,Romance,2001,8928252647939
suffoco custodia antepono,Robin Thiel,Fiction,1996,2072669049713
termes complectus deprimo,Elsa Bartoletti,Romance,1975,8868983846837
pecco surculus demulceo,Terry Sauer,Non-Fiction,1982,6319124885127
depereo deputo architecto,Meredith McClure,Non-Fiction,2000,9062500334261
defleo eum aestivus,Guy Grady,Fantasy,2008,3905589421934
doloremque certus curriculum,Darla Haag,Fiction,1955,2542513495803
subvenio reprehenderit turba,Connie Weimann,Mystery,1999,4266209961597
aequitas calamitas virgo,Gregg Wyman,Biography,2013,0015361785132
pauper demum tumultus,Nancy Schoen Jr.,Fantasy,1981,1878360859144
comprehendo aiunt terebro,Carol Kulas DVM,Thriller,2018,6440577151734
vergo thymum verbum,Carla Kunze,Biography,2007,2505210376388
cum arceo atque,Julius Bechtelar DDS,Fantasy,1965,8429868188389
succurro atavus campana,Emilio Kunze,Mystery,1952,1459304225955
torqueo alienus copiose,Dr. Brendan Lehner,Romance,1956,2076157517329
denique tui umerus,Christina Stark I,Fiction,1975,6466914946314
absum coma curo,Ann Kris,Mystery,1999,2283428392275
depulso abduco crastinus,Miss Michelle Fay,Fiction,1993,1567363513054
pauci degenero accusantium,Rosemary Douglas,Romance,1999,1848658989064
tener aegrus vesper,Megan Terry,Romance,2012,4907488800558
surgo absconditus tego,Judy Hartmann,Fantasy,1970,9463299037663
curis hic valeo,Suzanne Olson-Bechtelar,Mystery,1960,9037683612646
placeat inventore vinitor,Kara Johns,Thriller,1954,5258118662397
confido vesco alter,Miss Lindsey Hagenes,Romance,2012,6508130606221
solium timidus verbum,Wendell Wyman,Biography,2024,6547352211731
corporis custodia usque,Dolores Rowe,Science Fiction,1988,1165613631106
perferendis delectus correptius,Erica Satterfield,Romance,2022,9550571350136
stultus porro summisse,Andres Spinka,Biography,1955,3096297990123
vulpes aperio contigo,Tommy Abshire,Biography,1971,8867632400378
capitulus defessus urbanus,Gwendolyn Sipes,Romance,2003,5182338772971
tabernus ipsam candidus,Carole Labadie,Thriller,1999,3511438021858
vos voveo undique,Karl Cummings,Fiction,2008,8782187321472
acies avarus volup,Dr. Celia Kemmer,Fiction,1969,6870405579802
crux caveo vester,Shane Nikolaus-Wiegand,Non-Fiction,1960,4251734855847
arto earum animus,Angelo Goodwin-Schoen,Romance,2005,7965865813138
circumvenio adficio tepesco,Fannie Nader,Romance,1958,9369063190037
aureus volva deporto,Dr. Darrel Pacocha,Mystery,1972,6976463237827
dolor tantum certus,Shelia Gutkowski,Non-Fiction,2003,8190484616758
territo aeger ante,Leon Hane,Romance,2003,7028644950066
laborum aspernatur commodi,Owen Jones,Non-Fiction,1950,6036429816844
custodia acsi apto,Jasmine Lowe,Fiction,1957,6135426496291
tenax cetera somnus,Rodney Abernathy,Biography,1964,5745848129672
tollo demoror aeneus,Kristopher Sauer,Fiction,1994,1215807329654
ademptio tolero ver,Saul Fay MD,Science Fiction,1958,8587765984593
sed universe verus,Megan Schroeder,Fantasy,1961,3446038938903
decor degero tamquam,Krystal McClure,Non-Fiction,1989,2408563935520
optio studio coaegresco,Toby Wintheiser,Fantasy,2012,7751570728552
summisse crustulum ago,Caroline Goyette,Fiction,1985,2963909728328
cursus odit infit,Barbara Beier,Science Fiction,1965,2011450388957
porro id cervus,Rodolfo Gerhold,Biography,1971,1820725631410
sortitus audax tutis,Donnie Dickens,Mystery,1950,5409638057504
fugiat perferendis terminatio,Brent Cole,Romance,2009,3905050201079
crudelis casus torrens,Eloise Schinner,Thriller,2013,4359639285240
aestus temptatio tyrannus,David Bashirian,Biography,2024,4614491624624
adaugeo minima atavus,Dominic Wyman,Non-Fiction,1996,0188335323990
delibero vulgo tum,Ross Baumbach,Biography,1993,9432200742328
adaugeo placeat audentia,Nicole Ryan,Fantasy,1954,9917773086462
tantum desino sono,Eleanor Casper,Thriller,1973,2942489578290
vociferor temporibus combibo,Dr. Elsa Bahringer,Romance,1954,2951733004495
deprecator demens suspendo,Lawrence Murazik,Fantasy,1965,7332688141442
aiunt cura tersus,Jesus Weissnat MD,Mystery,1966,7333349301440
iusto peccatus id,Leland Pfannerstill,Biography,1988,3902995404187
circumvenio titulus harum,Adrian Hammes,Romance,1960,8968106026075
bibo dicta artificiose,Paulette Corkery,Romance,1965,4241414962861
tenuis pauper solio,Troy Kassulke PhD,Fiction,1968,3722589529634
stultus ascit ciminatio,Dr. Linda Emard,Biography,1978,5518568039392
causa balbus alo,Van Casper DDS,Mystery,2024,9520441408287
temporibus aeternus delinquo,Bill Little,Fantasy,2000,5937191540699
conspergo ullus cuius,Rosie Walter,Romance,2015,3909540788187
despecto sortitus eveniet,Edna MacGyver,Fiction,1978,8918382596728
strenuus error tantillus,Alice Berge,Fiction,1997,8373404311857
deorsum succedo cubicularis,Miss Mandy Kshlerin,Romance,2002,5064364912498
corrupti usus titulus,Darren Runolfsdottir,Thriller,2016,0135204600740
at pax terminatio,Ellen Roob,Fantasy,1995,9983739451129
artificiose sint caries,Olga Ortiz,Fiction,1981,1894931228831
vester autem delectatio,Craig Hoeger,Fiction,1979,1648208684224
subito doloremque barba,Dr. Sabrina Kuhlman,Fantasy,1976,1807643366784
supplanto adsuesco vito,Jill Huel,Fantasy,2025,3092733989138
tertius vespillo dolorem,Miguel Moen,Biography,2013,4969030944131
patruus tunc comparo,Misty Schiller,Thriller,1953,2950734680346
casus dedico vinitor,Dr. Winifred Leannon DDS,Mystery,1955,6781413259921
astrum crudelis cervus,Daniel Wintheiser,Romance,2010,7087242834802
acquiro ascisco urbanus,Dr. Alvin Abbott PhD,Non-Fiction,1993,6749075639975
defero vaco depono,Kristine Yost,Non-Fiction,2025,0743948814810
quas conturbo impedit,Vernon Johnson,Fiction,1968,8724706483957
volutabrum aestus advenio,Ebony Heller,Fiction,1950,7129811981668
paens uberrime conservo,Abel Turner,Romance,1965,9522621194376
teneo sordeo trucido,Guillermo Reilly,Science Fiction,1998,2152608701530
cultura vomito corrupti,Byron Christiansen,Mystery,1971,2557051099818
desidero vulgo non,Dr. Stanley Wisoky,Non-Fiction,1977,1240728007262
delectus solio summisse,Rolando Rath I,Mystery,1955,7554041921897
molestias tamen sursum,Armando Bogisich,Biography,1964,6327415126231
universe aegrus sulum,Josefina O'Reilly,Fantasy,1952,6393953922998
sumo bene acervus,Ryan Mante,Romance,1954,2150346348454
xiphias aequitas exercitationem,Orlando Haag,Fantasy,1986,5151328612299
repudiandae statim expedita,Antonio Beer,Science Fiction,1957,6890396603354
comminor carbo appono,Clifford Mueller Jr.,Fantasy,1966,2496033449460
stipes sequi incidunt,Darin Jaskolski,Science Fiction,1990,4540920464166
conqueror tandem angelus,Guadalupe Haley,Fiction,1964,9186609635217
careo verus cunctatio,Charlie Gutkowski,Non-Fiction,1984,0035550043039
ater annus acsi,Lorenzo Grady,Science Fiction,2007,4054154296195
corrumpo arcesso arceo,Samantha Macejkovic,Romance,2012,8097222673221
odit candidus demitto,Vickie Thiel,Biography,2012,3203377465121
audeo arto civitas,Clinton Harris IV,Mystery,2025,9364943385395
vereor deduco depereo,Clay Rempel,Romance,1989,0527211871854
deserunt crur alioqui,Raymond Rau III,Non-Fiction,1975,7304406398141
auxilium non perferendis,Clark Jerde,Science Fiction,1980,3988986491034
consectetur capillus tantillus,Sammy Skiles,Mystery,2018,8669950784199
cibo ascisco vetus,Guy Nader,Mystery,1987,0830098318180
amissio repellendus virga,Lloyd Hintz,Fantasy,1958,7205807670385
deinde atrocitas ultra,Francis Stroman II,Fantasy,1982,7992425827500
beatae aestivus officia,Miss Naomi Auer,Science Fiction,1953,1936677958633
cultura universe valde,Gene Smitham,Romance,1969,1057202496097
aptus tui itaque,Marcus Wisozk Sr.,Fiction,2009,3258171187919
brevis degenero sodalitas,Russell Howell III,Biography,1991,6438410153389
cerno tibi degenero,Mr. Simon Gottlieb,Non-Fiction,1991,3468936729468
verumtamen patria ullus,Javier Altenwerth,Fiction,2025,9777533336405
colligo video caelum,Vanessa Thiel I,Fantasy,1982,2454784421643
cauda abduco contabesco,Ed Nicolas,Fiction,1998,3979316214223
quia deprecator mollitia,Debra Dickinson,Fantasy,2022,0744457768379
terreo paens ambulo,Melba Wilderman,Fiction,1991,6718227173553
usque universe illo,Chris Homenick,Science Fiction,1959,9618440898056
tum conor tener,Brian Von-Schamberger,Fiction,1977,1642685232746
ultra bonus abscido,Eunice Bernhard,Fantasy,2017,3704743278739
placeat amplus substantia,Tara Kozey,Non-Fiction,2006,7216253488362
clamo ambulo cruentus,Sabrina Franecki,Mystery,1960,8310764213115
aequus itaque appono,Dr. Julius Anderson Sr.,Fiction,1960,5987483278598
somnus cum valens,Cary Ortiz III,Biography,2024,9393755799985
blandior consequatur altus,Albert Dicki,Science Fiction,1990,2516146969402
aeneus triumphus trado,Gina Hirthe,Non-Fiction,1965,8812153432104
tandem bardus delectatio,Stacy Medhurst,Non-Fiction,1990,9763174155635
corroboro triumphus aperiam,Cesar Torp,Science Fiction,1990,8214162382039
administratio cornu aetas,Vickie Lubowitz-Swaniawski,Thriller,2005,2310389887782
arcus eveniet absconditus,Dr. Lora Mertz,Romance,1956,2241148655410
vir cena clementia,Phil Ortiz,Romance,1985,3118626097681
vicinus acidus arbitro,Janie Howell,Mystery,1971,8296016450513
quisquam denique cursus,Ebony Lynch,Biography,1961,2215347166382
ara censura utroque,Alton Nienow,Biography,1956,9971915948257
cubo solus appello,Larry Ledner,Science Fiction,2002,4645003965248
arma abeo aetas,Mr. Stewart Haley,Non-Fiction,1965,9507493872938
subiungo eum carmen,Katrina Wintheiser,Biography,1956,6626517939107
atrox aurum vulgo,Dr. Dora Gleason,Non-Fiction,1985,9724473253173
undique aureus temperantia,Susan Luettgen,Romance,1991,5576714574723
suscipio crur verbera,Jackie Wolff,Romance,2003,2543801072291
venustas valens capillus,Wilma Treutel II,Science Fiction,2019,9362531773743
colligo textus correptius,Denise Upton,Mystery,1994,0935387074543
territo depulso voco,Cristina Aufderhar,Science Fiction,1955,3412035242273
terreo sollicito reprehenderit,David Cartwright,Mystery,1978,0713697320771
reprehenderit deprecator inventore,Yvette Christiansen,Mystery,1978,8548521713941
officiis adulatio adeptio,Annette Pfeffer,Fiction,1986,6593475327001
vobis tricesimus verbum,Ms. Sonja McDermott,Fiction,1967,1721335605796
ustulo patior defaeco,Kristi Beier,Fiction,1973,0248618457442
benigne urbanus coniecto,Nettie Kihn,Non-Fiction,1982,5960496115147
contra tempore aqua,Dennis Marks,Mystery,1995,4301909190122
administratio adnuo verbera,Ricardo Yundt,Fiction,2019,0384987625440
via canto supplanto,Mr. Jaime Heidenreich,Biography,2025,2609123328431
tepesco utrum adipisci,Deanna Schiller,Romance,2006,9152507904723
aut accendo accendo,Sara Padberg-Bogisich,Thriller,2023,2575112368530
atrocitas vis carbo,Roger Cremin,Science Fiction,1974,3446585145590
cattus ascisco correptius,Janis Mertz,Fiction,1951,1817117219963
vestigium calculus illum,Moses Hermiston,Science Fiction,2002,5092426489845
sponte adstringo sed,Rebecca Runolfsson,Biography,1958,6050012546450
cruciamentum ago animus,Grace Hartmann,Science Fiction,2003,4053010587421
est tubineus atqui,Winifred Russel-Kuhic,Fiction,2017,2702988751700
ambulo taceo tutamen,Brandy Sawayn,Romance,1956,2204672465612
trado sublime delectus,Ebony Tremblay,Mystery,1994,0831820533714
tollo asper aeneus,Carrie Hane,Romance,1976,3974155033164
tener vesper uter,Leon Raynor MD,Fantasy,1983,1478738053257
vehemens crux verumtamen,Roderick Doyle,Fiction,2006,9543405514996
clam convoco cauda,Marco Howe,Romance,1970,3954884556091
verbum arma vociferor,Lonnie Weber,Fantasy,1951,9858044783983
ago conduco crepusculum,Wilfred Douglas,Fantasy,1984,3470416255127
audeo textilis demens,Merle Lang,Science Fiction,1968,1133178730280
tibi velit tero,Aubrey Runolfsdottir,Thriller,1968,8057697518208
claro tondeo crux,Candace Harris,Romance,1998,2414327102631
sequi tui labore,Geneva Wisozk,Thriller,1957,7368381017217
animadverto tutamen nemo,Claude Connelly I,Science Fiction,2017,0002290350112
bene tempus cibus,Dexter Schiller,Thriller,1974,1257009110740
volo despecto dolores,Jean Feeney,Thriller,1998,5785202795999
cibo summopere clamo,Carole Tremblay,Science Fiction,1961,2151842439468
non suppellex tracto,Trevor Fritsch,Mystery,1988,0139686483952
rem quam corrigo,Tasha Block,Mystery,2014,5988975946994
clarus debilito demergo,Gary Bradtke,Fantasy,2012,1203171833739
clamo atavus audacia,Melissa DuBuque,Non-Fiction,1974,5763585267308
eaque ceno ambitus,Leland West,Fiction,2023,2711573552954
demulceo audax inflammatio,Raquel Gerlach,Thriller,1989,3863882790166
cupiditate tertius veniam,Rachael Nicolas,Thriller,2018,2861853305491
vulnus cenaculum voluptatum,Shane Orn,Science Fiction,1980,5826313221365
colligo asperiores absque,Constance Upton,Science Fiction,1961,2896933667030
assentator tempora culpo,Harry Kohler,Fiction,2007,9181777220822
avarus administratio non,Dr. Percy McDermott,Mystery,2009,9815539881496
ulterius caput defungo,Kirk Goyette,Non-Fiction,1958,8443452239210
aduro adipiscor voluptatum,Lynn Rowe,Fiction,2017,5355512015539
aggero suscipit eos,Maria Lind,Science Fiction,2001,6935593814677
delinquo collum acidus,Laurence Grady Sr.,Romance,1965,7340097015439
venio odio causa,Rosemary Reinger,Mystery,1964,0992328387806
strues optio avaritia,Rosie Collier,Science Fiction,1987,3032114067406
cogito cogo credo,Erica Hickle,Thriller,1963,1937353042606
aptus absorbeo solitudo,Annie Hermann-Carroll,Thriller,1993,0984236986319
auditor aut acervus,Wilfred Williamson,Thriller,2010,6461290599340
verbum communis adinventitias,Karen Gorczany,Thriller,2024,1832266598767
civis vinitor virga,Dr. Catherine Hickle,Fantasy,2009,1886918284234
laudantium advoco vigor,Faith Paucek,Mystery,2000,9254370487137
architecto velum repellendus,Melvin Wilkinson I,Fantasy,1986,8112339025530
studio colo tempore,Forrest Erdman,Biography,1971,4183492165136
ancilla thema aestas,Wesley Torphy,Science Fiction,1973,6543899987553
sono verumtamen error,Bob Smith,Biography,1996,3482695330708
denique tenetur timor,Dr. Ryan Stamm,Romance,1981,9414669116996
asporto dolor mollitia,Karen Osinski,Thriller,1961,5312339656091
contigo turbo damno,Tina Dickinson,Biography,1971,3704700520315
voluntarius deludo ventus,Olga Schimmel,Biography,1993,4484108124967
toties atque crux,Clifford Bechtelar-Gleason,Science Fiction,1958,9990010920995
pectus denique circumvenio,Ricky Grant III,Romance,1956,7763208808737
cernuus thymum aspicio,Adrienne Stehr,Romance,2022,1707707398086
umbra tum somnus,Mr. Troy Douglas,Thriller,2015,4754021013329
totam coepi calco,Brett Zemlak,Biography,1969,3039451660885
claudeo correptius arcesso,Diane Davis,Science Fiction,1983,4047594062841
asporto deporto tepesco,Hazel Oberbrunner,Fantasy,1997,1989235163019
depulso velociter sono,Melissa Wiegand,Biography,1950,9288367778438
adflicto mollitia crastinus,Kellie Oberbrunner,Thriller,2000,6397746430570
id atrocitas turbo,Amelia Hessel,Non-Fiction,1976,2247993145975
causa consequatur solutio,Dr. Roberta Haag,Non-Fiction,1999,0756992938385
consuasor solum cito,Darryl Wolf,Romance,1992,7045749292083
vomer ubi deorsum,Melvin Gorczany,Non-Fiction,1981,1225303668078
curriculum amplitudo strenuus,Jessica Lindgren,Fiction,1960,3930813340625
atque labore tonsor,Juana Prohaska DVM,Fiction,1974,5233746806484
ratione tero defendo,Pat Hammes,Fiction,1950,7201416312630
vicinus ipsa vitiosus,Dr. Orlando Pacocha,Biography,1991,3325413410343
amor cicuta candidus,Dr. Martin Parker,Thriller,1952,0200490030068
possimus coma cicuta,Larry Armstrong,Thriller,1986,2578292218100
spoliatio congregatio tui,Bonnie Weissnat,Non-Fiction,1978,0489539726586
ullam deficio voluptates,Elbert Langworth,Thriller,2014,2236519909144
sol aequitas advenio,Hope Rutherford,Thriller,1976,1708570309156
angulus credo ciminatio,Kathryn Grimes,Fantasy,1980,1153263177501
spero patrocinor vulticulus,Donnie Emard,Romance,1968,2154888918079
error alo tero,Betsy Purdy,Romance,1959,0880349853134
candidus vesco accusator,Lawrence Barton,Fantasy,1987,8156286232736
ipsam cattus ipsa,Phillip Corkery,Biography,2022,0963200289885
sustineo theologus mollitia,Felix Huels,Fiction,1983,9365712477481
tamquam uredo comitatus,Diane Swaniawski III,Romance,2000,4253894761950
compono vos cibus,Catherine Purdy,Romance,1960,9854527093006
averto totidem surculus,Boyd McGlynn,Non-Fiction,1987,2753687250112
desparatus deprecator conventus,Shane Gerhold,Fantasy,1954,1425333180320
facere veritas trado,Molly Turcotte,Non-Fiction,1986,9112949035126
vacuus supellex solutio,Dominic Yost,Fantasy,1963,6474717059465
consequatur dicta comitatus,Lindsey Larkin,Romance,1950,1308482634816
cupiditate totam delectatio,Matt Miller,Romance,2006,9810857733040
conor consectetur corrumpo,Kevin Lehner,Non-Fiction,2020,3722997695100
advenio curiositas aer,Genevieve King,Non-Fiction,1956,2172612168511
eos amoveo teres,Denise Barrows,Science Fiction,1997,8055727331540
auctus eos conforto,Elisa Barton,Non-Fiction,2017,8897079783468
commodi patior sperno,Nathan Runte,Biography,1983,2973687308257
theologus ipsum contra,Roger Kiehn,Fiction,2002,3430797860408
non currus clibanus,Kenny Maggio-Langosh,Fantasy,1990,8737199653724
cilicium tandem ipsum,Rickey Murazik,Romance,1990,3266802148614
ademptio amissio curriculum,Kelvin Kassulke-Bauch,Fantasy,1989,3641019323836
sublime acies vestrum,Mr. Jerry O'Reilly,Science Fiction,1980,7430004621859
super defungo abeo,Mr. Rogelio Dickinson,Romance,1999,6771537287241
adeptio denuo nemo,Mr. Francis Hodkiewicz,Romance,1966,3923814144404
arx sustineo conduco,Dr. Scott Thiel,Fantasy,1954,7954013989416
coniecto thermae rem,Roberta Little Jr.,Thriller,1975,9965751168219
natus strues suffragium,Vincent Borer,Non-Fiction,1985,4601886818418
tepesco amoveo possimus,Kent Batz I,Mystery,1991,1293736586241
attero advenio ubi,Eric Will,Science Fiction,2009,5757802414574
aperte ara dedecor,Gustavo Waters DVM,Biography,1959,2958502860596
sol spiculum adfero,Dean McKenzie,Romance,2016,9067774328009
cura super calamitas,Austin Bogisich-Olson,Romance,1964,8023290142149
conservo suscipit blanditiis,Rose Balistreri,Fiction,1958,6332445762142
valde suffoco ut,Miss Diana Hauck-Larson Sr.,Fiction,1995,8455553107986
tot terreo civis,Kathryn Mosciski,Science Fiction,2012,6062014499698
culpa sequi aegrus,Jorge Glover,Mystery,2005,5378938418869
aliquam aequus suus,Jonathon Glover,Fantasy,2020,0013470538357
adhuc tactus spes,Blake Turcotte,Romance,1983,1285578565914
dolore expedita crudelis,Monique Durgan,Thriller,1960,6268038040675
attollo vehemens atrox,Dr. Teresa Nolan V,Fiction,1976,4103274047088
avaritia thalassinus somniculosus,Miranda Pouros Sr.,Science Fiction,1995,9431810842249
vehemens tardus textus,Fred Koss II,Fiction,1953,6919212863428
cura arbitro timor,Mamie Shields,Non-Fiction,1966,2610379148070
verbum subiungo adulatio,Kristen Cruickshank,Science Fiction,2017,5510128072771
damno vigor occaecati,Sally Jakubowski,Science Fiction,1981,7407030048524
statua approbo caecus,Dr. Philip Schimmel,Science Fiction,2024,3667839076711
possimus socius absque,Lori Waelchi Jr.,Fantasy,1956,0731406078580
cornu charisma adnuo,William Predovic,Non-Fiction,1999,4313888350033
sollers volo deputo,Dr. Aubrey Christiansen,Romance,2022,1810977665379
volo quos tener,Sam Harris Jr.,Science Fiction,1980,8073685077741
admitto caput speciosus,Ben Schumm,Fantasy,1968,9397043792796
accendo audentia civis,Darrell Windler,Non-Fiction,1964,2819939328628
canis asper dolores,Lucia Tillman,Thriller,1995,7567858652376
videlicet vindico asporto,Jordan Schaden,Romance,2000,4250105398188
tergeo curtus suscipit,Dr. Jean Howell-Rosenbaum,Romance,1987,2625832053230
praesentium deludo voro,Dana Upton-Frami,Mystery,1978,4461559798209
pariatur quos terreo,Terrence Kemmer,Non-Fiction,1973,7994376282176
trepide vorago cogito,Jonathon Hegmann,Science Fiction,1963,5246474963561
thorax capio complectus,Mr. Jerald Stokes,Fantasy,2016,2500206550792
acer quibusdam virtus,Marlene Beahan I,Fantasy,1985,9186149950223
sint accusantium substantia,Michelle Schuster,Romance,2003,2496966088897
coerceo currus canto,Dr. Randy Davis,Romance,1971,0849539091220
aegrotatio statim undique,Penny Schmitt-Ziemann II,Science Fiction,1987,1577971965873
urbs agnosco cedo,Lloyd Armstrong,Biography,1998,2082964795277
cunae cupressus thorax,Dwight Macejkovic-Renner,Romance,2005,4406402379362
autem doloremque aeneus,Mitchell Murphy,Non-Fiction,2020,8541675722304
tabesco supplanto conor,William Aufderhar,Science Fiction,1996,3831756478017
tantum tersus cubo,Marie Kuhlman,Fiction,2009,3323145416922
adaugeo spes theatrum,Eloise Glover,Fiction,1985,5433855397706
vitae cunae blandior,Kari Jacobi,Fantasy,2014,8998713237966
aufero sed qui,Salvador Jones,Fiction,2012,7999157428528
fugiat arcus cariosus,Brandon Jakubowski,Mystery,2021,3007410578158
vulariter articulus ex,Lamar Schmidt,Non-Fiction,1963,2092052213827
termes adsuesco confido,Stacey Littel,Fantasy,1976,4298471743574
cogo pauci crudelis,Gladys Nikolaus,Romance,2025,4384049181429
est vicissitudo copiose,Patti Marvin,Thriller,2008,9056201258241
supplanto cribro pel,Deanna Predovic,Biography,2008,8599117983130
candidus tibi vitiosus,Calvin Strosin,Thriller,1985,5685158768519
carus neque delibero,Jaime Hahn,Non-Fiction,1998,5341873791776
subvenio utilis tenuis,Ms. Beatrice Runolfsdottir,Thriller,1990,2714224227029
conforto usitas carmen,Mr. Adam McClure,Fantasy,2011,4761930199810
cito crebro defaeco,Leroy Miller,Non-Fiction,1967,9779276116189
virtus vis totus,Lana Botsford,Fiction,1960,9167309138820
ubi timidus coaegresco,Miss Jeanette Crist-Monahan MD,Fiction,1978,1013716808564
minus perspiciatis varius,Sherri Cruickshank,Fantasy,1994,2751368417319
collum debitis cohaero,Juana Murazik,Fantasy,2002,9420237128320
abbas eaque spoliatio,Kate Kihn,Thriller,2025,1200041861367
defendo tyrannus quae,Angela Cruickshank,Mystery,2021,6964881491255
vero aeneus sequi,Vivian Gottlieb,Thriller,1953,9715262865583
depopulo dolores adfectus,Angel Kutch,Science Fiction,1956,1378963660606
civitas decet cetera,Jonathon White,Mystery,2003,9256680007154
averto asporto triumphus,Dr. Wilbur Brown-Tillman,Fiction,1975,6128541560247
vulpes aer tantillus,Leon Wintheiser,Mystery,2018,3676173318747
alienus vomica beatus,Dr. Alison Haley,Fiction,2000,6028839140182
deinde tres ara,Kenny Shields,Fantasy,1977,7010183985578
aperiam statim tutis,Clarence Morissette PhD,Non-Fiction,1963,5666297799451
velit centum bonus,Clyde Homenick MD,Mystery,1963,9789431725147
acidus beatus conforto,Curtis Greenfelder DDS,Non-Fiction,2015,7166125261166
delinquo vergo pax,Claire Funk IV,Science Fiction,1983,1149059472171
adulatio aranea aestus,Frank Dare,Biography,2021,0404271669562
capillus uter eos,Tabitha Lowe Sr.,Biography,1962,6198363615553
recusandae cohaero audentia,Miss Ashley Goodwin,Fiction,2025,3800180955841
tot peccatus ubi,Abel Schroeder-Muller,Romance,1964,7988422940663
id audio vulariter,Alberto Stoltenberg,Science Fiction,1975,8989227114297
aptus autem terror,Mrs. Mindy Durgan,Thriller,1952,2189188287500
paens tactus tres,Lindsay Wolf,Fiction,1967,4101167065517
comprehendo aveho audax,Nadine Haag,Science Fiction,2023,3090739361152
barba suppono agnosco,Luther Jakubowski MD,Biography,1984,2398813267859
capto adiuvo defero,Danny Emmerich,Non-Fiction,1993,2717738848742
bene facilis blandior,Dr. Colin Armstrong,Thriller,1985,0138424266317
curriculum vicissitudo sumptus,Linda Kuhlman,Romance,1996,7031251629336
ambulo varietas caterva,Sophia Torp,Non-Fiction,1975,4988992995357
alioqui theatrum arcus,Miriam Wolf,Biography,1974,5886953739609
acies timidus vaco,Tracy Thiel,Mystery,2008,4606144061325
cruciamentum casus sunt,Jesse Shields,Romance,2000,4744165536475
aetas impedit baiulus,Clint Pfeffer,Thriller,2007,8014507554434
summa abundans depopulo,Mathew Schmeler,Fiction,1959,8158622093844
abduco corrupti deludo,Dallas Hintz,Biography,1984,0431971544626
pauper decor virgo,Kristen Jones,Fiction,1963,8156167194031
denique aureus summa,Denise Boyer,Biography,2001,9548152828034
victus aveho sufficio,Stanley Kilback,Fiction,1976,7045756072203
alias spiculum delectus,Benjamin Gorczany,Fiction,1969,8822183040197
celer cribro coma,Leah Walter,Biography,1951,4990759683903
verecundia rerum vicinus,Miss Thelma Purdy,Science Fiction,1997,0876727458614
comparo tenus magnam,Ginger Dare,Fiction,1982,3861035655871
stips demitto cumque,Minnie Nader III,Biography,1972,4093291212251
arx adiuvo conicio,Ginger Kuhic MD,Romance,1978,5007341670377
tertius theatrum dolor,Laverne Gleason,Fantasy,1965,8295628150439
alioqui quis terebro,Cheryl Greenfelder,Romance,2025,8669783968368
magni decerno thema,Mr. Israel Swift,Fantasy,2000,7135772607815
comes aperio coaegresco,Abraham Schuster II,Thriller,2011,6750368755944
delinquo arma tracto,Dr. Shelley Jones,Mystery,1959,2350678788162
tibi corrupti comptus,Rita Toy,Thriller,1995,2249244956102
patior eligendi speciosus,Blanca Harvey,Thriller,2008,7300006528969
comes surgo conturbo,Victoria Gusikowski,Fiction,1987,7988630545425
viridis tot cimentarius,Mona Rice,Fantasy,1953,4305774167645
admitto succedo convoco,Ian Turner,Biography,1968,6157849830665
impedit confero beatus,Toby Walter,Mystery,2010,6358533085057
nesciunt vita tum,Rita Crooks,Mystery,2002,0058953255758
quaerat sufficio celer,Susie Spinka,Thriller,1970,2206614880325
pariatur amitto thema,Sheila Kautzer,Fiction,2008,5780321323999
turba vehemens aegrotatio,Cornelius Lakin,Science Fiction,2009,7649314460291
quis spargo cauda,Ricardo Lesch,Thriller,2025,8770421211947
cupressus conforto acer,Kimberly Fahey,Romance,2008,6964633642304
tenax addo varius,Blanca Aufderhar,Fiction,1966,0012662356670
tertius arca laboriosam,Ms. Alice Dietrich,Thriller,1989,5531935681498
concedo commodo conqueror,Alex O'Reilly,Romance,1962,4772136925317
venustas demum adipisci,Brad Hilll,Thriller,1984,5142659701367
vomito sit demonstro,Faith Orn-Dach,Romance,2005,0084857768629
tabula vinculum comparo,Ashley Bogan,Mystery,1976,2155643971944
centum cilicium dedecor,Harry McCullough,Romance,2003,1488967764905
aedificium cras inflammatio,Victor Hilll-Bahringer,Mystery,2021,7616051699295
soluta argumentum illo,Alfred Murray,Romance,1976,3978294996779
tracto tamdiu uberrime,Jaime Raynor,Mystery,1993,5087711638786
angustus pecto suasoria,Melody Renner,Biography,2001,9243090331670
apostolus demens aegrotatio,Christy Turner,Romance,1959,3816081987438
autem amissio teneo,Ms. Kristina Pfannerstill,Biography,2020,3888290689456
cuppedia sol angulus,Jamie Torphy,Mystery,1961,5476615432653
verus vitiosus thymbra,Carlton Murphy,Fiction,1994,6638127198707
ventosus succedo conduco,Rhonda Dickinson,Non-Fiction,1982,6326352682954
quo aro nam,Lynn Rogahn DDS,Thriller,1968,3330602350637
iusto solum caterva,Noah McCullough,Fiction,2006,5210042433107
certus annus tredecim,Marta Lockman,Fiction,1984,6873734309639
vigilo abstergo coniuratio,Daisy Nienow,Thriller,1970,0494818039353
sursum eligendi cedo,Elsa Thompson-Price,Thriller,1996,6548836496565
pariatur inventore amita,Alberto Miller,Fiction,1960,2606631063342
tepesco laborum alii,Carol Yundt,Non-Fiction,1972,9850741248518
benevolentia cupio sublime,Derek Schroeder,Biography,1987,4755029207641
vix eius decimus,Edmond Kassulke,Biography,1990,4984726913754
vesica absque repellendus,Phil Zieme,Thriller,2010,3563523789626
verbera vomer tergum,Jaime Nader-Swift V,Fantasy,1961,3427050833697
sponte error sperno,Sandy Hamill,Biography,1973,2584422954668
urbanus alienus arbitro,Kara O'Hara,Science Fiction,2023,3786240649616
acceptus cervus tricesimus,Morris Heller DVM,Non-Fiction,1984,7921943762846
aufero dedico ustulo,Marcus Ryan,Non-Fiction,2004,6416879129828
numquam assumenda tempus,Suzanne Jerde IV,Fiction,1990,3530242752325
et cubitum sunt,Dianna Auer,Non-Fiction,1966,9108776323678
depraedor decumbo assumenda,Lawrence Casper,Biography,1999,2208769268218
complectus comedo angelus,Dr. Thomas Turner,Fiction,1960,2902320588990
adiuvo adicio tero,Marlene Schuppe,Mystery,1963,8939166820912
arcus comburo utor,Rosa Hansen DVM,Fantasy,1985,1577837494891
vomito acer vinum,Alan McGlynn,Romance,2002,9357710386139
vallum ab deputo,Miriam Hintz,Thriller,1968,0230552958069
sophismata harum denuo,Peggy Schoen,Romance,1994,3305618109161
talio curia xiphias,Angelina Kautzer,Biography,1953,5097242330800
tumultus avarus molestias,Robin Cormier,Fantasy,1993,4753911078091
voveo ratione paens,Martha Cartwright,Thriller,1983,1135746182162
agnosco adfero cognomen,Owen Zieme-Rice,Fantasy,2011,4079048715742
alias arceo adfectus,Lorena Ziemann,Fiction,2015,0795250258582
libero numquam antepono,Sadie Effertz,Science Fiction,1969,1248793135707
vae thesis patruus,Kelly Wiza,Fantasy,2024,3371663211998
cursus alioqui tenus,Luis Morissette,Fiction,1972,2762762790295
demulceo coniecto tertius,Amanda Bednar,Mystery,2025,8917145426892
velit concido placeat,Jim Lindgren,Fantasy,1956,4579168433202
accommodo vado terebro,Silvia Kreiger,Fiction,2006,2178951730876
adiuvo consectetur bene,Phyllis Boehm,Science Fiction,1987,2549913493804
aeternus tabesco una,Boyd Wolff,Fantasy,1986,3556170059987
curatio depromo acquiro,Sheldon Schaefer,Romance,1959,5749257589482
ullam tepidus earum,Willie Jerde,Science Fiction,2004,9797167182827
curvo inventore cruciamentum,Elena Schowalter,Mystery,1997,6809469781507
adstringo cur error,Angie Bradtke,Mystery,1999,9705988218803
curatio tendo commemoro,Myra Ernser,Mystery,1955,0485335408511
apud valetudo ambitus,Brent Herman Jr.,Non-Fiction,2008,2265818880708
consuasor appello rerum,Patrick Keeling,Romance,1981,1274150595733
acquiro tubineus adhuc,Guy Dickens,Fiction,1964,0247685514872
approbo textor calculus,Miss Ella Hartmann,Biography,2012,9335486426845
confugo callide canonicus,Mabel Buckridge I,Science Fiction,1990,8535067515498
caelestis comptus adaugeo,Alma Bailey,Thriller,1980,6666822337329
supplanto dicta est,Loretta Bahringer,Non-Fiction,2011,2262428401054
spoliatio cauda bos,Saul Sawayn,Non-Fiction,2022,5593979313523
caste depopulo patrocinor,Constance Ritchie,Fiction,1968,4489491710251
aequitas ullam cicuta,Dr. Velma Boyer,Non-Fiction,1997,5718334217693
cui demitto solio,Freda Bashirian,Thriller,1991,0508125331365
omnis consuasor suppono,Ramiro Wisozk,Science Fiction,1957,9236605570999
cupressus complectus sollicito,Betty Rolfson,Non-Fiction,1974,6280793706432
tricesimus ait teres,Mamie Satterfield MD,Thriller,1978,5755166376199
civis omnis creo,Alonzo Swaniawski,Mystery,2024,9004426792319
circumvenio convoco comminor,Levi Marvin,Mystery,1986,8339707800731
blanditiis spiculum alioqui,Edgar Beatty,Fiction,1993,1883757771650
repellat validus corrupti,Nancy Jaskolski Jr.,Science Fiction,1966,7029327234294
accusamus audeo ancilla,Jesse Schoen,Non-Fiction,1975,1218379329539
viduo timidus dignissimos,Aaron Wehner Jr.,Fantasy,2003,6683580380348
adficio concido cimentarius,Chad Senger,Thriller,2013,0506146966093
vulgaris tabesco maxime,Cornelius Carroll-Swift,Fantasy,1961,5374840065365
ademptio voluptatem nemo,Juanita Murray III,Fiction,1987,3131290999309
cervus omnis argumentum,Nettie Gerlach,Mystery,1966,1290790954663
considero quo articulus,Bridget Jaskolski,Thriller,1997,0005812765734
absconditus praesentium patior,Myra Corwin I,Non-Fiction,1961,5249090207053
amitto cruentus sopor,Elena Stehr III,Science Fiction,1975,2627766971421
sit ultio assentator,Lynn Kub,Fiction,1977,6474078803022
creber conforto conventus,Marshall Rohan,Fantasy,1965,4536345067615
conitor iusto odit,Francis Koepp,Fiction,2011,6485982153420
cito synagoga vis,Glen Hamill,Non-Fiction,1952,6377512691482
benevolentia certus laudantium,Jeannette Powlowski,Romance,2008,7800093638070
ceno placeat tracto,Noel Larkin,Science Fiction,1958,3115906842878
ex antea bos,Nicole Volkman-Jakubowski PhD,Biography,2002,5810527871595
quae commodi calco,Rene Hegmann,Fiction,2007,9412247192677
umbra animi alii,Delores Mertz,Biography,1998,2875100834456
quia cupiditas arcus,Harriet Kassulke,Non-Fiction,1963,4602257132143
cerno curvo virtus,Natasha Weber,Fiction,1956,5916519764686
adsuesco tubineus asper,Jeanne Krajcik,Science Fiction,1979,1791571191652
rerum absorbeo depromo,Natalie Ullrich,Science Fiction,1975,1521815052566
certe tondeo vobis,Miss Rachel Pollich,Fiction,2023,8596635741608
deleo arguo nisi,Austin Hartmann,Romance,1981,4115879862504
verecundia ara demitto,Loretta Tremblay II,Fiction,2000,5038285250572
celo cervus tibi,Jasmine Zemlak II,Mystery,2010,1618517121499
sortitus cimentarius ter,Angela Abshire,Thriller,1999,4120974509927
tandem adduco desino,Betty Stark,Thriller,2020,5403953820780
teres deripio defendo,Trevor Halvorson,Mystery,1976,2360686439184
curto vorax officiis,Cristina Corkery,Fantasy,1989,3111448191538
damnatio comparo tener,Jonathan Bechtelar,Thriller,2018,6057202780255
cogito argumentum alo,Alexandra Watsica,Thriller,1991,9217023088188
victoria animi modi,Lynette Lueilwitz PhD,Non-Fiction,1988,0056236865443
cito cui thymum,Nora Leannon,Mystery,1973,6842709727109
supra acer quisquam,Brenda Maggio,Fantasy,2000,7507775554054
substantia ipsum vacuus,Juanita Upton,Fiction,1997,9323208921501
crastinus consequatur bibo,Todd Ebert,Fantasy,2003,9638986119405
synagoga ipsum cerno,Ms. Lois Kuvalis,Non-Fiction,2003,7699913814121
audio repellendus ex,June Goldner,Mystery,1994,0244515293254
trepide velut deduco,Ruben Altenwerth,Science Fiction,2022,2663550759163
consectetur utor cribro,Theodore Barton,Mystery,2013,3854912417144
vulticulus perferendis socius,Katie Powlowski,Thriller,1987,8032212092416
complectus custodia tubineus,Clark Huel DVM,Thriller,1991,2067221820721
quos vado dolorum,Fannie Wisozk,Fantasy,2004,3237395083758
sufficio autus adfero,Jennie Sipes,Science Fiction,1999,8455463055668
trucido vestrum venustas,Dianna Jenkins Sr.,Romance,1980,4899922111761
vulariter amor speculum,Beverly Swaniawski V,Thriller,1966,2538673776367
spes claustrum alienus,Mabel Stiedemann,Science Fiction,1993,6586455618657
stips porro cavus,Jason Jacobs,Romance,2023,3908579252071
tantillus voluptas comis,Mr. Alejandro Leffler,Science Fiction,2010,2003993998291
quasi surculus vita,Marsha Mills,Biography,2008,3483321588161
allatus conculco comis,Blake Rice,Mystery,1963,8226626235362
thymum vallum curtus,Dr. Denise Lindgren,Mystery,2013,8505238194300
degusto arma paens,Bob Kohler,Biography,2004,2638705510359
depono tactus autus,Toni Nolan Jr.,Fiction,1991,5012490659722
cado surgo auctus,Dustin Towne,Romance,1989,0698833415521
cogo adstringo vorax,Mrs. Mildred Dooley,Fantasy,2003,6245615474604
demo correptius vilis,Diane Wisoky,Mystery,2023,7201964608458
vinum adsidue crapula,Anne Murazik,Mystery,2016,1696449838908
acceptus conqueror uredo,Gina Nolan,Mystery,1971,8519209334705
cilicium usus neque,Luke Gorczany,Romance,1966,0300845260117
cupressus asperiores verus,Lynne Moen,Non-Fiction,1998,3627119924076
sollers veritatis color,Bryant Boyle,Fantasy,2004,2317600981750
acerbitas nam spiritus,Alex Stiedemann,Thriller,1975,9517530564342
sit calco denego,Brenda Heller,Fantasy,1954,9844471261870
tabella tyrannus sollers,Sheri Armstrong,Biography,1978,3670484306916
alter adhaero laborum,Mrs. Cindy Renner,Biography,1997,7744887966358
terra aeneus tristis,Marlene Kemmer,Mystery,1959,6401179685918
arcus concedo cotidie,Shari Cole-O'Conner,Science Fiction,2008,3159025586813
venio chirographum carcer,Jean Vandervort,Fantasy,1977,2585484426292
claudeo velut cado,Johanna Kertzmann,Thriller,1992,2623810158478
territo acsi amplitudo,Mrs. Lynn Schamberger DVM,Fantasy,1970,7113302587569
tepidus copiose consequatur,Miss Kim Monahan DVM,Non-Fiction,2025,1946443196584
totam canto contabesco,Craig Turner,Mystery,2007,6525209290810
vivo aliqua carpo,Phillip Carter,Biography,1955,9590172206850
coerceo uxor conqueror,Connie Larkin,Fantasy,1995,5839343610940
maiores vulgivagus contra,Rachael Vandervort,Biography,1976,6464472816358
cubitum termes trepide,Heather Collier,Science Fiction,2008,2287428753662
capillus adeo claudeo,Dr. Maxine Langosh,Non-Fiction,2023,2366084782756
cursim caries quis,Constance Muller,Fiction,1995,5303134970174
rem denique virgo,Mrs. Raquel Monahan,Mystery,1956,0061162565712
adulescens temptatio tristis,Jessie Gutkowski,Science Fiction,1963,6862692643654
rem copiose cupio,Gilberto Anderson,Thriller,1990,2035524320131
crustulum autus sufficio,Desiree O'Keefe,Science Fiction,2007,1780290975700
clementia at degenero,Judy Beatty,Non-Fiction,2025,4321031677809
adiuvo adhuc sortitus,Henrietta Gerhold,Thriller,2022,3247719040368
verto congregatio caecus,Edmond Hodkiewicz DVM,Romance,1953,9211871359192
conculco uter utrimque,Wilma Kihn,Romance,1983,6891088581627
abscido candidus depono,Kerry Turner,Mystery,1958,7152861045745
pauper adicio arguo,Boyd Simonis,Romance,1993,3309037417790
cohibeo venia amitto,Krystal Schinner-Marks,Science Fiction,1961,6183918255850
qui solus depopulo,Thelma Leffler,Mystery,1965,9387273115434
tolero bellicus argentum,Alexandra Carter,Biography,2003,2494732856714
demoror abduco optio,Jamie Leuschke,Romance,1976,2088466249864
vere veritatis theca,Willie Greenholt I,Mystery,1975,2745364620886
velut vesper coerceo,Inez Parisian,Romance,1959,5284111389555
una ultio approbo,Lorraine Bernhard,Biography,2022,3765670773938
aperte vomito neque,Eula Hackett,Fiction,1982,9524658255962
alveus contabesco delinquo,Shaun Turcotte,Romance,2020,3672077557728
capillus velociter cresco,Geneva Orn IV,Thriller,1960,0541208837838
brevis angustus degenero,Marc Kertzmann,Mystery,2012,6557989682586
atque vulariter causa,Candice Murazik,Fiction,2012,7499073756159
aperio cresco attonbitus,Georgia Bradtke,Biography,1993,1631026743503
crapula ratione vapulus,Shelly Rau,Biography,2008,2268655609932
cito ab nisi,Danielle Weber,Thriller,2018,5376952056443
defetiscor venustas error,Priscilla Dibbert,Non-Fiction,2007,1314764918243
vaco animi ultra,Mrs. Robyn Hermann IV,Fantasy,1983,7598387915296
auditor enim vicinus,Austin O'Kon,Romance,1967,8511221254407
ver spiculum adulatio,Mildred Fay,Science Fiction,1972,3359434571979
pecco ulterius audax,Austin Jaskolski II,Thriller,1975,8484870297306
testimonium compello consequuntur,Candice Wiza-Bins,Science Fiction,1972,2291639611417
conturbo defetiscor deludo,Rudy Turner,Mystery,1973,6805752300582
utor clementia amor,Jake Ernser,Romance,1963,6869949859181
peior amita atrox,Ramon Corwin-Christiansen I,Non-Fiction,1970,7592657541959
tyrannus claustrum absconditus,Janis Pfeffer,Fiction,1994,8489860662570
communis alienus defero,Julie Mills,Thriller,1953,9596625801650
crebro modi suasoria,Joel Koelpin-Goldner,Non-Fiction,1995,1176433366490
tibi compello laborum,Mr. Randal Moore,Mystery,1976,3214192797400
quisquam antea eaque,Donald Hackett,Non-Fiction,1980,1580576405772
vomica tum caste,Mr. Israel Mertz,Fantasy,1999,1886116654437
clamo et voluptates,Jessica DuBuque,Fantasy,1992,4496792055190
deduco adficio vulnero,Carla Wunsch,Fantasy,2008,1331312986602
deleo tam possimus,Jeff Pacocha,Thriller,1982,2707851017164
video amplus adstringo,Mrs. Camille Yundt,Thriller,1964,1812876633485
arca condico absens,Dr. Hector Goodwin MD,Science Fiction,2011,9493682956210
porro depono acies,Alberto West II,Fiction,1995,7373769889071
saepe utpote tabesco,Marilyn Funk,Mystery,2000,0425676400115
vinum eius verecundia,Theodore Denesik,Fantasy,1956,1302245480314
vesco caste benigne,Allen Heathcote,Mystery,2006,5154364927144
tamquam aliqua attollo,Lucille Jacobson,Thriller,2021,4508462474596
stultus praesentium vesica,Ebony Grant,Romance,1980,3330212986817
aetas ventus pecus,Mitchell Flatley,Mystery,1952,6304557225914
cognomen coerceo amicitia,Lester Brekke,Fantasy,1979,5376477121103
tollo concedo tutamen,Bryan Mraz,Mystery,2018,8079092875942
decumbo cauda umerus,Johanna Hessel,Fiction,1990,4276733772090
aspicio suffragium careo,Jane Farrell,Thriller,2017,1296772626792
patria nulla clamo,Guadalupe Hamill,Non-Fiction,2025,4396598801962
abundans defluo viduo,Martin Gottlieb,Thriller,1995,9039388860475
commodi curia tergo,Franklin Moore,Biography,1967,3351237327108
condico vis ciminatio,Herman Rempel,Fantasy,1989,5060521098015
minima despecto ait,Kristopher Hirthe,Science Fiction,1982,8429558149377
spiculum thesis venia,Luther Schowalter,Romance,2006,1227447755700
deduco velum statim,Wayne Hudson,Biography,2025,9476134064116
vitium paens comis,Dr. Florence Koss DVM,Thriller,1964,8161249310475
speciosus annus incidunt,Gina Jacobi,Biography,1959,2315780633292
adaugeo pax pariatur,Traci White,Thriller,1956,6511002072664
thorax turba creo,Abel Goyette,Thriller,1989,2430131411270
allatus omnis creo,James Greenholt,Thriller,1958,9450894480767
congregatio corrigo theca,Alison Ernser,Science Fiction,1963,0961179315988
trado calco trucido,Ramona Blick,Fantasy,1955,7067375845516
vinum aperiam voluptatem,Alexander Cronin,Biography,2010,3739038340490
theca subito contigo,Kristina Brown,Romance,1982,2901199045049
auctor tempus cattus,Stephen Kihn,Mystery,2014,0412192177375
bene tardus copiose,Bradley Jaskolski,Romance,2007,6757477971924
cultura aggredior substantia,Mr. Juan Bode V,Fantasy,1998,5133258692958
praesentium vaco quidem,Amelia Kub,Fantasy,2008,2645264430465
quo totam somnus,Kelly Rodriguez,Biography,1953,4328209324753
paulatim repudiandae crapula,Harvey Torphy,Thriller,1980,3456895103116
thymum eos quas,Saul Legros,Fiction,1971,7752486990908
qui accusantium ea,Stuart Spinka,Non-Fiction,1952,4257474185959
conor cohaero desino,Margie Schiller,Non-Fiction,1959,3297721919303
carmen ipsam eos,Sheldon Ernser,Non-Fiction,1988,5742428896075
vaco sequi id,Hector Fahey,Science Fiction,2004,9175749988662
argumentum vulgus tergiversatio,Marcus Zboncak,Romance,1973,2492974980428
communis cura tribuo,Sherri Towne,Thriller,1982,0717694163566
venio caput vehemens,Ruth Boyer,Fantasy,1998,6222497046604
admoneo voluntarius adsum,Eileen Bauch,Mystery,1969,8680346252013
voluptatem culpa eaque,Levi Metz,Fantasy,1952,2991540190608
ver adstringo adfectus,Silvia Schultz,Science Fiction,1992,1166645865985
absque adversus tamquam,Byron Cummerata,Romance,1968,2143055318065
alias usque templum,Ms. Vicki Gulgowski,Non-Fiction,1960,5849829550720
desino adeptio vilicus,Jimmie Stokes,Non-Fiction,2002,7989322150016
surgo cenaculum trucido,Mitchell Miller,Romance,2019,4295641152627
dapifer crastinus paulatim,Margie Funk,Thriller,2014,8233234398869
speciosus incidunt cimentarius,Jimmy Rice,Mystery,1966,8263799420152
tristis cedo dapifer,Elmer Dicki-Considine MD,Non-Fiction,1958,7392447018137
deputo aegrus cognatus,Darnell Wolf,Non-Fiction,1962,0943412343046
tepesco cetera sponte,Eunice Rohan,Non-Fiction,1978,2235845293947
uterque praesentium auctus,Nancy Wiegand,Mystery,1955,4023013471670
vulgaris tego benevolentia,Lucy Ledner DVM,Non-Fiction,1976,0415720790281
tandem cibus accendo,Daryl Erdman,Romance,1992,9318310986766
pectus tonsor somnus,Rebecca Hermann,Fantasy,1967,5382787330965
ager rerum officia,Sheryl Hahn,Fiction,1963,6107333321157
sumo acceptus antiquus,Bessie Huel,Fiction,2003,3399638912254
varietas thorax cribro,Shannon Rodriguez,Fantasy,1963,6523365140815
artificiose nostrum abeo,Mrs. Elsa Gleichner,Science Fiction,2013,7260731900627
censura corporis sponte,Arturo Grady,Mystery,2004,9504984291406
labore demitto condico,Pablo Hauck,Mystery,1988,4369904783668
tabgo aperiam repudiandae,Deanna Gorczany,Mystery,1975,5661467398734
fuga verumtamen cicuta,Roman Feeney-Champlin,Romance,1954,0679408075357
sperno curvo audentia,Shane O'Connell,Fiction,1956,5995488956132
est sui summa,Betsy Beatty II,Non-Fiction,2011,9125581159693
vetus demum ante,Angelica Carter,Non-Fiction,2002,5584862061134
copia audax cogito,Patricia Williamson,Non-Fiction,1989,6412389403067
universe umbra conservo,Melba Nienow,Romance,1964,2120032521074
argumentum velit carmen,Connie Stamm,Thriller,2024,8715576984495
amoveo commemoro claro,Dianna Nikolaus,Biography,1985,0854643385273
cerno deleo amicitia,Christian Schultz-Dicki DDS,Non-Fiction,1961,1100881344599
congregatio antiquus succurro,Courtney Corkery,Romance,1961,3036243456009
aduro tollo causa,Tiffany Dietrich,Fiction,2017,7565248953326
crudelis bellum vita,Ms. Traci Pollich,Biography,1957,7967702557027
defaeco depopulo terebro,Mr. Ernesto O'Hara,Fantasy,1991,0294956145754
cogito victoria suscipio,Joan O'Keefe,Mystery,2013,2746217311669
blanditiis vulticulus tripudio,Katrina Breitenberg,Mystery,2024,7099499416177
tersus pecus similique,Jill Kshlerin,Thriller,1974,9400024778911
tametsi thesis vitae,Alton Williamson,Fantasy,1955,4316930889926
sublime cupiditate sui,Megan Bechtelar,Biography,2023,0724315177621
certe deserunt pecco,Abraham Kuhic,Non-Fiction,1993,0878531541411
ceno blandior aut,Randy Hoppe-Pouros,Romance,1955,2555008254940
defleo coruscus tardus,Kelly Hodkiewicz,Thriller,2014,7734799628934
aegrotatio desolo delicate,Randolph Schuppe,Thriller,2001,2510308608130
nisi auxilium decet,Bernice Quitzon,Romance,1952,1526665559376
copia coerceo laudantium,Roberta Erdman,Mystery,2001,0433781308288
suus vergo cotidie,Gary Hagenes,Biography,1972,5246423273628
consequuntur defendo argentum,Ms. Lola Schulist,Mystery,1982,2082712267571
abbas atrox amet,Dominick Kling,Mystery,2006,7814291095073
varius cibus attero,Traci Jones,Thriller,2008,5559437667001
vero appositus iure,Arturo Herman,Fiction,2008,3881707217443
timidus thymum depono,Darin Dooley,Fantasy,1983,1778466108048
ocer itaque appositus,Jerald Abbott,Science Fiction,2000,9641855669901
delectus comptus trucido,Michael Schoen,Fiction,1976,1053938691531
termes et natus,Doreen O'Kon,Mystery,1960,7505849454932
xiphias curso illo,Miss Melissa Lubowitz,Fiction,1956,3926579579498
certus antea constans,Seth Rodriguez,Biography,1988,4870096645461
tepidus abundans absum,Lorenzo Reilly,Non-Fiction,1999,0215868003976
cribro consequuntur stabilis,Brandi Becker,Romance,2021,8161491159686
ipsam aperiam cubo,Gwendolyn Lueilwitz,Biography,1965,7440006574261
autus combibo debilito,Wendell Bergstrom,Science Fiction,1993,0674492471107
natus necessitatibus adstringo,Byron Zemlak,Fantasy,1965,6995300784413
sopor recusandae depulso,Cecilia Lebsack,Mystery,2001,4839841699268
virgo stultus solus,Delores Gleason,Fiction,1982,2222117764190
atqui currus dignissimos,Tracy Goldner,Fantasy,1980,6642896122065
alius admitto arbitro,Mrs. Jan Hyatt I,Romance,1964,2977169730035
tempora substantia voluptatibus,Hope Lowe II,Non-Fiction,1983,5853408892553
blanditiis deprimo contigo,Connie Beer MD,Biography,1958,8443718900486
crudelis vigor ars,Dr. Paulette Toy,Mystery,1963,8802625639299
stella depono solvo,Trevor Fritsch,Non-Fiction,1996,2537514578170
terra pauper vespillo,Luke Stroman V,Romance,1983,3800434061362
vere desipio sollicito,Abel Mayer,Fantasy,1952,0971230881189
torqueo arma vobis,Teresa Davis,Biography,1955,1024842896867
titulus taedium victus,Eunice Schmitt,Biography,2024,0733084194206
corpus eligendi suspendo,Meghan Wilkinson,Thriller,1974,3578177445267
volubilis cognatus despecto,Craig Donnelly,Mystery,1953,0050856084287
uterque spectaculum comedo,Betsy Oberbrunner PhD,Fiction,1952,4108568816534
audeo cedo spoliatio,Antonio Christiansen III,Romance,2016,2796979798471
stips cursus cuius,Mr. Jimmie Heaney,Mystery,1976,7006298653350
cinis laudantium atque,Trevor Kulas,Romance,1993,5441332716533
suus tui concido,Henrietta Schoen,Biography,2014,5687088930518
adamo comptus fugiat,Vera Harber,Romance,2011,7523975678120
consuasor solus explicabo,Gladys Boehm,Science Fiction,1960,2707561379041
perspiciatis vix porro,Jackie Weber,Science Fiction,2024,0859745993987
ab cura abundans,Richard Hettinger,Romance,1980,1324067889570
argumentum casso adstringo,Sandy Veum-Casper,Mystery,2008,8507881283232
voluptatibus aperte versus,Melba Schowalter,Science Fiction,1968,2566613631901
decretum denego solvo,Katherine Grimes,Romance,2022,5016321623307
vinitor comptus spectaculum,Kenneth Walker,Romance,2012,1837473098255
ut terreo deorsum,Warren McClure,Non-Fiction,2018,8339760834924
confido subnecto timidus,Constance Bernier III,Biography,2015,0844594071261
spargo asper textilis,Arthur Oberbrunner,Non-Fiction,2012,3324350225310
sophismata curo crustulum,Kristie Kulas,Fantasy,1955,3998870881212
aut thymum saepe,Terrance Legros,Romance,1990,0250566851069
velum ago triduana,Cristina Dooley,Fantasy,1965,8226709228376
eius acquiro varius,Jack Rutherford,Romance,2002,7990902407793
calco astrum accusator,Emanuel Block,Fiction,2001,1028977828347
ager incidunt iure,Betsy Goyette,Biography,2013,6312704417357
laborum apto ustilo,Marco Effertz,Romance,2002,6150696376915
nisi similique vere,Lee Fritsch DDS,Fiction,1965,9520298093526
denuncio verecundia agnosco,Antoinette Stamm,Fiction,2022,2340245310502
spectaculum theca textor,Alice Wiegand,Romance,1959,7794128326614
tui victus adinventitias,Hubert Wintheiser,Non-Fiction,1958,6418726877996
voluptates truculenter cum,Johnnie O'Reilly,Science Fiction,1958,3804568936974
claro antepono demulceo,Patti Bayer,Fiction,1984,8247127176728
contego catena alias,Meredith Swaniawski,Science Fiction,2015,9537295885196
approbo astrum defaeco,Seth Wyman,Mystery,1967,1195961054471
excepturi ad libero,Ramona Skiles-Schroeder,Science Fiction,1977,7278872920972
tergiversatio sufficio tredecim,Martha Macejkovic,Romance,1953,3249651503659
volutabrum aspernatur quas,Jaime Gusikowski,Mystery,1966,1006143803354
carcer videlicet crux,Otis Gerhold,Science Fiction,1991,7231008592324
sodalitas alter accusamus,Patsy Kertzmann,Romance,2025,4523041019958
balbus aptus vulgivagus,Lee Nicolas,Mystery,2002,3967060850864
dens ver tondeo,Damon Hirthe,Non-Fiction,1993,0107660509577
vesica delinquo traho,Jeanne Volkman,Fiction,1999,9646198348711
solus vacuus culpa,Wilfred Labadie,Thriller,1975,2897844571388
ante annus advenio,Corey Moore,Non-Fiction,2024,6327611926857
vomer tripudio vesco,Tommy Carter,Fantasy,1983,2293238943791
constans tardus temptatio,Gabriel Hamill DDS,Science Fiction,1953,3094423993553
victoria cribro adficio,Herman Beier,Mystery,1987,1595864515910
uter voco alius,Marsha Dibbert,Non-Fiction,2004,0131106738966
pecus deprecator supplanto,Greg Hauck,Non-Fiction,1978,5648933733358
sol conatus spero,Alyssa Welch,Romance,1997,8610497657445
advenio color adfero,Mr. Joseph O'Hara-Hamill,Thriller,1987,3968473637033
creber sunt delectatio,Boyd Schultz,Biography,1957,3938056540267
cubo vitae aequitas,Celia Corwin,Thriller,1977,8183777498319
vulgaris acervus astrum,Inez Schmitt,Biography,1992,4815477232579
totam ut timidus,Rochelle Daugherty IV,Thriller,1971,9794322548090
casus ulciscor adsidue,Vernon Purdy,Non-Fiction,1988,9141362202313
constans suscipit angulus,Dr. Abel Bode,Science Fiction,1956,0345446780853
eius copia totus,Lillian Hyatt,Science Fiction,1965,1777997766373
bellicus appositus stultus,Miss Ramona Hills,Romance,1952,3236448819290
tot repellat ambitus,Vicki Carroll,Fantasy,2020,5484832633475
tametsi cupio thorax,Lynda Marquardt,Fantasy,1995,6483660652324
ancilla trucido tantillus,Claudia Bogisich,Science Fiction,1976,3079316563351
vinitor adimpleo theatrum,Luz Hayes,Non-Fiction,2017,3169877006511
cruciamentum arcus perferendis,Shirley Lind,Fantasy,1967,4805698023320
decimus aer depraedor,Frances Wolff,Non-Fiction,1977,5487243733696
ciminatio conventus attero,Opal Skiles,Non-Fiction,2000,9119489366195
dolore adversus clam,Ricky Kirlin,Science Fiction,2013,6964085399032
ventito aperiam cibus,Dr. Owen Green,Thriller,2016,3973381643798
centum terminatio amplus,Dr. Kelly Schiller,Science Fiction,1962,6651608689220
cornu aperio desino,Angelina Macejkovic-Kunde,Non-Fiction,2025,8153531852258
iste quae deprecator,Ms. Lorene Wisoky,Mystery,2019,4749842668728
architecto adiuvo tardus,Ervin Wolf,Non-Fiction,1982,2466350325354
tumultus ocer conturbo,Faith Huel,Mystery,1970,2118134903427
conservo urbanus adsum,Lawrence Stroman,Fantasy,1993,0428070818241
sui asporto aliqua,Gina Crist III,Science Fiction,1997,6210958386305
tui unus commemoro,Mr. Alfonso Beier,Biography,1980,2888239147843
aureus officia alo,Joey Wilkinson-Volkman PhD,Non-Fiction,1957,9338623346673
conspergo subseco perferendis,Mrs. Virginia Champlin,Thriller,1985,1612813812736
incidunt eveniet terror,Miss Kerry Hand,Fantasy,2024,1675032276444
vos culpa aro,Fred Lesch,Romance,1964,1016810138695
decet ter impedit,Mable White Jr.,Mystery,1965,5527382021761
ascisco abundans barba,Darrel Cruickshank,Romance,1971,0915060061486
architecto debeo cura,Brooke Shields,Biography,2008,5689429141671
deporto aestus maiores,Mr. John Kirlin,Mystery,1997,1580027417886
sto bibo temptatio,Bobbie Lueilwitz Sr.,Romance,1960,5036328779771
asporto accusamus calcar,Dr. Jose Murazik,Non-Fiction,2017,5079265994864
triumphus averto tui,Charlotte Strosin,Fantasy,1999,6922134735198
derideo coerceo ulterius,Ann Parisian,Fiction,2021,5471053092779
fugiat accendo depopulo,Phyllis Heller,Fiction,1966,4750015412488
talus paens aegre,Laura Brakus,Science Fiction,2009,9805628277725
dens sursum acerbitas,Ervin Huel,Biography,1972,5229490153612
degusto uberrime volutabrum,Mr. Kim Harber V,Fiction,1951,6073179625148
cui cruentus vulpes,Dr. Antoinette Lang,Science Fiction,2013,4061069634412
compono defessus mollitia,Nettie Little,Romance,2006,4292657009754
tabesco tero eaque,Jaime West,Mystery,1986,3982873632679
decimus commodi barba,Cheryl Bauch,Mystery,1996,6619925612420
cui ancilla benigne,Lydia Waters,Fantasy,1992,3064330681354
attero crapula aspicio,Emmett Hane II,Fantasy,2016,5849280759760
tabula volva tutamen,Shawn Cassin,Romance,1969,3619176571528
tergiversatio antea ambulo,Amelia Hansen,Romance,2023,5053074269598
ustilo dedico attollo,Theresa Ebert,Thriller,2025,0636045107709
adduco crinis comes,Terry Bergnaum,Fiction,1964,8235081701808
utor subnecto acidus,Melissa Lind-Hand,Science Fiction,2017,1736195481762
consequatur tergiversatio vinum,Violet Sawayn,Fiction,1998,5961350593632
pecus textor aegre,Keith Willms,Biography,1976,6245246979696
patior catena tamdiu,Max Ferry,Fantasy,2001,6201839481136
tamisium toties debeo,Miss Janis Powlowski,Science Fiction,1995,2273177622085
porro cervus spero,Thomas Botsford-D'Amore,Fiction,1981,9616463325716
arcus careo accusantium,Eileen Towne,Mystery,1975,3411167819349
ipsa conforto vigor,Calvin Labadie,Non-Fiction,2023,6531515931561
volaticus acquiro defendo,Mr. Micheal Leannon,Thriller,1964,9911372597443
stillicidium tricesimus vester,Wilbur Ritchie DDS,Non-Fiction,1971,7153021629484
quidem strenuus desino,Alma Hane III,Mystery,1961,9768636077332
vilicus aggero uterque,Herman Von,Fiction,1993,7735856967161
cultura avaritia textilis,Frankie Wisozk,Mystery,1973,2764606722097
viscus carmen quam,Leslie Hayes,Fantasy,2015,5207192763345
verbum vorago perferendis,Randy Schimmel PhD,Science Fiction,1989,5413722103882
autem credo timor,Paula Watsica,Fiction,1960,7291289636198
pecco vulnero sub,Tara Corkery,Fiction,1989,9466253007807
ambitus alias summa,Jan Ratke,Thriller,2008,3744304934689
claudeo cribro aut,Harold Wilderman Sr.,Biography,1991,3158977813486
synagoga fuga recusandae,Alonzo Hermann,Thriller,2012,4959847793434
saepe bardus cotidie,Allison Cremin,Non-Fiction,1990,5191120150391
suscipit viridis amo,Carol McLaughlin,Fiction,2016,9328653059646
viriliter color denego,Vicky Batz,Fantasy,1973,1135421832176
maiores suscipio sint,Kirk Metz,Thriller,1980,0927146719563
bestia caecus cohibeo,Elbert Leuschke,Romance,1968,3832601285673
adulatio coadunatio adipisci,Antoinette Russel DVM,Fantasy,1990,4516073345425
tego calamitas circumvenio,Neal Beatty,Romance,1991,8236879098830
cariosus quam temeritas,Antonia Berge,Romance,1971,8095508571237
cornu ago speciosus,Gayle Hirthe,Non-Fiction,2017,2952496758531
universe tenuis decens,Fred Schimmel II,Non-Fiction,1956,1431147952534
adaugeo cauda attonbitus,Sheryl Hoppe,Mystery,2005,2356804857126
aliqua cura recusandae,Wm Bartell,Fiction,2006,4461219588154
temperantia atque cur,Jan Treutel,Romance,1999,4227301538015
sophismata conculco aliquid,Edith Tremblay,Science Fiction,2017,8528633407045
thesaurus expedita aufero,Perry Mante,Fantasy,1953,2697824825217
spargo theca vacuus,Judy Conn,Thriller,2017,4411957228283
ducimus harum acquiro,Leon Morar,Mystery,1954,1578786782330
decerno via stipes,Alexander Veum,Fiction,1986,5301390412462
traho suasoria admitto,Dianna O'Conner,Non-Fiction,2000,0365377888769
doloremque suscipio adhuc,Lela Stiedemann,Non-Fiction,2017,8822366422314
eaque quod crinis,Terry Miller,Fantasy,2000,5621470530030
armarium teneo audacia,Mr. Julian Wolf IV,Fiction,1954,5034106810825
tepidus defendo recusandae,Billy Trantow,Fantasy,2009,1544567764243
cupiditas curo rerum,Belinda Wuckert,Science Fiction,1990,9312365020046
veritatis cupressus creptio,Anita Hermiston,Romance,1952,9383240920595
vel aperte tracto,Alison Fahey,Thriller,1971,3571330251321
compello thesis minima,Marvin Johns,Non-Fiction,1974,0570832594820
degenero amaritudo veniam,Shelley Schowalter,Mystery,2019,8929035809047
centum ademptio vulgus,Brad Rippin PhD,Non-Fiction,2024,7235380854065
dedecor deorsum caelestis,Lorena Reilly,Fiction,1965,2212057575489
quisquam callide quae,Peggy Kuhlman,Non-Fiction,1996,2925995290497
denuncio confugo verbera,Phyllis Waters DDS,Mystery,2004,0900255548021
facilis cuius magnam,Cory Friesen PhD,Non-Fiction,1989,7844636474552
conservo adficio appono,Dr. Charles Gleichner,Mystery,1996,2954656514789
crux commodo ademptio,Sam Hackett,Fantasy,2005,3194042434638
delibero traho celo,Tina Lehner,Biography,2018,7814802978732
considero usus cura,Laura Schuster,Romance,1985,3161281496604
vero cruentus aut,Misty Aufderhar,Non-Fiction,1992,4022092055361
caute ex tersus,Vickie Ondricka,Romance,1968,0911272354176
tolero ultio cilicium,Hannah Nikolaus,Romance,1975,3387922875821
colligo valens cohibeo,Donald Kub,Thriller,2018,2383529804222
cras a ulciscor,Lee Marquardt,Fiction,2000,7458097218340
audentia causa tepidus,Lynn Okuneva II,Thriller,2014,8343134755935
aveho summa tergeo,Joann Schaefer,Mystery,2020,8802218509490
bardus verumtamen ambulo,Dorothy Macejkovic,Romance,1954,1757167361924
amet vado vivo,Edmund Borer,Fiction,2016,4698753111319
aptus tenax truculenter,Alicia Carter-Gorczany,Science Fiction,1967,4678742362679
asperiores subiungo abbas,Jean Borer PhD,Fiction,2013,2912193396577
sublime cinis degero,Tammy Hansen,Fiction,2008,3216228952264
copia inventore validus,Jackie Greenholt,Fiction,2001,6984560520974
clarus statim crur,Roy Smith,Biography,1971,8319451243028
demergo somnus saepe,Eloise Kub-Crist,Biography,2019,2216622631097
tamen coepi contra,Ida Jacobson,Biography,1956,9317228581165
pecco appositus corrigo,Jim Pouros-Halvorson,Mystery,2017,4885753294612
ceno fuga vinitor,Jody Gottlieb,Science Fiction,1995,2967013997959
ultra temperantia tempore,Charlie Wiza,Fiction,1990,8392184976261
titulus thermae vox,Dennis Price,Fiction,1953,5257090612497
vulariter tego tonsor,Olive Casper,Science Fiction,1993,5958465688087
tremo sulum tenuis,Bradford Thiel,Science Fiction,2015,0707086469907
cuius titulus armarium,Linda Kertzmann,Fantasy,1955,9286464740924
pauci trans cogo,Evelyn Halvorson,Thriller,1950,5022080473266
vilis amplus cometes,Sidney Kuvalis,Biography,1960,8909308662195
coniecto currus esse,Irving Yost,Fiction,2006,0488267368281
usus commemoro cribro,Jaime Kertzmann,Fantasy,1979,7842449624683
sophismata terra volutabrum,Wilfred Hilpert,Mystery,2005,0275487414050
tepesco agnitio ultra,Rodney Kris,Thriller,2005,6289853974573
crapula testimonium somniculosus,Jody Huel,Mystery,1953,9355997087441
dedecor voluptatibus repellat,Sheryl Wolf,Biography,1993,0261568063137
bestia aegrotatio libero,Tabitha Sawayn,Mystery,1954,6576553587592
sol fugit uxor,Lindsay Batz,Mystery,2017,0894214173220
venio comprehendo arceo,Damon Fadel,Fiction,1986,7629547644143
sublime caput demens,Bruce Grady,Thriller,1952,2197185269868
tollo anser currus,Charles Rippin V,Thriller,2015,6837685860870
validus capto caritas,Gordon Quigley V,Thriller,1990,6621356017409
virga arca viridis,Craig Mills,Biography,1973,1612756195548
corona adulatio uberrime,Sheri Green,Science Fiction,2019,6462028368665
tempus verto adulatio,Crystal Swift III,Science Fiction,1976,4008466830643
desidero libero approbo,Johanna Larson,Mystery,2004,3296657043537
sol tredecim vomer,Eric Skiles,Romance,2022,8769869371425
solus error videlicet,Naomi Ondricka,Thriller,1974,5996415558473
cubitum ulterius tollo,Ollie Altenwerth,Thriller,1950,9313839022087
ago patria ipsa,Agnes Bins,Thriller,2012,6679349274995
cotidie coaegresco summisse,Adrian Hessel,Non-Fiction,2022,9630465058601
similique voluptatem denique,Gayle Lindgren,Fantasy,1970,2812493255483
appono sunt corroboro,Angel O'Hara,Thriller,2008,1835502076859
animi aedificium coma,Marvin Collier,Fantasy,2018,5208924900240
hic maxime corrumpo,Rodney Reilly,Mystery,1953,0657794485111
teneo caritas angelus,Derek Mayert,Fiction,1959,7340534390024
alii vae capillus,Shane O'Keefe,Fiction,1969,2988914441473
cum ut tredecim,Janie Rice,Romance,2002,3886434339152
aegre coniuratio facere,Cedric Kozey,Mystery,1994,1058607461868
capio caste sint,Dexter Gibson,Science Fiction,2012,1073092747011
tyrannus umbra voluptatibus,Santiago Nicolas,Mystery,1959,2455600960641
coaegresco sub vae,Angelica Kertzmann DDS,Non-Fiction,1995,0497099873925
adsuesco tepidus possimus,Daryl Muller,Fantasy,1965,8265545623968
dolor cruciamentum territo,Carrie Lynch,Fiction,1968,6732159053709
inventore toties volup,Eunice Cremin,Fantasy,1983,4795379679455
succedo appositus catena,Helen Wiegand,Fantasy,2017,4644332296010
cohibeo ago truculenter,Drew Mann,Fantasy,1994,5984193984638
vilicus talio volutabrum,Rickey Bode,Fiction,1997,9204734706647
vindico thema adicio,Stella Windler,Thriller,1969,2982650342119
degero sophismata arceo,Kristy Mann,Non-Fiction,2005,2059499455184
vobis suspendo ara,Sidney Kub,Thriller,1974,5493970733004
tamquam auxilium iure,Carlos Robel,Biography,1965,6120907449548
tergiversatio tertius sapiente,Leonard Maggio III,Mystery,1989,5175046212797
adinventitias angustus allatus,Beulah Connelly,Fantasy,2014,6298040960667
carmen venio tredecim,Mr. Lance McClure,Romance,1977,4799524507888
facere alienus delego,Stella Stiedemann,Science Fiction,1991,5713654309392
deleo amissio despecto,Isabel Tromp,Non-Fiction,2018,6131898170219
ater advenio cribro,Mr. Juan Thompson DVM,Fiction,1999,3602328481831
avaritia talus sursum,Sophia Abernathy,Biography,1980,2660641789457
defero ullam dignissimos,Charles Wolff,Fiction,1980,8833683900522
verbera ulciscor tam,Sadie Krajcik,Biography,1959,5032021809821
carcer corrigo adiuvo,Mr. Dean Mills,Non-Fiction,2005,5905939294002
unde vestigium comminor,Colleen Keeling,Fiction,1999,3710430545890
consuasor tumultus valde,Betsy Orn,Fiction,1991,3636474784452
consequuntur laborum totam,Lynda Strosin,Romance,1950,1909879394687
curatio acervus alioqui,Doug Predovic,Thriller,1985,0448333089323
cui varietas creta,Yolanda Johns,Biography,1995,7871036338528
tot conservo abutor,Sherry Wolf-McKenzie,Romance,1953,8945873069011
amissio versus campana,Charles Pfannerstill,Biography,1989,6580078752698
demoror varietas illo,Audrey Predovic I,Fiction,1982,1216205802557
teres audeo alter,Dr. Margie Jacobi,Thriller,2022,7631963771315
avaritia repellat aeternus,Diana Lowe DDS,Thriller,2014,0761012516966
combibo solitudo necessitatibus,Merle Weissnat,Romance,1973,8763980112429
adsidue adicio confido,Gwen Glover,Fantasy,2007,4344659407368
doloribus excepturi tergeo,Clayton Cartwright,Biography,2008,0135467544873
verus callide aetas,Amelia Mayer,Science Fiction,2001,8092073281979
capitulus caries ustulo,Doris Steuber III,Fiction,1995,9331362904901
vergo talis angelus,Mr. Dwayne Stoltenberg,Thriller,2004,7530997230853
decens conqueror amita,Jennie Brekke,Romance,2007,2957634180344
celebrer demo damnatio,Ervin Gusikowski,Thriller,2015,3815020443608
cado hic alius,Salvatore Walter,Thriller,2003,4704470518552
articulus armarium ex,Roman Reinger,Fantasy,1972,8379050290990
ocer decretum casus,Phil Sanford,Science Fiction,1966,9976199993373
ascisco coadunatio minus,Lance Goyette I,Fiction,1956,2746181099604
delinquo chirographum verumtamen,Jackie Sauer,Fiction,1990,8436547016649
terga atavus recusandae,Herman Runte,Science Fiction,1961,6356931395319
pauci sunt thymum,Santiago Reynolds,Science Fiction,1995,7515447039962
curis substantia commodi,Guy Hills DVM,Mystery,1985,6765936778824
ultra dignissimos vergo,Cornelius Hermann,Non-Fiction,1963,9855883682897
accusator peccatus repellat,Olive Bernhard,Fiction,2009,6435058429951
ullus careo terga,Wade Jaskolski,Science Fiction,1964,8093120979018
ter torrens decerno,Roosevelt Altenwerth DVM,Fantasy,1987,2638972591042
concido curiositas ventito,Dr. Jean Stokes DDS,Fiction,2021,8203363299893
atrocitas aro vita,Derrick D'Amore Jr.,Thriller,1986,6558280826858
arbitro aspicio caveo,Mabel Ruecker,Non-Fiction,2012,3160873314762
blandior cunabula statua,Ernestine Lynch,Romance,1992,8976244268863
dolore subito tremo,Myrtle Weimann,Thriller,1956,2728321060202
benigne alo condico,Kendra Spinka,Biography,1973,3935836401206
tantum nisi vulnus,Allison Predovic,Fiction,1987,7210640176865
inflammatio celer vel,Misty Feest,Mystery,1959,5934933856414
speciosus repellendus suggero,Warren Keebler,Fantasy,2012,1729213587255
spes spargo vomer,Joan Wolff,Fantasy,2010,3116042777042
adinventitias tactus depulso,Earnest Lind,Non-Fiction,2009,2079362304540
averto ad surculus,Edith Lemke,Fiction,2017,5472175728839
suggero currus velum,Theodore Johns,Science Fiction,2011,7925659237342
bestia decimus tollo,Yolanda Auer,Non-Fiction,2018,7290234020450
vulgo tabella calco,Ted Price,Science Fiction,1966,9863551488338
autus conforto adficio,Randolph Hamill-Kreiger,Fantasy,1977,7618491669629
tredecim arcesso voluptate,Ms. Denise Crooks,Fantasy,1962,7480855072353
cognomen censura trans,Dr. Seth Wyman MD,Biography,1972,8788451510996
utrimque auctor xiphias,Mr. Trevor Jerde,Biography,2001,8749042172831
calco victoria cena,Dr. Cesar Jerde,Non-Fiction,2017,1279382820683
cervus eligendi adamo,Kurt Daugherty PhD,Fantasy,2025,1576711344059
umquam accusator adeptio,Brent Hamill,Biography,1996,9673201770475
absum arbustum stillicidium,Kathy Wehner,Non-Fiction,2019,0829778969018
ultio decumbo arma,Kari Yundt,Mystery,2023,4998924997854
uredo cuppedia numquam,Rick Dickinson MD,Fiction,2001,0843522136153
acerbitas ab quisquam,Jacquelyn Jacobs,Biography,1950,9560722579318
amo crebro tabesco,Jay Volkman,Mystery,2012,7725010922870
capitulus exercitationem viriliter,Arlene Wunsch,Non-Fiction,2003,4951954660254
amissio quod totam,Lela Jaskolski,Science Fiction,2014,8356099634302
tolero cupiditas dolor,Salvador Koch I,Science Fiction,2016,1492241633717
clementia sopor defaeco,Dr. Aubrey Pfeffer Jr.,Fiction,2004,9146383917574
vomito sint desidero,Douglas Larkin,Science Fiction,1986,7196734904036
auxilium volubilis pecus,Charlene Schoen,Science Fiction,1976,7438758715697
debeo excepturi deprecator,Hilda Runte MD,Fantasy,1992,1721970135662
clibanus caries consequatur,Stanley Kohler,Thriller,2014,2296589036653
ocer cumque curto,Julius Bogisich,Non-Fiction,2005,3926033977048
harum adiuvo accendo,Pam Fisher,Fiction,2005,8454673966493
aggero ceno summisse,Austin Gutkowski,Thriller,2002,7573663718662
pauper ipsa creber,Edmond Berge,Thriller,2012,5937557050888
accusantium coepi paulatim,Clyde Altenwerth MD,Science Fiction,1979,2727289266057
somnus ulciscor totidem,Faith Donnelly,Science Fiction,1987,1550574849281
brevis nam abstergo,Dr. Armando Wuckert,Mystery,1986,4386274212027
solio voluptatibus campana,Dr. Arturo Barrows,Fiction,2025,4849674460034
votum vilicus temptatio,Mr. Kenny Mitchell II,Biography,1991,4750097977160
credo arbor desolo,Clarence Moen-Kohler,Fiction,1958,7777778520070
caecus delectus ut,Jessie Mayer,Biography,2007,5925179285173
sollers acer capillus,Aubrey Heidenreich,Biography,1997,9443853960854
dolore nobis ter,Jamie Grady,Thriller,1984,2316724471872
cumque at dolor,Kelly Maggio,Romance,1978,1384381378854
amplus vester tres,Dora Graham,Romance,2003,1718769186187
terror nemo advenio,Ricky Bogisich,Science Fiction,2019,8751431669090
aetas terra comminor,Jesus Tromp,Thriller,2023,4641848365350
tutis conqueror confido,Blanche Daugherty,Biography,2020,8157814129276
torrens provident voco,Ruth Harber,Biography,1963,4994351790891
amor vulpes concedo,Georgia Zieme DVM,Fiction,1961,4830106938796
virga termes valeo,Joel Considine,Fantasy,1953,8337816555926
vapulus aro adeo,Hazel Hintz,Mystery,2024,4586060226439
sto coniecto ait,Dr. Tomas Lind-Orn,Romance,1962,4890311065365
est incidunt atqui,Tammy Price,Mystery,2001,4028322155595
candidus tunc ascisco,Dr. Kristi Walker V,Thriller,1961,9190854345870
aegrotatio auditor beatae,Santos Davis Jr.,Biography,1959,0163583588623
audentia asperiores summopere,Wilson Ernser,Science Fiction,2001,5723667814084
at tener talis,Dora Berge,Fiction,1984,0206216532933
ab tergo modi,Christie Ledner,Thriller,1953,4896836316295
neque deporto cognomen,Toni Mosciski,Romance,1990,0522642414704
certe tergum uter,Cameron Lueilwitz,Science Fiction,1969,4621878695888
vesica vulnero attollo,Edith Bailey,Thriller,1951,0221264651506
vito demum conicio,Max DuBuque,Biography,1976,5559821432341
amplus adhaero acidus,Al Hilpert,Biography,2019,4583961160043
adfectus trans viscus,Judy Jones,Thriller,1969,1534802392457
natus benigne tollo,Ana Schamberger,Romance,1955,2694174558120
coadunatio tempus cometes,Clara Reichel,Science Fiction,2025,0635208608431
vigor centum aegrotatio,Rogelio Mayert,Fantasy,2021,1568853727877
acer impedit statua,Melody Kulas Jr.,Thriller,1965,9855022339002
cubitum maiores atrocitas,Ida Casper,Romance,1977,6022272951413
sub charisma peccatus,Warren Schuster,Science Fiction,2020,9022743566734
tabella vapulus degenero,Sarah Torp Sr.,Non-Fiction,1997,5304048728400
utroque quos commemoro,Norma Greenfelder,Science Fiction,1959,5529159869516
eligendi quasi spiculum,Natasha Will,Romance,1996,6325918632005
totidem despecto deporto,Isaac Doyle,Thriller,2008,7786137697280
tribuo cuius turba,Hope Rodriguez,Romance,2006,9015868622629
adfectus absque accusator,Amy King,Romance,1987,8356611428261
stillicidium conservo nobis,Ms. Bobbie DuBuque,Fantasy,2023,3787091675209
desparatus ager utique,Jerome Bode,Mystery,1959,3299631017738
conitor depono auctor,Pam Balistreri,Science Fiction,2015,3679144018810
uredo eos combibo,Pamela Stiedemann,Biography,2004,6981715529279
pecco termes sumptus,Tony Christiansen,Thriller,1996,1463466862290
tumultus vorax combibo,Hattie Jerde,Romance,1986,6842378003077
adamo umerus amitto,Hubert Jaskolski,Thriller,1969,5464856682779
quas suscipit acer,Floyd Russel-Wilkinson,Fiction,1972,8368211554554
cattus arbustum dolorem,Joanne Hermann,Romance,2000,4640841860868
rerum enim cohors,Dr. Randy Swift,Biography,1998,6245612136743
atrox error defluo,Vernon Huel,Fantasy,2018,3406160674140
tertius libero adiuvo,Kerry Bayer,Mystery,1974,7669640993992
concido commodi conspergo,Melissa Lebsack,Biography,1978,1362580476971
surculus viriliter natus,Sarah Feest,Science Fiction,2018,3534752857755
natus tertius adhaero,Mr. Micheal Keebler-Spencer Sr.,Fantasy,1980,9310800091960
beatus uxor commodo,Guy McLaughlin,Science Fiction,1972,0708601963890
annus teres cibo,Homer Sipes,Thriller,1984,1151518806155
suffoco quo claudeo,Simon Stroman,Romance,1989,3847159367268
aspernatur decimus voro,Jenny Hirthe-Pfeffer,Fiction,1955,6517621882670
creo damnatio virgo,Dr. Melvin Romaguera,Fiction,1985,7827418078684
defleo creptio carmen,Janie Sporer,Science Fiction,1957,0008901068715
laborum infit commodo,Mr. Horace Nader,Science Fiction,2010,2626409319601
aperte clementia laborum,Lena Effertz,Fantasy,1978,0750615286655
villa antea aqua,Monique Klein DVM,Fantasy,2020,7168176492920
barba recusandae commemoro,Candice Dicki,Non-Fiction,1977,9936875775129
voluptates admitto dolore,Ms. Freda Koss,Romance,2010,3760864986642
ustulo deputo clarus,Grady Tremblay,Non-Fiction,1998,4591514626632
dolore cultura canto,Wilfred Ruecker,Biography,1971,0948770196228
utroque cuius minus,Ana O'Reilly,Mystery,2010,6281246430771
vitae aestus testimonium,Benny Lakin,Fiction,1993,9741838920097
cruciamentum conservo caelestis,Neal Jacobi,Romance,1993,3460707625007
vestrum doloribus vito,Amos Gerlach,Science Fiction,2002,8639504425418
traho adulescens ex,Samantha Stiedemann,Biography,1962,5967407432637
summopere condico copiose,Erma Keeling-Cremin,Biography,1955,0715040346444
cohors audacia sto,Elaine McKenzie,Science Fiction,2004,4185725148243
fuga summisse acceptus,Shelly Rowe,Science Fiction,2011,4328501208780
coaegresco crur desino,Alberto Volkman,Romance,1974,5923691308095
desolo possimus trepide,Victor Roob,Fiction,1963,2586451985739
solutio subnecto terror,Miss Dianne Koelpin,Thriller,2018,6783558201371
audentia occaecati supplanto,Kyle Beier,Science Fiction,1999,6647995335426
admitto convoco sperno,Sharon Murphy,Fiction,1971,7775416322809
facere patrocinor cupressus,Gertrude Doyle,Romance,1969,8861994974080
curis consectetur aequus,Guadalupe Wyman,Mystery,1979,1146701735432
anser verecundia nobis,Ken Lindgren,Fantasy,2014,0474620754333
labore accusator apud,Roger Hoeger,Fantasy,1958,5289042129847
baiulus adversus itaque,Johnny Hermiston,Non-Fiction,2021,5739173862872
brevis viriliter deinde,Marcus Jaskolski,Non-Fiction,1967,0534517186680
turba volva adficio,Dr. Keith Mitchell,Non-Fiction,2003,9936803907238
chirographum neque tamdiu,Kristen Orn,Mystery,2020,8688618032752
inventore derideo advenio,Esther Cummerata MD,Fiction,1989,7837616990273
asperiores tepidus ars,Vivian Hills,Mystery,1980,4917550533340
aptus tempus crux,Cameron Hodkiewicz,Fiction,1985,0604414289273
pecto statua stella,Ben Okuneva,Fiction,1961,5149389892941
curriculum desparatus desino,Darnell Bergnaum,Science Fiction,2013,6498847427278
tonsor caecus pauci,Christy Kihn,Fiction,1974,9025991351990
impedit coma damno,Eula Schuppe,Fiction,1987,0724825812049
cruciamentum vespillo talio,Leroy Crooks,Non-Fiction,2022,3188490843987
aperiam amo antiquus,Theresa West,Biography,1978,1073995311058
porro tempore arcesso,Alexander Pollich,Non-Fiction,2021,2590727292399
tutis velum comburo,Neil Pagac-Collier Jr.,Biography,1979,9684636263290
error dedico confero,Kerry Marvin,Science Fiction,2021,1126715629682
qui carus attollo,Mr. Darin Ortiz DVM,Fantasy,2018,5233633629548
facilis quibusdam exercitationem,Nadine Kutch,Thriller,1975,2758347779336
auditor tepesco adimpleo,Josh Witting,Fantasy,2009,9269316593827
tremo arx caterva,Roberta Wilkinson V,Non-Fiction,2024,5743012983007
quasi calcar sol,Devin Kutch,Romance,1979,6200107853609
cupio tero temptatio,Wade Altenwerth,Fiction,1988,7758153050874
adhuc supra commodo,Yvette Cummerata,Fiction,1993,3810289143028
vacuus rerum triduana,Melody Champlin,Non-Fiction,1953,9901147520174
cubicularis uberrime contigo,Neal Nader,Non-Fiction,2004,4071087405249
vado perspiciatis dolore,Marshall Marvin,Thriller,1955,5530689339347
ait talis paens,Mr. Rodolfo Schuster,Non-Fiction,1961,9956420347879
sub consectetur odio,Doyle Heller,Fantasy,2010,9069430969568
artificiose amissio sapiente,Gerald Koch,Thriller,1977,1225851675134
pectus omnis fugit,Marie Marquardt,Fantasy,1963,5544262622567
thermae tutamen quisquam,Rene Cremin,Thriller,2001,0849212465172
sint suggero aggero,Sophie Homenick,Mystery,1970,1478972722632
correptius crur vergo,George O'Kon,Romance,1966,7324178297422
conturbo terga conduco,Melanie Mayer,Science Fiction,1993,2923791648697
non ea velociter,Heidi Skiles,Non-Fiction,2013,2913932103704
suasoria veritas tergeo,Rick Casper,Non-Fiction,1990,0403289081191
vergo statim aliqua,Leona Oberbrunner,Biography,1959,4015621077469
substantia verecundia vereor,Myron Haag,Biography,1981,3951493338368
aggero volo cometes,Horace Kozey DDS,Mystery,1977,2459645732500
decet ante virgo,Rufus Fahey,Non-Fiction,1984,2594570782513
teres bestia claro,Cecilia Konopelski,Science Fiction,1998,5851110257790
temeritas coadunatio universe,Mindy Anderson,Fantasy,1961,9037509228035
adeptio viduo atrocitas,Regina Hyatt,Fantasy,1951,6725524236570
vaco delectatio constans,Viola Lind,Thriller,1960,4025876003597
quam crur sodalitas,Glen Dietrich,Science Fiction,2011,0196264880094
laboriosam somnus adaugeo,Jenny Ziemann,Non-Fiction,2023,7165704656935
decumbo optio virga,Tonya Cormier,Fiction,1967,5519981641364
voluntarius strenuus cervus,Dr. Diana Gusikowski Sr.,Thriller,1996,4456959134689
solutio alveus aro,Rosalie Kautzer,Non-Fiction,1958,4655343301298
claro vinco cito,Sheri Hackett,Thriller,2010,0534595438396
distinctio cubicularis cado,Doreen Waters,Fantasy,1953,8617258919414
corpus commodo thermae,Annette Cole,Fiction,1957,3413077114271
sum corona casus,Bridget Marvin,Science Fiction,2014,9399023353368
cado cenaculum audeo,Calvin Schuppe,Mystery,1966,3617495527699
texo clam vulariter,Eloise Weimann DDS,Biography,1977,7623647761402
vinum abbas audeo,Reginald Weimann,Non-Fiction,1972,1169815472359
timidus antepono utor,Nancy Schamberger,Non-Fiction,2019,1686882172701
vito deorsum cenaculum,Roberto Schneider,Fiction,1960,9274106754859
audeo pauci terga,Carmen Wolf III,Romance,1964,5698196929968
bardus ter decipio,Sally Kertzmann,Biography,1985,9068970656355
volva cervus audacia,Timothy Wolf,Thriller,1951,3421966412133
incidunt utrimque damno,Rickey Kemmer,Science Fiction,1973,3039339137631
alo quo terebro,Rick Goldner,Biography,2011,3238340903419
non consuasor demergo,Preston Hagenes,Science Fiction,1950,1623558973425
nostrum nostrum sollicito,Stacey Herzog,Fiction,1979,8550088936935
porro quaerat assentator,Penny Upton,Mystery,1984,7820303254722
tabula harum illo,Kendra Dooley,Romance,2020,8707800617667
adsuesco viridis summopere,Miss Lee Kessler,Biography,1998,7254152989354
depopulo laudantium vulariter,Amanda Bradtke,Biography,1974,5999584928946
sursum crebro crapula,Eula Gerlach,Biography,1981,7092729748609
aeneus turpis nam,Derek Denesik,Fiction,1959,6555770197228
appositus aurum depromo,Roman Von MD,Fantasy,1991,4537802245949
depopulo convoco accedo,Jermaine Jaskolski,Fantasy,2022,8953926271778
aggero sui umerus,Kathleen Kunze,Romance,2013,2649010502636
reprehenderit aut sapiente,Muriel Koelpin,Fantasy,1969,4114501895484
ea eius assumenda,Ms. Eloise Metz,Romance,1952,8154143135125
tantillus numquam amicitia,Henry Ferry,Fantasy,2007,3252735457193
ventus textus defluo,Rick Schinner,Science Fiction,1962,3367250862716
vehemens asper demo,Ian Collins,Science Fiction,1961,5888061090082
facilis tabesco cunctatio,Jody McKenzie,Fantasy,2003,3120606355923
sursum aiunt derideo,Dianne Kunze II,Science Fiction,1982,1792768350073
verumtamen caries custodia,Jack Ritchie,Thriller,1979,8199878454582
verus carmen vulariter,Robin Aufderhar,Non-Fiction,1964,4265025084770
depono curvo censura,Elena Gerhold,Fantasy,1973,5460219308984
assumenda magni cervus,Antonia Boehm,Biography,2000,5345200665751
vestrum illo arcus,Brooke Durgan,Science Fiction,1958,5991201816895
callide arbitro cibus,Michelle Jast,Thriller,1968,6801637014806
copia velum adamo,Beth Hayes III,Romance,1957,6103636791316
aeneus beatae cado,Terry Jaskolski IV,Science Fiction,1984,2544750905986
sophismata annus ait,Rodolfo Conroy,Romance,2023,9866249239498
suggero allatus patior,Mr. Leon Murazik,Biography,1951,6304794054624
aiunt voco solio,Wilfred Thompson,Thriller,2019,6419785663316
iusto celo asper,Clayton Keeling,Thriller,1975,3581517761313
civitas cupiditas utrimque,Mark Schaden,Romance,1952,4170760058081
aequitas ducimus aggredior,Justin Feeney I,Science Fiction,1957,1559938654920
usus spoliatio vapulus,Mr. Jason Von-Kohler,Fiction,1959,8250833816234
denuo quis nemo,Jared Hessel DDS,Fiction,1970,4298662217165
sublime pel stips,Mrs. Lorraine Quitzon,Non-Fiction,1960,5104602723548
dedico vesica cilicium,Elvira Feest,Fiction,1967,0264944321080
arcesso creo abduco,Miss Pauline Rice-Konopelski,Biography,1970,5966130962986
theatrum asperiores repellat,Faye Hettinger,Fantasy,2004,7641832843784
correptius atqui consequatur,Monique Koelpin,Romance,2024,0641781945645
concedo valetudo arma,Joel Lynch,Romance,1992,0556326163137
comptus adsidue cunctatio,Max Emmerich,Fantasy,2024,1514137696652
decerno alveus cimentarius,Marlene Lockman,Science Fiction,1978,8346249763693
cogo tribuo collum,Jessie Beahan,Mystery,2016,5566221326443
consequatur adstringo ustilo,Roosevelt Sipes,Fantasy,2010,9883268307673
cometes absque stipes,Ora Auer I,Mystery,1979,7501570539909
termes coma quae,Lynne Homenick-Rippin,Non-Fiction,1988,0610769965366
verbera terreo textus,Catherine Hoeger III,Science Fiction,1965,7893758047609
tepidus cibus adaugeo,Charlotte Deckow,Thriller,1962,9539690314809
tutamen cubo depono,Dr. Angel Ernser,Biography,1996,9792749383090
vitium texo aestivus,Glen Okuneva,Science Fiction,2002,5021923491865
sonitus repellat volva,Patti Hudson IV,Fiction,1971,4526253411738
vilicus admoneo audacia,Cecil Schinner,Mystery,1958,4713823989926
exercitationem strenuus centum,Miss Karla Pollich,Fantasy,1969,0187397549706
crebro suggero molestiae,Abraham Kovacek DVM,Biography,1979,3626363434194
vinco verumtamen usus,Earnest Walker,Fantasy,1957,3032237507514
tibi cursim ventus,Janis Aufderhar II,Non-Fiction,1952,4870125827750
utrimque vesica est,Claude Mraz,Non-Fiction,2014,2231114962752
copia aeternus spoliatio,Nick Schiller,Fiction,2010,1709075580137
vitiosus toties torqueo,Jeffery Bednar,Romance,1979,3840366248281
dapifer vulticulus quo,Ginger Hand,Romance,2018,8032798721565
certe volubilis delinquo,Alton Tromp V,Science Fiction,1972,9942501860785
decerno abstergo cariosus,Leah Aufderhar III,Thriller,1966,8798192453457
libero succurro thermae,Tammy Langosh,Mystery,1990,6723310299332
demitto tutis causa,Ella Bednar,Mystery,2004,5337023289987
modi aut vulticulus,Miss Olga Nienow V,Fiction,2019,8482053433528
vinculum officiis videlicet,Anna Cartwright,Biography,1994,8775332389761
thorax depereo tutis,Nathaniel Konopelski,Fantasy,2009,9603543358697
ager sursum umerus,Della Ebert DDS,Non-Fiction,1995,1950345341866
acsi sollers solutio,Heidi Schinner,Biography,2009,6847097974583
cupressus ullam vito,Casey Murphy,Fantasy,2021,2713308628957
non sono ambitus,Willis Hoeger,Science Fiction,1981,0751713139047
torqueo suggero callide,Clifton Haag IV,Non-Fiction,1997,8431085359613
bestia vir infit,Alexis Blanda Sr.,Biography,1973,0705523495111
clamo depraedor depono,Christy Crona,Biography,2017,3488889719244
thermae thorax quis,Clark Lowe,Fantasy,1988,5948200076652
voluptatem apud debitis,Louise Reilly,Romance,2019,9559723636706
ad culpo adfectus,Grant Renner-Zulauf,Romance,2024,0262808775507
cubitum barba ait,Chris Rosenbaum,Biography,2005,4491617428114
vere caelum dolore,Mrs. Stella Romaguera,Thriller,2006,0703955620352
nesciunt corrigo argumentum,Daryl Doyle,Science Fiction,2009,1230850791266
amplitudo cunae maiores,Angel Collier,Biography,2023,4005202713191
ulciscor contra soluta,Byron Goodwin,Fantasy,1984,2199558444385
admiratio ulterius sapiente,Irene Schowalter,Mystery,1975,0509554119608
attonbitus ante verus,Mr. Sylvester Grady,Fiction,1957,1766150883569
venia conspergo turpis,Dr. Alicia Nienow,Romance,2013,0822688603908
benevolentia cumque attollo,Terrance Balistreri,Fiction,2009,9558054961773
adduco studio umbra,Arnold Ankunding DDS,Romance,1958,6400524692443
defetiscor venustas ventito,Dominick Wolf,Non-Fiction,1996,4625565411500
itaque tersus vitiosus,Irving Beahan,Thriller,2021,9239516927897
torqueo bardus sumo,Gerard Graham,Thriller,2019,0337971521784
tribuo admiratio comburo,Casey Bailey,Mystery,1984,1979899191589
subnecto tumultus atrox,Conrad Crist,Biography,1980,9765178915264
saepe ventito audeo,Suzanne Haley,Science Fiction,2019,3158354913361
thymum utrimque utilis,Arthur Bogisich-Trantow,Non-Fiction,1999,9820516516713
debitis benevolentia spiritus,Darryl Stokes,Romance,1957,6337937250884
demum cupressus derelinquo,Malcolm Fisher,Fantasy,1957,2775289116572
celo clam deinde,Dr. Michael Schimmel,Science Fiction,1954,6789813481880
contego ceno volubilis,Mario Kemmer,Biography,1990,3108729867111
optio amet admiratio,Antoinette Bailey,Thriller,2008,9183831051589
adsum velum voco,Larry Jenkins-Wilderman,Non-Fiction,1996,1228579689246
tenus tui annus,Carl Schuppe,Non-Fiction,1979,2483357149314
tersus cito arbitro,Diane Hauck,Non-Fiction,1977,0989295134112
clam pecco corroboro,Lillian Berge,Mystery,1953,0604928034660
ante villa totus,Charlene Maggio,Fiction,2002,7023232128562
cupio verus textilis,Dale Buckridge,Biography,2010,9370541139290
volutabrum vae uxor,Viola Kling,Mystery,1969,5996446284376
tubineus contego absque,Sherman Jast-Prohaska,Thriller,1967,3619329024020
admoneo defessus bellicus,Angelina Block,Mystery,2019,4295142926458
aufero caritas non,Miss Shawna Bergstrom DVM,Biography,2011,0337626368726
architecto provident sumptus,Eunice Spencer,Mystery,1951,5067897821871
cura conqueror condico,Phyllis Goldner III,Fantasy,2015,2757211650156
blandior admoneo tempore,Vincent Bahringer,Science Fiction,1951,5314441379716
coaegresco appello rerum,Kay Stoltenberg Sr.,Non-Fiction,2016,9187370147830
tumultus sonitus toties,Emma Langworth,Romance,1951,3966407919506
antea arguo arcesso,Moses Wolff,Fantasy,2017,8318809151870
amor attonbitus ver,Jeanette Jacobi,Fantasy,1985,6969839051937
virga audentia beatae,Myrtle Pouros,Romance,2020,2216310881070
deleo depopulo debilito,Miss Christie Zulauf,Biography,1957,1242046698427
deorsum decerno demonstro,Anna Gislason,Romance,1980,6860179530336
esse campana decimus,Patricia Roberts II,Science Fiction,2013,2242941483931
adfero qui civitas,Jennie Hackett,Non-Fiction,2004,6569763895823
currus decor balbus,Martha Bins,Fiction,1994,2824233871793
theatrum vulticulus celebrer,Wendell Torp,Biography,1957,3576063633729
abbas avaritia illum,Cary Sipes,Fiction,1959,3003608144337
corporis suffragium comprehendo,Sandra Trantow,Biography,2003,5832245597118
contabesco desparatus exercitationem,Miranda Gislason V,Fiction,1991,1398905957376
aliqua assumenda illum,Theodore Koss-Schamberger,Science Fiction,1958,1965664639600
contego quisquam nemo,Joanne Abshire,Science Fiction,1978,8319432710522
ad placeat adulatio,Leroy Fritsch,Thriller,1965,6755160652585
comitatus tametsi repellendus,Dianna Weber,Fantasy,1982,0382193812473
vigor considero cribro,Carol Aufderhar,Romance,1952,2943357696941
brevis absens alveus,Louise Lowe-Marquardt,Non-Fiction,2022,1372962076049
cohibeo cunabula iure,Francis Borer,Biography,1954,4994762151246
dicta patruus comitatus,Louis Hartmann,Fiction,1964,8326717126955
natus beatus conscendo,Simon Goldner,Fantasy,1953,2222205288472
acsi tabernus angulus,Gordon Boyer,Romance,1975,0885432254284
est textor enim,Luther Farrell-Von,Science Fiction,1951,4490895376223
despecto sperno viscus,Miss Felicia Parisian,Science Fiction,2022,7154288991844
totam thermae patria,Crystal Hansen-Feil,Romance,2025,3052242130851
campana decipio cultura,Ronnie Leffler,Thriller,1976,3596602870839
tyrannus cauda bellum,Yolanda Thiel,Fiction,2009,9469377433179
tantillus cattus crebro,Guadalupe Cremin,Mystery,1954,5801682956169
adopto una cunctatio,Becky Emmerich,Fantasy,1997,9225277616892
vindico cur depraedor,Fred Ryan PhD,Science Fiction,1969,9786541318406
apud ullus vel,Marlon Lehner DVM,Science Fiction,2006,2234014377955
condico inventore debeo,Mrs. Lorraine Gislason PhD,Fantasy,2022,5912015470113
comburo caste charisma,Rosemarie Kuphal,Science Fiction,1988,1097140224251
arcus amo turba,Darrell Conn,Mystery,2006,6101655520776
vado sortitus tabgo,Mr. Phillip Aufderhar,Fantasy,1999,5391435362029
ambulo crastinus supplanto,Mrs. Stella Hegmann,Romance,1994,9812189422903
audentia arceo advenio,Wilbert Nienow,Fiction,2019,2644684238839
harum ancilla quasi,Jordan Hartmann,Biography,1968,4613440785013
solum cornu viridis,Betsy Mante,Romance,1955,7017281242434
vobis comedo titulus,Juana Quitzon,Science Fiction,1956,8141684755250
reiciendis exercitationem calamitas,Luther Waters,Non-Fiction,1987,1959993820195
odit tardus dapifer,Marie Nikolaus,Science Fiction,1952,4924060873679
explicabo fugit copiose,Ann Jakubowski,Science Fiction,1998,4219997159773
demonstro omnis verto,Jackie Witting,Mystery,2018,9711584724988
adeo voluptatibus apostolus,Dr. Ramiro Marvin,Fiction,1966,5820862598259
vaco pectus cibo,Marion Barrows,Non-Fiction,1963,6886814100942
careo solitudo decimus,Salvador Friesen,Biography,1969,2407362125989
dolor explicabo aurum,Charlotte Zulauf,Mystery,2004,9868123590991
doloremque totidem volo,Thomas Marvin III,Mystery,1967,5712286320445
rerum apud totus,Adrienne Emmerich,Biography,2025,5979107637042
summa vicinus amoveo,Veronica Sipes,Romance,2010,1079292287939
certe desparatus sponte,Robin Walker,Mystery,1953,9191986774063
aiunt autem sum,Latoya Mohr,Thriller,1952,5695341935138
tollo talus pecto,Emily Kuhlman,Biography,1959,5566740684657
correptius subvenio vaco,Mr. Ricky Ortiz,Mystery,2009,0165932860867
capio arcus comprehendo,Dr. Whitney Rice,Thriller,1975,5046907963690
vitium audeo calculus,Jaime Legros Sr.,Fiction,2019,4971922359154
tripudio exercitationem urbs,Marie Maggio,Biography,1973,9535346068666
vilis sodalitas nisi,Lee Marvin,Fantasy,1961,9154675341788
aestas brevis averto,Elizabeth Ryan,Thriller,1997,7294648903495
spiritus sit toties,Hugo Larson,Fantasy,1994,1662622483884
atrox ut terreo,Miss Tina Corkery,Science Fiction,1974,9048334662793
cavus molestias tamisium,Vicki Huel,Romance,1973,8938035894951
synagoga canonicus celebrer,Laurie Bergstrom,Mystery,1956,5651065036838
unus laborum sum,Taylor Lesch,Biography,2008,0059632601740
acerbitas patior arca,Larry Labadie,Romance,2015,1051917517523
delego carbo centum,Tasha Pagac,Science Fiction,1958,5976302528301
curto conatus laboriosam,Melinda Mueller,Romance,1995,4382302934601
ante repellendus demulceo,Eleanor Howe,Fantasy,1955,5328670086266
cultellus dolorum caterva,Miss Elisa King,Fiction,1996,5760157350964
adicio spero arma,Ada Connelly PhD,Romance,1960,2782569166137
asperiores vere calco,Dr. Derek Kihn,Science Fiction,1975,0244432253003
consequatur quaerat solio,Amanda Herzog,Romance,2020,1064826420324
illum facilis aegre,Dwayne Bailey IV,Science Fiction,1971,9179984258093
arbustum curriculum tamisium,Brent Gleichner,Mystery,2012,1281649628936
turba deripio distinctio,Amy Ritchie,Fiction,2000,9963354218876
officia coadunatio abstergo,Dr. Carlos Gottlieb,Science Fiction,1995,6055036387448
aveho teres vae,Candace Johnston-Ziemann,Biography,1991,1385083130650
dolor conduco tempora,Stephen Orn,Romance,1982,9148350957801
voro spargo apparatus,Virginia Goldner,Biography,1964,0201082328467
absconditus saepe absque,Jerome Kutch V,Biography,1982,2338111738249
quisquam taceo ea,Karen Lebsack,Biography,1999,9722585021488
contego barba spero,Dr. Cameron Gleason Jr.,Thriller,1956,3916283491633
absorbeo curia thermae,Sabrina Shanahan,Fantasy,1967,0055479709323
cursim tum theatrum,Clifford Schmitt-Hackett,Romance,2004,6044014627261
vir strues chirographum,Ted Brakus,Non-Fiction,2025,7478226786132
villa sublime textus,Rodney Graham,Biography,2014,5819185297818
fugiat eligendi cultellus,Ada Emmerich,Fiction,1969,4311176274369
molestiae a dicta,Alvin Prosacco,Fiction,1957,5576198221488
volup vere peccatus,Corey Hane-Feeney,Romance,1996,7398858061418
ipsum blanditiis adfero,Sonja Jast-Kshlerin,Non-Fiction,1981,9524584279702
soluta correptius baiulus,Bryant Marks,Fiction,1969,9621862113296
cogito tamisium rem,Helen Blanda,Biography,2018,9556499798497
odit ex tepidus,Jennie Nolan,Fiction,1968,9498150636991
aufero assentator doloremque,Janice Skiles,Fantasy,1965,5659226685709
civitas vulgo surgo,Miss Nichole Wisoky,Thriller,1953,9967856086234
corporis libero labore,Ramona Quitzon,Science Fiction,1959,9424427955043
viridis surculus necessitatibus,Mr. Sheldon Mante,Thriller,2006,4375383773374
vehemens crebro laboriosam,Allison O'Kon,Mystery,1954,9538971935643
iure viriliter villa,Angelo Schroeder,Fiction,2010,1423042117142
decor bis arceo,Dale Hodkiewicz,Fiction,1954,7744653058318
animadverto colligo cogito,Joanne Johnston,Mystery,1957,0558845448820
explicabo tabernus triumphus,Kim Lueilwitz,Non-Fiction,1958,4518211589381
stillicidium totam provident,Anita Crona,Non-Fiction,2001,4214843677245
corrumpo tollo defleo,Julia Mayert,Non-Fiction,1956,6007887410484
ascisco paulatim creber,Edgar Lynch,Biography,1980,6594551223773
campana cras vomica,Joanna Smith,Fiction,2002,4678077548844
termes timidus comes,Ms. Bobbie Powlowski V,Science Fiction,1954,8146377894701
conforto decens acerbitas,Miss Rita Powlowski,Romance,2012,1932089621542
blanditiis auxilium depereo,Elena McKenzie,Fantasy,1958,7438429815193
vox comedo a,Victoria Kuhic,Mystery,1995,4319482997442
possimus conqueror thema,Javier Ullrich MD,Science Fiction,1965,4166204720024
aliquid amplexus cito,Melvin Franey,Fantasy,1964,9910204671922
aranea allatus defleo,Valerie Carroll MD,Thriller,1962,9469946380846
urbanus sperno victoria,Josh Schmeler,Thriller,2001,1690005404608
amplexus verus bardus,Neil Dietrich,Fiction,1996,8235977258056
accusamus venia amita,Alberto Bruen PhD,Thriller,1965,3989885008532
sol rerum virtus,Maureen Howe,Thriller,1972,2585978035176
deporto veritatis cohibeo,Ken Balistreri,Biography,1961,5587976109577
ante laborum laboriosam,Carmen Rodriguez,Mystery,1993,2645927639485
abscido tabella fugit,Dorothy Metz,Non-Fiction,1966,5946359039167
alter baiulus angustus,Jaime Marquardt Jr.,Biography,2012,4285461927504
comparo damnatio cometes,Mrs. Sylvia Buckridge,Biography,2023,9847997462593
vitiosus vito pecto,Mr. Nelson Prosacco IV,Romance,1985,5399245430602
alienus dapifer amiculum,Dr. Nicolas Pfeffer III,Thriller,1951,5176337531297
culpa deleniti voluptates,Trevor Mante,Mystery,1978,4332558295956
trans tui compello,Beth Bernhard,Non-Fiction,2023,7813091524401
dolore delectus tendo,Ms. Carrie Marquardt,Science Fiction,2012,0199932422123
abeo nam abbas,Clifford Ankunding,Science Fiction,1969,2942531305909
caute derelinquo necessitatibus,Morris Bechtelar,Biography,1969,0312717690292
depereo aliqua paens,Carroll Jacobson,Fiction,2012,8127161792025
reiciendis atrocitas censura,Franklin Ullrich-Wilderman,Fantasy,1995,7814740680423
cotidie cupressus voluntarius,Chris Willms,Science Fiction,1956,7418308277568
ante inventore auxilium,Miriam Cummerata,Fiction,1996,6559949774384
thymum earum hic,Leslie Bogan,Fantasy,2022,1413859204890
non nihil cotidie,Miss Krista Bechtelar,Non-Fiction,2013,1195897299173
verumtamen amoveo callide,Misty Lockman,Biography,1979,2706894202955
quo adamo vaco,David Simonis,Fiction,1955,1355524635356
aro provident velum,Lena Padberg,Thriller,1965,3024519135994
confido ceno aqua,Casey Prosacco,Mystery,1960,2821024154683
compello alveus adsuesco,Kellie Erdman IV,Biography,2025,0768388127496
deorsum depraedor conspergo,Cary Marvin,Fiction,2015,2438969602917
magnam amplitudo rerum,Stephanie Hettinger Jr.,Science Fiction,1999,9501617331326
adficio coaegresco ipsum,Marshall Weimann DDS,Mystery,1971,0622622428099
acerbitas sponte cunae,Sandy Connelly,Science Fiction,1986,2803398778914
artificiose recusandae credo,Essie Bednar,Science Fiction,2017,2938888585494
contabesco pauper admitto,Dan Rutherford,Thriller,2011,1684554085913
animadverto ducimus repellendus,Gwendolyn Rosenbaum-Morar,Fiction,2021,8144574309833
quisquam amitto ventosus,Pedro Dibbert,Romance,2007,6878386513638
complectus cresco sol,Krystal Reinger,Thriller,1992,2013536991174
balbus vulnus barba,Mitchell Smitham,Thriller,1979,2397650950148
constans aequus laudantium,Lena Feest,Fiction,2017,1110495579827
ullam brevis crudelis,Carla Hickle,Thriller,1970,2299101535691
ceno ademptio cogito,Harriet Gorczany,Romance,1998,0688286854657
cibo vulgo quidem,George Hilll,Biography,1968,6565365529261
turpis curia ulciscor,Maxine Bauch,Thriller,1977,2386833068081
adflicto clam cursus,Virginia Balistreri,Biography,2015,4035598505076
magni cerno coerceo,Anne Kautzer,Romance,2013,9061604805142
thema solio verumtamen,Maggie Oberbrunner,Science Fiction,1975,3725535960840
delectus undique laudantium,Cora Ruecker,Biography,1970,6215661192555
suppellex ventito turba,Darrell Orn,Romance,1958,3400969973273
ver curo aperio,Billy Kerluke,Mystery,1989,3467287537549
decor curatio surculus,Paula Wyman,Fiction,1980,0145492017075
teneo ara utique,Danielle Leffler,Romance,1953,6316424619087
eligendi ante solutio,Dean Crooks,Science Fiction,1956,1664886458767
provident cupressus aeneus,Mr. Armando Harber-O'Conner,Biography,2014,1397359495082
altus aspernatur tempore,Max Wolf,Thriller,1973,7821604541935
vos succurro sulum,Mrs. Jennie Graham,Mystery,2024,8366037839828
decimus antepono celebrer,Celia Bahringer,Fiction,2002,8806703156682
quam sordeo ut,Roland Beatty,Mystery,2003,2397462909522
templum solio cuius,Whitney Goodwin,Romance,2000,6378349863075
alias avaritia commodo,Ora Rosenbaum,Biography,2024,6697689967131
sortitus suadeo cultellus,Robin Mills,Fiction,2023,8574821251519
possimus baiulus atrocitas,Marshall Connelly,Fantasy,1994,6402710660363
tot hic sum,Wanda Barton,Biography,1970,4913281877533
solitudo aperio charisma,Sonia Jacobson,Fiction,2009,8128847586060
cimentarius aqua vicissitudo,Tara Schiller,Fiction,2021,8908225855118
adsuesco rem subvenio,Dr. Jerald Waters,Thriller,1965,6022929103816
odio vulgus corona,Luther Weber I,Thriller,1968,0123932186285
umbra trado virtus,Bill Hudson Sr.,Romance,1983,0821699850012
defleo corrupti solvo,Theodore Reichel,Thriller,2017,6093252517737
tabella administratio demens,Clarence Brakus,Biography,1953,5455225439969
magni mollitia stips,Betty Mayer,Mystery,1958,0921111877075
condico apud veniam,Connie Doyle,Biography,1991,6992141628018
adimpleo totam certus,Noah Mante,Fiction,1983,6848844536717
tristis damnatio autus,Gary Zieme,Fiction,1967,6000738184668
audacia demum collum,Martha Gutkowski,Thriller,1978,5346247530046
ipsum astrum decerno,Margaret Ferry,Fiction,1955,1310589334023
vinum itaque decipio,Fannie Schmidt,Mystery,2011,3527493940983
ater decens natus,Dianna Herzog,Mystery,1996,5605644965502
ago cupiditas aliquid,Josefina O'Kon,Fiction,1965,6895621663003
cubo conforto civis,Felicia Champlin,Fantasy,1957,8295350662781
pariatur victoria uxor,Christina Larkin,Fantasy,2002,6463015113254
amissio virtus complectus,Wendy Schroeder,Mystery,2010,2161147829329
decretum conforto depulso,Darrin Cronin,Biography,1988,7443111837747
alveus sollicito volo,Pat Lynch,Non-Fiction,1963,0341918159518
curis demoror vito,Nora Casper,Romance,1958,9086644713031
calculus verbera illo,Ms. Vera Gleichner,Science Fiction,2019,7752778304435
condico certus utor,Sherry Reynolds,Science Fiction,1995,4460524316176
demum tamen complectus,Beverly Rodriguez IV,Science Fiction,1981,8261664237265
tertius succurro appello,Daniel Friesen,Biography,1975,3666707530235
vilitas cibus repellendus,Kim Weber,Fantasy,1975,5215863827018
absque approbo termes,Dr. Tyrone Carroll,Thriller,1958,7434486291364
vespillo tripudio arbustum,Ray O'Connell Jr.,Science Fiction,1958,0992187238670
ago terminatio aspicio,Bradford Schinner,Thriller,1969,3187969301555
adipiscor strenuus defessus,Deborah O'Hara,Mystery,1990,0988351368213
votum uterque caute,Sue Steuber,Non-Fiction,2005,9416125992735
ascit solitudo apto,Andrea Stanton,Fantasy,1991,1236279873509
cribro cupiditas vulnero,Betty Goldner,Biography,2001,6910405364734
cornu tremo cerno,Karla Maggio,Fantasy,1991,5150279257251
cubo artificiose curatio,Priscilla Upton-Leuschke IV,Biography,1977,7635924170190
advoco curriculum crapula,Elizabeth Sanford,Fantasy,1984,3832374571229
comburo articulus sophismata,Blanche Stanton,Non-Fiction,2023,2969737815781
talus coma tonsor,Jessica Dibbert,Romance,1960,4416966214708
tripudio angulus theca,Lynn Reinger-Farrell,Fiction,1983,3443127864600
abeo quas demonstro,Ms. Carrie Mitchell-Crist,Romance,2008,3991083581152
taedium statim cura,Cheryl VonRueden,Fantasy,2005,0039864721101
ipsum ipsa hic,Dr. Kurt Kilback,Mystery,1954,1914430021284
sequi maiores suffoco,Stewart Olson,Science Fiction,2004,8611851236032
cursim decet bellum,Colleen Dooley-Buckridge,Romance,1996,9416401947470
totam damnatio audacia,Jim Fadel,Fiction,2003,6148526570695
deserunt tabesco arto,Harvey Lesch,Fiction,1978,1195462867252
temporibus degusto catena,Dr. Stella Kris,Mystery,1953,4285966742075
administratio desparatus necessitatibus,Leon Kreiger II,Romance,1961,3513726059838
terra amplexus tutamen,Gerardo Lindgren,Non-Fiction,1959,0400000394274
enim cruentus defluo,Jeanette Cole,Biography,1969,8789351552788
trucido crapula occaecati,Mrs. Geneva Mueller,Romance,1970,6675092964216
tabernus capio balbus,Tyler Beer,Biography,2002,9732413767739
alius communis sordeo,Kevin Bins,Fiction,2008,0941209322757
decor officiis depono,Rudy Okuneva,Mystery,2010,3126771931754
umbra adopto ratione,Kara Denesik,Romance,1998,0873363412514
turbo sub astrum,Jean Hilpert,Fiction,1968,9743091911889
creator casso vel,Philip Koch,Fantasy,1950,7894027667932
tremo cum deprecator,Jean Abernathy,Thriller,2016,7939268329433
virgo collum magnam,Dr. Gene Gibson,Fiction,1959,4911305541128
capto vilitas verbum,Duane Kertzmann,Biography,1988,6043316059147
damnatio astrum absque,Arnold Bailey,Fiction,1961,9307679550356
blandior temeritas vulgaris,Antonia Tillman,Biography,2000,7884021572865
suppono ventito vilis,Elmer Wyman,Thriller,1982,0700833297705
sponte absconditus turbo,Salvatore Hahn,Fantasy,1962,8891954354763
abeo est cubo,Marie Dicki,Fiction,1952,5549431628001
aperiam ab vulgus,Lorraine Barton,Fantasy,1955,6523218368196
viridis advoco tot,Holly Hermiston,Biography,2018,7532705199016
aestivus accusator bibo,Angie Wilderman,Science Fiction,1951,8799594655354
tumultus cavus acies,Violet Cartwright,Non-Fiction,2001,2059481847136
ultio cibus approbo,Thomas DuBuque DDS,Thriller,2011,6436841906107
vulgo culpa tardus,Gabriel Armstrong,Biography,1968,3200909791809
perspiciatis armarium condico,Nancy Roberts-Corwin,Fantasy,1996,2285836968350
una carcer validus,Mr. Taylor Armstrong,Fantasy,1975,2610197356001
addo cunctatio combibo,Bernice Braun,Biography,1986,3915671844172
vos solium clementia,Andrea Durgan I,Mystery,1960,2351674138350
ipsum solium cunctatio,Mr. Jerry Ortiz,Fantasy,1951,2714653861654
vel crebro arto,Violet Schumm,Non-Fiction,1968,1504760688121
utroque curiositas cunctatio,Luz Mante,Romance,1970,0536428675469
alioqui adopto thorax,Julius Lehner,Biography,2011,2925243453781
subito victus ad,Yvonne Okuneva,Mystery,1967,1818068807193
audentia crastinus vetus,Mr. Bradford Jacobson,Fantasy,2008,8708472201264
spiculum culpo vilicus,Ethel Feest,Thriller,2024,8296245505205
solutio cura agnosco,Israel Fisher,Non-Fiction,1996,1682759409541
peior numquam conscendo,Alma Marquardt,Fantasy,2016,0851706315330
laudantium provident amicitia,Olive Schamberger,Romance,1973,3828710338489
consectetur crebro cicuta,Wesley Metz I,Biography,2005,1634005743353
vado volup delinquo,Sheila Kutch,Fantasy,2016,3627903032388
ascisco suscipio speculum,Thomas Dickinson,Mystery,1986,6775676532153
cinis cunctatio caelestis,Jessica Barton PhD,Thriller,1983,1951061930473
copiose undique capillus,Ms. Tasha Rempel,Non-Fiction,2022,8805834108298
arcesso volva amet,Alberta Mertz,Romance,1978,9744703197760
tabesco nesciunt aiunt,Harvey Stiedemann,Science Fiction,2009,3184126025782
adsum claustrum temporibus,Miss Crystal Bahringer II,Mystery,2015,9714865725660
atrox derideo talus,Sophia Kuhlman,Romance,1994,6427775515088
utpote incidunt tonsor,Antonia Heathcote Jr.,Mystery,1977,2973236980934
eveniet quod defluo,Jeff Hills-Hayes,Biography,2008,1021546658340
causa utique curo,Chester McCullough,Fantasy,2025,3132646549665
tracto bis amplexus,Alma McCullough III,Mystery,1980,5079575653468
cresco curtus ventosus,Jimmy Kuvalis-Kovacek,Romance,1966,8228145152857
terebro cinis sum,Dr. Esther Schmitt I,Thriller,1971,1282000065602
administratio delego cernuus,Crystal Hills,Biography,1961,8612258907059
sulum demitto certe,Chris Kiehn,Thriller,2023,5636242717912
vindico curo sumptus,Stacey Hahn-Bergstrom,Fiction,1994,9524205851374
vulgivagus vestigium vinco,Guillermo Hyatt MD,Science Fiction,1974,5362116498589
solutio substantia usus,Tom Stokes,Science Fiction,2004,4059896864285
canonicus quis cupiditate,Christine Krajcik,Mystery,2000,6342281615152
sopor ocer adsidue,Mark Flatley,Mystery,2016,3289917513265
cursus venustas arx,Beth Stamm,Fantasy,1983,1686903856851
ciminatio voluptatem adnuo,Eileen Zieme,Biography,1957,6494629838684
animadverto eligendi aufero,Herbert Ebert,Romance,1980,3342583602812
damno coniecto tremo,Jamie Goodwin,Fantasy,2004,7462084141876
cubitum eveniet volo,Brittany Jacobi,Mystery,1999,3647585010379
conqueror tui officiis,Jose Schimmel,Biography,2018,8530952611032
aduro anser ago,Robin VonRueden,Fantasy,1950,8151857240704
spero molestiae cunae,Alyssa Ferry,Thriller,2000,4010387245597
cibus tertius cena,Dr. Eunice Hermiston,Thriller,2008,7097723668898
cogo thermae damno,Randall Frami DVM,Science Fiction,1970,4688150282320
molestias reiciendis enim,Kerry Schultz,Thriller,1989,8111392122176
taceo cunae terminatio,Bryan Gulgowski,Fantasy,2024,3356650066515
dedico sumo aperte,Alejandro Wehner,Thriller,1986,9522539571575
cumque umquam pauci,Bessie Mayer,Fiction,2025,7793990936289
video vel consectetur,Dr. Tracy Barrows-Abshire,Fiction,1998,3072124195516
ter accusamus arto,Leah Borer,Romance,1971,1594279781614
atrocitas basium video,Kelley Ryan,Romance,1972,5024559571491
sunt vapulus inventore,Kelli Goldner,Thriller,2023,7392165926402
aspernatur demergo voluptate,Dr. Ryan Weissnat,Thriller,1991,3049689272616
beatus distinctio succedo,Cathy Graham,Romance,1966,3232709753764
amita adhuc suscipit,Jessie Ryan,Biography,1953,5748212731702
velociter autus adnuo,Gloria Schaden,Thriller,1955,2135024968352
solium labore summopere,Robin Shanahan,Science Fiction,1959,5080868146573
conventus deserunt vindico,Kirk Keeling,Fiction,1950,0616583177589
taceo quos tricesimus,Jordan Thompson,Non-Fiction,2006,7894389973323
bene magnam tersus,Emmett Pfannerstill I,Mystery,1978,8482735089649
audio acquiro eaque,Helen Konopelski,Thriller,2018,9242836557431
peccatus utrum vulgaris,Eugene White,Thriller,1955,1184680331742
coerceo synagoga villa,Emilio Kautzer,Romance,1970,2855748520438
cura aeternus soluta,Dr. Lyle Simonis-Bins,Mystery,1993,0996158387165
vilitas adfectus correptius,Zachary Feil DDS,Fiction,1986,2630460934060
tabgo audacia adnuo,Vicky Boehm,Non-Fiction,1976,0011149002439
doloremque animus antiquus,Darrell Dare IV,Non-Fiction,1977,3629064030849
circumvenio modi beatae,Dominick Nicolas,Science Fiction,2004,7861339572294
agnitio vigor altus,Ramona Corkery,Thriller,1954,2007435315884
thesaurus trucido cohors,Ruth Dach,Biography,2016,3221437749096
comminor turpis crustulum,Victoria Walsh,Fantasy,1959,8640354567999
accusamus corroboro umquam,Kelly Schmitt,Fantasy,1961,0734741036754
tunc sollicito at,Everett Mann IV,Non-Fiction,1971,6808256095204
auctus spiritus subnecto,Jermaine Pollich,Fantasy,1977,6036991468604
contego curatio verus,Mr. Theodore Reilly,Fiction,1991,2844609030660
adhaero molestiae aegrus,Rebecca Hilll-Durgan IV,Romance,1988,7833745922435
distinctio subvenio eveniet,Mr. Sammy Bartell,Fiction,2002,6975027423000
pariatur sordeo cometes,Irving Boyle,Non-Fiction,1995,6400620482362
ager tabula esse,Judy Zemlak,Fiction,1977,8802112365362
urbs adficio torqueo,Andre Hammes,Thriller,1996,5172888956327
valde credo debeo,Crystal Schneider,Science Fiction,2007,5067327586536
adipisci strenuus sponte,Domingo Donnelly,Biography,1974,9411333370910
animus consuasor voluptatem,Anne Lynch,Romance,1997,6236934827487
ad dignissimos aperte,Leroy Schumm,Mystery,1974,9719089300964
antea supplanto deficio,Marcia Lubowitz,Fiction,2004,8399884261277
bibo baiulus calco,Harold Grady,Non-Fiction,1950,7857539826063
apto sortitus neque,Chad O'Conner,Romance,2017,4028272070906
accusantium totam tolero,Lila Haag,Biography,1985,8823967666040
vivo suadeo villa,Eula Roob,Science Fiction,1986,9455657041091
ambitus contego unde,Ms. Sandy Cronin DVM,Romance,2017,2528864836108
demoror minima comedo,Ron Hyatt DVM,Romance,1970,1160644936619
cubicularis crinis testimonium,Ms. Joanna Koss,Romance,1989,1417641923587
damno cibo cattus,Terrence Buckridge,Mystery,2007,2141909760279
suffoco contabesco calco,Christina Mosciski,Romance,2014,8486968087280
adeptio despecto baiulus,Dr. Angelina Koss,Biography,2002,5246265815855
confero ambitus ager,Tom Lubowitz,Fiction,1992,6135362297536
appositus quod velit,Moses Steuber,Science Fiction,1989,7167938150369
villa antea velociter,Melody Batz,Science Fiction,2006,2153322145118
sulum adfero porro,Alice Stroman,Romance,1975,7580356710147
curtus damnatio accusantium,Ernesto Gusikowski-Heathcote,Fantasy,1966,4304192831414
culpo aliquam pauci,Katrina Wintheiser MD,Mystery,1951,9013516203896
claudeo decretum ustulo,Hope Boyle,Mystery,2003,9276485692643
titulus speculum deprimo,Roberta Bailey,Biography,2015,3613484343401
torqueo facilis cena,Nettie Koch,Mystery,1957,4739461238889
aestus tendo colligo,Grant Konopelski,Fantasy,1967,8424359569241
auditor eius cum,Lewis Hagenes V,Non-Fiction,2024,8909318230888
corrigo carbo cultellus,Suzanne Franey,Fiction,1987,0325197648858
curatio accommodo aperte,Dr. Tara Turcotte I,Non-Fiction,2000,4214662514792
celo fugit alias,Troy Baumbach-Klocko,Romance,2025,1512191936322
suus solvo solus,Dr. Frank Schaden,Mystery,1985,3666640983382
conservo nobis itaque,Donna Abshire,Non-Fiction,1960,2637927541102
bestia ut enim,Verna Kirlin,Non-Fiction,1955,4940273036388
depulso capillus pariatur,Beatrice Haag,Fantasy,1984,8681802453462
strues blandior abundans,Mrs. Tina Runte,Romance,2012,4988256510238
suasoria cinis tepidus,Jennie Zieme,Mystery,1982,5035917246620
argentum vox sponte,Jessie Pfeffer,Science Fiction,2002,5509735594795
spoliatio conculco demitto,Cory Schuster,Fantasy,1975,8289625148712
adipiscor voco sol,Dixie Lebsack II,Fiction,2007,0063233595178
accommodo repellat terebro,Joanna Murazik,Biography,2003,9231408969093
rem tribuo delibero,Max West,Mystery,1972,3219153439292
talus vos excepturi,Vicki Schiller,Mystery,1950,2007989016340
officiis stipes illum,Miss Shannon Lowe,Science Fiction,1956,2021045525248
timidus molestias aro,Laurence Weissnat,Romance,2020,0321518798028
voluptatum amaritudo cibo,Dr. Annette Lehner,Mystery,1957,5293011861646
deficio tendo contabesco,Paulette Volkman,Fantasy,1961,3091921166570
laborum vobis defaeco,Brandy Lang,Fiction,2005,0082214321544
colo cur ultio,Sara Mante,Romance,2022,2670321698470
avaritia certus timidus,Ronnie Gleichner,Science Fiction,2000,7213851859910
vorago curvo nisi,Grady Hickle,Biography,1984,3340049912213
voluptate vir desolo,Ms. Chelsea Schroeder PhD,Thriller,2007,9152089170336
creta stipes comitatus,Andrea Ritchie,Non-Fiction,1972,7763132647322
deprecator pecco tener,Nick Lowe,Fantasy,1985,3436218660873
similique depono consuasor,Clayton Padberg,Romance,1997,8311227053214
atrox caritas volup,Stuart Langosh,Fiction,2011,7988445021557
crastinus cognomen dedico,Johnnie Hermiston,Fantasy,1968,8257295733721
combibo tibi ait,Julio Effertz,Romance,1962,2107020090514
denuncio ambulo aegre,Viola Stoltenberg-West,Biography,2018,3552604773847
degenero cubo cum,Ramon Howell Sr.,Biography,1992,0250687289656
consectetur sumo convoco,Jaime Dibbert,Mystery,1986,0557786070941
aperio tertius volo,Emanuel Romaguera PhD,Biography,2023,2026585906895
curiositas eaque cognomen,Perry Greenfelder,Non-Fiction,1957,9069468618499
urbs cognatus suppellex,Ricky Farrell,Fiction,2012,8569492942011
sed aqua trado,Mindy Morissette,Biography,2018,6395688385309
cum delego appositus,Johnathan Botsford,Thriller,1953,2737167535124
avaritia cimentarius cunctatio,Kathleen O'Hara,Mystery,1989,0061032250783
vindico nihil adflicto,David Wiza II,Mystery,1967,4259028444168
color vulgaris quidem,Marguerite Franey,Science Fiction,1966,0161050117700
nesciunt adeptio voluptas,Mack Leffler DDS,Fiction,1969,8195418207714
colo fugit sumo,Tracy Kris,Fantasy,1950,8078999596712
amiculum argumentum surgo,Gayle Cummings,Romance,2016,8497323743197
eligendi alienus tenetur,Lucille Gislason III,Thriller,2002,0985149191377
undique debilito amplitudo,Van Ledner,Romance,1977,3455827091528
quaerat demo thymum,Alfredo Jenkins,Fantasy,1966,1753894038452
terreo deleniti thermae,Adrian Parker,Mystery,1960,4979180538324
summa officiis assumenda,George Tillman,Mystery,1994,9580115440482
conatus accedo subnecto,Allan MacGyver,Fiction,1970,8419160389057
aro venio soleo,Herbert Durgan,Thriller,1961,0549218253302
cubo deficio aegrotatio,Shane Pagac,Non-Fiction,1977,9779743215743
tabesco annus cubitum,Miss Becky Daugherty,Mystery,1962,5736576882112
tantillus adeo talus,Nicolas O'Hara,Thriller,1996,8751814647715
crustulum deputo voluptatum,Gordon Denesik,Romance,1965,8632339874875
alienus complectus tego,Dr. Jason McCullough DVM,Thriller,2010,7276301479173
tempus unus voluptatibus,Mr. Darrell Schmeler,Fiction,2010,0334720083723
fuga confugo dicta,Ian Dicki,Mystery,2018,5939946018079
aestus baiulus tubineus,Kate Batz,Fantasy,1989,9896102889584
cur calculus crebro,Gordon Gutkowski,Fiction,1978,3729438425031
alias ut dedico,Carl McClure,Romance,1979,9990787419895
voluptas cotidie trado,Miguel Lehner PhD,Fiction,2010,5734016400096
super casso defero,Marcus Jast,Romance,1954,4382340229905
vilicus vere cubitum,Isaac Schmeler,Science Fiction,1970,4537323590735
ascisco surculus denique,Dr. Edward Zboncak,Fantasy,1952,5861144478823
corporis apostolus colligo,Leonard Smith,Fantasy,1993,1069396199567
tutis suffoco voluptate,Darla Von,Biography,1991,4817458064302
concedo angustus ex,Lindsey Stanton,Fiction,1970,6582686818252
cum victus depromo,Mrs. Samantha Sipes,Science Fiction,2002,7173537095471
advenio absorbeo verus,Laurence Jones,Biography,2015,2383103786813
sint centum valeo,Lisa Gibson,Non-Fiction,1990,7482547885963
atrocitas deleniti abstergo,Mary Cole,Biography,1989,7770310954350
conscendo theatrum absorbeo,Sabrina Price,Science Fiction,1954,3267942958463
cibus commodi vindico,Sara Macejkovic-Rippin PhD,Fiction,1986,9303665939186
deleniti cado attollo,Jaime Bednar,Mystery,1953,0655381544061
cura campana infit,Dale Heller,Non-Fiction,2011,7100969717429
utor repudiandae deludo,Juanita Nikolaus,Biography,1963,5946472819197
baiulus bellum tantillus,Miss Christy Witting,Fiction,2020,5991471738926
tolero desino cibo,Franklin O'Connell,Mystery,1974,3298873539926
thalassinus speculum nostrum,Veronica Fritsch,Thriller,2010,6678293334103
stultus administratio sperno,Santos Murphy,Science Fiction,1994,2784894122203
contego clementia harum,Merle Bosco,Science Fiction,1952,8439692351373
usitas cupressus defetiscor,Glen Grimes-Emard,Romance,2017,3264347072067
fugit usque tenus,Nancy Monahan,Non-Fiction,2013,7483568332427
terminatio spero pariatur,Lila Wilderman,Thriller,2012,3750498172639
laborum ratione acidus,Mrs. Irene Leuschke,Non-Fiction,1962,0207782683141
absum currus certe,Dominick Pollich,Science Fiction,2005,8456983285787
cicuta comprehendo audax,Eunice Rau,Non-Fiction,1993,6142876879360
subito aufero tenetur,Wilbur Walker,Non-Fiction,1993,0561063640996
summopere ait amissio,Loretta Koss,Science Fiction,2017,6324215492611
alius quae repellat,Rafael Gerlach,Science Fiction,2007,1675927864567
substantia tertius timidus,Lynda Fritsch,Mystery,1982,2414806611275
tam ars terebro,Evelyn Daugherty-Wolf,Science Fiction,1963,0875217303498
solum cernuus supplanto,Santiago Carroll II,Fantasy,1997,3570149374429
sulum suadeo sed,Angelina Konopelski,Non-Fiction,1977,4337825580295
conturbo spiritus artificiose,Tomas Homenick,Fiction,2012,8433988979304
ut reiciendis cumque,Rochelle Glover,Thriller,1983,1764515277407
subiungo tenus aperiam,Katie Balistreri,Fiction,2016,4143005687832
ulterius auctus astrum,Jesse Conroy,Mystery,1993,2025171017234
crebro claustrum deduco,Randal Goldner,Fantasy,2013,2587923785272
tredecim suscipit volutabrum,Carla Price,Biography,2002,0430884580781
triumphus quo cruentus,Margie Hagenes,Science Fiction,1975,5653158861552
antiquus consectetur varietas,Brenda Bartoletti,Biography,2018,4410514635304
depono aptus defetiscor,Amy Paucek,Non-Fiction,1990,2873632192314
numquam amplexus accusantium,Delores Abernathy,Fantasy,2010,4918806325712
labore autem conqueror,Regina McClure,Biography,1970,8523599093060
cervus vulpes terra,Ms. Patty Torp,Non-Fiction,1996,5823406792742
solvo utor utilis,Stella Wehner,Fantasy,1957,0052581266599
triumphus deprimo pecto,Leroy Johns,Romance,1978,6096811842050
advoco ciminatio somnus,Pat Collins-Boyle,Non-Fiction,1974,1636585412117
quod similique spero,Cheryl Kovacek,Science Fiction,1985,2934120419910
absconditus basium voluptates,Jane Goodwin,Thriller,2017,7935958692335
adduco umerus vester,Caleb Heller,Science Fiction,1995,3103389455178
repellendus cognomen nobis,Bryan Kohler,Science Fiction,2021,6727231224469
calcar usque alius,Rosemary Ruecker III,Romance,1961,6567123811614
autus adinventitias tabernus,Kevin Rosenbaum,Romance,2009,5464759430710
terminatio tactus minus,Gina Hilpert,Thriller,2017,0446396206027
brevis thesis dens,Dianna Emard I,Fantasy,1966,3107563784228
viscus degusto absens,Annie Collins,Mystery,1955,2657662842144
timor taedium laborum,Dr. Homer Hoppe,Fantasy,2024,7254468596320
calcar collum casso,Alvin Schaden,Thriller,1972,8498170000726
talis modi admoveo,Lester Oberbrunner,Mystery,1996,9254512129953
thema conicio arceo,Stuart Batz,Non-Fiction,1990,4326751077279
culpa repellat cultura,Mr. Jackie McCullough,Thriller,1969,5973489239478
explicabo tamen ambitus,Jacob Casper,Mystery,1977,0383513922178
error acceptus trucido,Michele Hane,Biography,1964,5436039538105
possimus vorago vicinus,Martha Bergnaum,Fiction,1994,7768092300627
desidero fuga corrumpo,Jenna Toy,Thriller,2024,9148798193928
utpote careo commodo,Preston Ullrich,Science Fiction,2024,0318636485797
solutio fugit cometes,Bradford Robel,Romance,2002,7936408640017
arbitro cupiditas tollo,Dr. Guillermo Murazik,Mystery,2013,8949929232645
compello calcar defaeco,Miss Bertha Jenkins,Mystery,1989,0391533171212
adimpleo tui mollitia,Casey Ratke,Fiction,2024,7006795690342
curto acervus doloremque,Elias Dicki I,Non-Fiction,1988,2946799233823
eaque depono auditor,Lester Skiles,Romance,1967,9461062516774
ut adimpleo trepide,Clinton Halvorson,Fantasy,1991,0187063932523
vallum alter dolores,Glenn Kuhic Jr.,Science Fiction,1981,2544286004864
nihil sodalitas tenetur,Brendan Deckow,Science Fiction,1959,7018216134265
curso strenuus fugit,Mr. Robert Pacocha,Thriller,1960,8746837025545
candidus succurro tenax,Janet Jast,Fiction,1974,2329718115689
tepesco amplus vetus,Jorge Block,Mystery,1954,5252412429614
decens cedo aeternus,Carlos Gerlach,Mystery,1996,2078377808661
aurum qui terreo,Leslie Marquardt,Non-Fiction,1970,8010435045045
amor synagoga corrupti,Trevor Beatty,Romance,1981,0182101349630
solutio vito speciosus,Dr. Julius Kozey,Fiction,1973,4458431369943
nostrum decet expedita,Pedro Hamill,Mystery,2015,1703787450649
beatae teres voro,Wilbur Streich,Romance,1988,3395450856459
verumtamen deorsum tibi,Herman Greenfelder,Thriller,1989,9375158953724
vitiosus caste angulus,Ana Jacobson,Biography,1963,5716924476761
angelus angelus pauci,Wade Douglas,Fantasy,1955,0696991578683
conatus adhaero bos,Mr. Derek Runolfsdottir,Non-Fiction,1985,3613309718151
supra cui solvo,Anna Medhurst,Romance,1982,6588899119289
surculus absens altus,Jeannette Oberbrunner,Fiction,2012,8057245022995
victus adimpleo vulariter,Mike Cummings,Romance,1973,7965533724385
voco chirographum alveus,Harvey Parisian,Fiction,1956,8991997303713
magni dolorem spes,Amy Bartoletti,Science Fiction,1976,9773855307339
abbas verbera delicate,Amos Blick,Science Fiction,1985,1568431188050
bis tersus delibero,Cindy Schimmel Sr.,Thriller,2018,3167051628667
considero thymum vestrum,Dr. Randy Reinger,Thriller,1998,9724292805461
sordeo cinis ambitus,Janis Labadie,Fantasy,1977,8461875984366
eius facilis sol,Bridget Bayer,Mystery,1985,2734798832123
aetas utilis vaco,Lila Tillman,Fiction,2013,5375294001491
thema carbo necessitatibus,Marvin Crist Sr.,Fantasy,2009,9378068634606
adsum voluptatibus vilicus,Elsa Tromp,Non-Fiction,1995,1453119448203
verbum conduco suscipit,Minnie Kemmer,Fantasy,1997,9732092218627
sed bestia artificiose,Shaun Connelly,Thriller,2001,7680224810308
sollers vallum peior,Myron Quitzon-Erdman,Romance,1997,4105767247714
comminor tego vulnus,Roxanne Hane,Biography,1952,3768294700115
laboriosam tergiversatio aer,Grant Wiza III,Non-Fiction,1963,5307457154452
compello atque conturbo,Eloise Padberg,Fiction,1962,1259091962966
abscido acidus dolorum,Ollie Terry,Science Fiction,1982,5577935744782
spiritus audacia coerceo,Arnold Wilderman,Fiction,2014,7361347816891
vehemens amor socius,Melinda Okuneva,Fiction,2001,3588861527345
officia utilis tempora,Miranda Wilderman,Fantasy,1974,1023950637222
voluntarius delego coruscus,Timothy Rolfson-Kuhlman,Fiction,1992,0314121082305
error inflammatio voco,Angelica Dicki,Biography,2019,0259916855267
vobis adeo patruus,Benjamin Monahan DDS,Biography,2003,3453290684571
ocer vicissitudo callide,George Greenfelder,Biography,1991,4617781521671
auctus tergo vos,Peter Windler,Thriller,1970,5474860657180
acervus virtus triduana,Dr. Crystal Kunze III,Fantasy,1958,9214086455604
ustilo stips patruus,Ellen Donnelly-Schulist,Science Fiction,2012,7401725741512
sapiente tabernus decimus,Pat Daugherty,Fantasy,2002,6647098963603
volup atqui cresco,Ann Botsford,Mystery,2004,3711483292319
comparo amet amor,Gail Wiegand I,Romance,2010,0614000857640
vetus accendo decerno,Clarence Denesik,Fantasy,1972,4977168467543
adflicto calamitas vulnero,Cora Towne,Science Fiction,1975,9288430565010
amor cupiditas unus,Ellis Daugherty,Mystery,1961,4813418892804
acidus deserunt provident,Felipe Gleason I,Biography,2011,6714079552403
rerum undique attero,Guillermo Conn,Non-Fiction,1981,7302328475128
vomer temporibus arcus,Ramiro Gerhold,Thriller,1982,4995259823351
trans contra deleniti,Raquel Senger,Fantasy,1974,0939462092450
ultio antepono sublime,Dr. Blake Towne,Fiction,1992,6549678923332
careo cum amplexus,Olga Cormier V,Non-Fiction,1973,4562169118474
caries charisma quaerat,Walter Veum II,Fantasy,1976,7972195046893
suasoria adsuesco odio,Angelica Boehm DVM,Fiction,2005,8285835486206
vestigium tredecim cursus,Jan Kozey,Thriller,2006,4477024809710
casso adaugeo subiungo,Dustin Leuschke,Biography,1985,5356615607394
coepi aranea conqueror,Kerry Connelly,Thriller,1950,6878408459506
sustineo peior thorax,Alyssa Jast,Thriller,2023,2892789102103
coniuratio uredo vociferor,Mandy Romaguera,Thriller,1989,0234821086870
deserunt creator distinctio,Suzanne Bahringer,Science Fiction,2006,9456446502168
uberrime alveus tergum,Bryant Kassulke,Romance,1975,3068981325410
usus conservo velit,Mark Howe,Non-Fiction,1962,1872481464113
textor titulus usque,Kristin Orn,Fantasy,1978,5712704073577
esse velociter valeo,Erin Armstrong Sr.,Fantasy,2002,0881001081039
sumptus succurro verbera,Ms. Eloise Schroeder,Mystery,2025,1551663116764
inventore summa verecundia,Della Mertz,Fiction,1953,3741109033795
deporto tunc crinis,Clarence McGlynn,Fiction,1986,0469257713299
terror ratione titulus,Mrs. Brenda Ernser,Biography,2022,0753882341498
cerno summopere aeger,Mr. Colin Labadie Jr.,Biography,1980,6757383953220
defaeco depulso conor,Jaime Effertz III,Fiction,1971,0094300972297
suscipit artificiose adversus,Dr. Ismael Schultz-Windler,Fiction,2018,6192360184638
animi dolores campana,Tony Hagenes-Tremblay,Romance,1962,9114834769032
capto commemoro thesis,Sherri Effertz,Thriller,1993,4080525297366
officia curtus circumvenio,Pete Wintheiser,Biography,1978,6089526530730
brevis statim defessus,Jon Schuppe,Non-Fiction,1973,2508719254992
conitor suggero deripio,Linda Schuster,Thriller,2012,7832080205510
uberrime ex consequatur,Darryl Shanahan,Romance,1956,4074407038185
cupiditas amaritudo cum,Thomas Stracke,Fantasy,1966,9903753675171
beatus corroboro cariosus,Sabrina Emmerich,Non-Fiction,1980,0848765384324
quos quos patria,Nellie Hintz,Mystery,1987,8662029132499
cupressus facilis vehemens,Regina MacGyver,Fiction,1957,2877017112822
verumtamen magnam audio,Arturo Hoppe,Non-Fiction,1961,6888735841546
suscipit defetiscor templum,Matt Erdman,Non-Fiction,1979,1182228434740
ater cibo sophismata,Sara Ortiz,Mystery,1968,9116470942860
amissio aufero adhaero,Mr. Harvey Greenholt,Romance,2021,5111656514858
defessus ager ultra,Lynda Welch,Thriller,1965,0286337152109
uxor vociferor autem,Ms. Gloria Ullrich,Thriller,2023,8396342191146
circumvenio amet umbra,Ann Schumm,Romance,1984,8770688373865
tardus vitae colo,Grady Hessel,Biography,1988,9662592935658
claustrum confero architecto,Patricia Nader,Mystery,1950,7272648026403
arcesso suadeo magni,Lois Pfannerstill,Fiction,2024,8192025555418
dolor patria taceo,Dr. Frank Stracke,Romance,1980,6490644885967
amplitudo adicio usitas,Francisco Stroman,Mystery,2004,3231777279419
ulterius cervus vereor,Susan Kiehn-Dibbert,Biography,1985,2858623243124
capio recusandae terra,Jacob Haag-Doyle,Non-Fiction,1998,7306924078369
patior condico porro,Dr. Ernest Jones,Fantasy,1992,1919711885385
eos venustas carmen,Velma Witting,Biography,1993,0205941613544
villa absconditus delectus,Sonja Gutkowski V,Fantasy,1974,3435331998302
vilitas error apto,Vickie Feest,Science Fiction,1975,8997089453365
et nobis porro,Blanca Barton,Romance,1962,9776079749283
eligendi verus socius,Francis Haag,Fiction,1950,6307298606049
theatrum decor trucido,Meredith Marquardt,Mystery,2013,7418590012727
compono ipsa dolor,Dr. Max Windler,Thriller,1955,2944547029576
virgo thalassinus aranea,Gabriel Rohan,Fiction,1978,0843679595529
explicabo vulnus venia,Jamie Emard,Fiction,2025,1709765015711
tergo teneo aspernatur,Shelia Raynor,Romance,1987,2841340534243
uterque vindico reiciendis,Willie Roob,Science Fiction,2005,2720490023375
comedo bestia creator,Phyllis Mayer,Fantasy,1990,0926262243022
adfero adfero repudiandae,Otis Considine,Fiction,1960,5349777307495
laudantium ullus tabernus,Sherri Kohler,Romance,1986,1815677936887
strues vitiosus accusantium,Greg MacGyver,Non-Fiction,2014,5430134259106
deficio tantum coniuratio,Dr. Deanna Swaniawski Sr.,Thriller,1988,9258306122266
vulticulus ars agnosco,Terrance Stark,Non-Fiction,1988,6033683198686
verecundia attonbitus templum,Marilyn Schiller,Fiction,1995,4034586416336
subiungo defero nihil,Sean Mohr,Romance,1965,9599768691390
annus culpa sapiente,Angela Kihn,Thriller,1981,3932084553377
coerceo beatus vicissitudo,Edward Reynolds,Fantasy,1997,9520576817292
totus infit veritas,Mr. Francis Spencer,Fiction,1982,0647332306748
defero vehemens consequuntur,Mr. Forrest Towne,Fantasy,1965,4312671938461
reprehenderit cibo depono,Toby Gorczany II,Biography,1951,3355728547849
deleo voro ventosus,Dr. Greg Kassulke,Science Fiction,1975,8044247995712
praesentium infit compono,Kelley Kiehn,Fiction,1959,0270349518436
sordeo ea coepi,Wilson Howell,Fiction,2014,0298784203636
tamisium certe ceno,Wilbur Schiller-Macejkovic,Fantasy,1973,3751851727194
sollers concedo bene,Gerald Bartoletti,Fiction,1981,7130227345120
valeo deprimo vociferor,Mr. Benny Jacobson,Fantasy,2013,7159459378952
teneo tamen amita,Karen Rice,Science Fiction,2013,2946375706198
vir cui crustulum,Clinton Spinka,Romance,2015,0826397281491
vindico advenio eaque,Hazel Grant,Biography,1971,4245064610566
provident volubilis caveo,Clayton Gleason,Non-Fiction,1964,6732852040661
creber sui desidero,Kristi Green-Stark Jr.,Biography,2015,3764213543151
sollers custodia adimpleo,Roosevelt Kreiger,Fantasy,2020,7374152215061
vigor amplitudo audentia,Bryan Greenholt,Science Fiction,2011,2477208789113
tamquam vero trado,Kelly Considine,Mystery,1959,9796021956786
crux advoco bellicus,Kathleen Rau-Schamberger,Fiction,1955,6586707265255
vorago vir vorax,Dr. Shelia Monahan,Fiction,1995,6766651983395
cimentarius depopulo abundans,Lydia Fay,Science Fiction,1961,1816352751537
solutio absum cursim,Micheal Jakubowski DVM,Biography,1983,6272131602392
aqua vomica succedo,Jackie Okuneva,Thriller,1986,2307092343615
clementia chirographum sonitus,Terri Muller,Biography,1977,3598337762430
hic depopulo textilis,Carla King,Non-Fiction,2011,6752799213243
caecus vel solvo,Pamela Stiedemann,Fantasy,1978,4347433705886
minima sonitus maiores,Vincent McKenzie,Science Fiction,1973,1484516841526
videlicet quidem facilis,Deborah Hermann,Thriller,1985,0229675677873
provident umerus thalassinus,Maria Cremin,Fiction,1982,8450149153095
trucido recusandae apud,Sean Haley,Non-Fiction,1986,2707687321209
voro comptus amo,Rex Howe,Thriller,1983,3786901371842
tener vomer alter,Ramon Rippin,Thriller,1957,2066111329095
nesciunt abscido desparatus,Darrell Upton,Thriller,2013,1451479811152
eaque vix vindico,Tommy Oberbrunner-Haag,Biography,2006,4665018199685
bellicus deripio consuasor,Ana Rau,Non-Fiction,1997,2681203250395
deprimo desipio fugit,Olivia Walsh,Fiction,2010,6584774183398
catena victoria decet,Hilda McClure,Romance,1977,9015966304062
molestias facilis decumbo,Doris Mueller,Science Fiction,1952,7084746239542
aspernatur desolo civitas,Mrs. Teri Predovic,Thriller,1984,7021908495474
copiose carmen amicitia,Maurice Reichel,Biography,1980,3937242824141
arma vulgivagus thymum,Aaron Terry,Science Fiction,1980,4738893095497
bonus traho crastinus,Edmond Rohan,Biography,1953,4726377496516
vigilo turba custodia,Mark Sporer Jr.,Science Fiction,1991,1368081807373
cimentarius cruciamentum solitudo,Dr. Tom Bayer II,Biography,2004,1293906226995
copia amo circumvenio,Jenna Ziemann-Kling,Mystery,1973,7032102005607
reiciendis armarium cumque,James Conn,Fiction,1995,2567928950338
decretum depono delego,Derek Champlin-Hoeger,Non-Fiction,2021,5449269384606
tamquam attonbitus verumtamen,Bessie Kub,Biography,2016,6712067026662
voluptas audeo acceptus,Tanya Rogahn,Mystery,2017,6427230594316
varius compello vilicus,Ebony Medhurst,Biography,1996,9541470851422
sollers admitto vetus,Lionel Beier,Science Fiction,2024,7187593767393
confido deripio bene,Dixie Smith,Romance,1973,8908432647483
consequatur theca aperio,Arlene Lebsack,Mystery,1954,7611528912289
teres caute torrens,Dexter Beahan PhD,Science Fiction,1987,6767298002106
conqueror cervus super,Patty Swaniawski,Biography,1998,9307618016507
cedo aperiam desolo,Delores Hayes,Non-Fiction,1990,6602828718574
velut amoveo cattus,Edwin Volkman,Mystery,2010,5722153932623
desidero patrocinor ager,Jimmie King,Biography,2012,6796557196003
vesica utroque calcar,Eric Little-Bins,Thriller,2018,9778114548565
sui aptus cresco,Everett Marks-Kuvalis,Romance,1972,5103051235463
odio conculco labore,Dr. Manuel Tromp,Science Fiction,1964,0336084544290
vitium dolorem artificiose,Daniel Schmidt,Thriller,2007,8586508762374
auditor tamdiu abundans,Wm Ankunding,Romance,1974,5153930275129
aut temptatio iste,Lela Bradtke,Non-Fiction,2000,4724607124530
volva vobis tenetur,Jessie Kemmer,Mystery,1966,8794406679343
corrumpo vitae demum,Kelvin Gislason IV,Mystery,2014,8110101614070
natus arguo quia,Inez Turcotte II,Science Fiction,1986,4056166143564
iste absconditus convoco,Mr. Andres Ferry I,Fiction,1955,2753698922579
vilitas tabernus victoria,Dr. Leslie Hahn,Non-Fiction,1995,3386209494322
suscipio thema deleo,Bob Hoeger,Romance,1955,8159704221363
degero absque vulnus,Freddie Graham,Romance,1951,7577520792510
adfectus combibo aureus,Rex Grant,Biography,2000,5016145013715
tutamen turpis sursum,Jill Tillman,Fantasy,2025,4646052188433
nemo contego usitas,Yvette Breitenberg,Biography,1979,0991008701006
acsi viduo aiunt,Andres Dickinson,Thriller,1981,7139808990213
certus solium solutio,Jean Schroeder,Romance,1995,2458951419070
beatus voluntarius adipiscor,Mae Stamm,Mystery,1979,0026302481621
capio vae ambitus,Jeffery Gutmann,Science Fiction,2006,9672554758160
absens minus minima,Dr. Arturo Leannon,Romance,2018,1438373549730
cruciamentum non conturbo,Lucy Ryan,Romance,1963,9765103078290
doloremque eaque tempus,Amos Vandervort,Romance,2011,6999563714349
vivo rerum voco,Gayle Maggio,Romance,2020,0835093884312
patruus thema crepusculum,Omar Padberg,Fantasy,2019,8081612603704
acquiro temptatio conspergo,Eva Parisian,Romance,1992,1437995676969
cometes basium volva,Kristy Kunze,Fantasy,1975,8830561479641
turba colo officiis,Oliver Quigley,Thriller,1989,6304386583569
degusto numquam suppellex,Marta Tillman V,Thriller,1961,1058688416069
addo vitium delego,Verna Gerhold,Romance,2006,2144162456003
virga cursim commodo,Dexter Wunsch,Fiction,2020,8476776058896
unde nobis censura,Blanche Jacobs,Science Fiction,1958,4530942426094
toties sursum caput,Anita Halvorson,Biography,2018,4700239751017
atqui super vigilo,Juana Gutmann,Fantasy,2024,1566814752684
solutio cotidie delego,Lindsey Funk IV,Romance,1961,4480377918047
aiunt repellendus urbanus,Teri Auer,Thriller,1984,2213460877368
votum adinventitias sophismata,Mandy Gibson,Non-Fiction,2017,0671241346663
arbor similique conitor,Debbie Marks,Thriller,2007,0558096658472
vespillo suffragium appello,Tyrone Schultz,Romance,1954,1695354644755
sperno reprehenderit bardus,Terrence Crooks,Fiction,1988,7144908644699
crudelis advoco absens,Frances Kris,Thriller,2006,9502654750676
vindico suscipio combibo,Dr. Mercedes Kilback,Non-Fiction,2007,0206639796116
tantum solum spiculum,Daryl Johnson,Romance,1977,5806491438816
voluptatem allatus quos,Violet Welch,Fantasy,1996,8966719282021
verbum tabula pectus,Sonja O'Conner,Non-Fiction,2002,3979291244151
aperiam catena cado,Roger Orn,Biography,1980,4179542497121
arcesso coadunatio tabula,Jan Schiller,Mystery,1985,7010547864286
vigilo ex correptius,Derrick Spinka,Fiction,2011,8937816312958
cupiditas vitae vulgivagus,Jessica Marquardt,Fiction,1970,6391728047393
tam labore caelum,Mrs. Charlene Bogan-Jones,Fantasy,1974,1466764370551
tantillus soleo tero,Seth Schumm,Fantasy,1966,5751830991200
administratio placeat ante,Bob Swaniawski,Fiction,1995,0862046374323
vaco ara harum,Phil Lemke,Mystery,1998,0365485867526
charisma pecto tergo,Ramona Zboncak,Romance,2005,3866803112708
coma administratio curtus,Antonio Rutherford V,Thriller,2013,2411006563480
succurro bos conturbo,Doyle Witting,Romance,1988,6436115780579
aro annus aliqua,Roland Kemmer,Biography,2006,1006645533302
cometes spiritus clibanus,Miss Betsy Huels,Romance,1982,4469767425800
maxime crapula volutabrum,Lewis Mraz,Non-Fiction,1983,4691557515388
civitas argentum pectus,Dr. Jessie Williamson,Science Fiction,1961,1848358964291
vulpes soluta abutor,Ms. Esther Shields Jr.,Fiction,1987,2435812610391
tribuo spes tribuo,Marion Mayert,Fiction,1993,2486758637669
strenuus ultra deleniti,Arlene Stamm-Waters,Romance,1951,7143907877837
texo tunc sodalitas,Alonzo Hayes,Biography,1988,9012990499522
turbo curto deleniti,Jesus Rolfson,Science Fiction,2007,9648657855624
subito volutabrum audeo,Shelley Ferry,Mystery,1959,8414128427518
acsi veniam truculenter,Alexandra Koepp,Biography,1959,0985744886134
calcar ager curiositas,Jacquelyn Quitzon MD,Fantasy,1979,1807688906894
tutis taedium dedecor,Nellie McClure,Biography,1953,6629610251644
sollers averto uterque,Donald McLaughlin,Fiction,1983,3520024603349
calculus quam curiositas,Elsa Mante,Mystery,1952,9842007603129
depulso quo cattus,Doug Mohr III,Biography,1962,8137162022334
nulla ultra terebro,Lillie Carroll,Biography,1955,6437070212327
succurro stips clarus,Earnest Grant,Science Fiction,1989,6835639252404
canis defessus universe,Peter Dickinson,Biography,1988,3002142751650
fuga audio comis,Milton Schultz,Biography,2017,2303596275163
temptatio caste depopulo,Shannon O'Kon-Considine,Fiction,1989,7397053343652
dolorem vigor calculus,Ms. Shirley O'Conner,Biography,1957,5675149471683
stella asperiores et,Diane Will II,Mystery,1990,3235481023106
tredecim thesaurus amor,Dr. Dexter Mann,Non-Fiction,1977,5673084093216
trans ultra adsidue,Frederick Walker,Fantasy,2016,6429926811292
viriliter coepi tenus,Virgil Kuhlman,Thriller,2001,9242403255065
sequi civis defessus,Dr. Conrad Cronin I,Biography,1988,2048154324704
cumque ager eaque,Leland Mills,Biography,2006,4153728602570
esse baiulus accendo,Laurie Dicki,Romance,1959,6296865549512
tero pel tollo,Tracy Ullrich,Thriller,1955,8767786582164
nobis summisse tergo,Jimmie Lockman,Non-Fiction,1967,2460429369829
exercitationem defendo unus,Desiree Cummerata,Fantasy,1997,1219069241545
sollers dapifer tametsi,Julia Jacobs,Biography,1969,9958684806452
adulescens thymbra cometes,Miranda Johnston,Mystery,1984,2977088577686
quam cuppedia solitudo,Laura Aufderhar,Mystery,1986,7117836432735
denique temperantia consectetur,Louis Kertzmann,Romance,2025,0012928810674
considero sophismata sollicito,Dr. Omar Ortiz I,Biography,1987,6225612005131
conatus adsum turbo,Roy Balistreri,Mystery,1985,7709147876373
officiis unus absconditus,Amos Hartmann,Thriller,2017,9360836415278
subiungo adhuc corrupti,Sue Nienow,Science Fiction,1952,8970348813340
calamitas tandem alo,Viola Hartmann,Fiction,1985,4937231130501
apostolus coadunatio supplanto,Alvin Fay,Thriller,2017,4329922764916
tubineus taedium suasoria,Darnell Kirlin-Wolff,Fiction,1981,4630804376985
claustrum reprehenderit adficio,May Grady,Thriller,1998,2026938633171
ab nostrum utor,Gregg Prosacco,Fiction,2013,8903632274457
vivo infit currus,Genevieve Skiles,Mystery,1983,1830534740648
eos tondeo attollo,Boyd Hilpert,Non-Fiction,1951,4615175755442
statim desino amplexus,Alex Bosco,Non-Fiction,1972,7629022968138
spargo chirographum tepesco,Lorraine Bradtke,Fiction,2019,5678768239337
defessus sum depereo,Lewis Schuppe,Fiction,1973,9230251810955
bonus sperno dolore,Kellie Witting,Non-Fiction,1952,1282720524989
vulnus eos spiritus,Jason Leannon IV,Non-Fiction,2006,6973314939613
tonsor appello inflammatio,Reginald Stark,Mystery,1967,4736933327241
vilicus velum absens,Opal Miller,Romance,2010,3840700871077
caveo cohibeo coaegresco,Renee Paucek,Fiction,1963,3519702333297
carcer blandior tristis,Renee VonRueden,Romance,2013,0069174809714
stips viridis traho,Elizabeth Feeney,Fantasy,2024,2018965083244
angulus undique qui,Jaime Ratke,Fantasy,2011,7364696339074
talus suppono tutamen,Mr. Darrell Wyman,Fiction,2020,5908250741803
usus tactus aggero,Sam Howell,Biography,1972,7475785567650
vilicus adsuesco aspicio,Enrique Howe,Fantasy,2005,6234752534283
succedo natus enim,Clinton Fadel,Mystery,2008,0802862056315
tamquam debeo ulterius,Larry Pagac,Biography,2012,9239643985671
uxor crinis sint,Randal Harber,Fiction,1959,6955105073334
tutamen maiores conturbo,Guy Hyatt,Science Fiction,1968,2715917655939
sonitus corporis copia,Chelsea Price Sr.,Non-Fiction,1986,0244189231820
triduana minus substantia,Melanie Feest,Non-Fiction,1998,9746453083989
adhaero depopulo consequatur,Regina Ullrich,Science Fiction,1981,3124572999573
delego theatrum vir,Angie Nader,Romance,1988,4032410610222
vilicus ante videlicet,Billie Kuhlman,Biography,2009,2515577365255
alii vicissitudo capto,Dr. Brad Tromp II,Non-Fiction,1962,4967371550663
subnecto demum sub,Rodney Dare-Bartoletti II,Science Fiction,1959,4270314267638
quis aeneus optio,Gilberto Emmerich,Thriller,2024,2331919185154
deserunt altus minus,Cynthia Zieme PhD,Non-Fiction,2020,6229876330904
arbitro terminatio admoveo,Lucas Koch,Romance,1953,3156203494765
delego credo cuius,Dr. Leah Reynolds,Non-Fiction,1974,7665152918715
contabesco denique vulgus,Kyle Hahn,Mystery,2003,8357346978457
virgo contego spes,Tommie Fisher,Mystery,1999,7094473113189
admoveo super cernuus,Theresa Upton,Romance,2022,0009100706092
solutio ait apud,Monica Nolan,Mystery,2016,4935265665769
ulterius sonitus alveus,Doris D'Amore,Biography,1956,3049524701444
tristis occaecati tui,Earnest Shanahan,Science Fiction,1981,7054871965371
omnis victus claro,Benjamin Boyer,Mystery,1969,3313517268944
turbo ubi ratione,Warren Waelchi,Fantasy,2008,4643107374288
occaecati vinitor ambitus,Martin Ferry,Non-Fiction,2025,7107048713038
demergo esse temporibus,Vincent Herzog Sr.,Mystery,1972,5754932195763
tactus canis bestia,Bessie Schowalter,Science Fiction,1957,9784408490079
magni ustilo quasi,Karen Kozey,Fantasy,1957,0769709349132
ipsum suffragium vivo,Dallas Padberg,Non-Fiction,1959,5272264507873
desparatus molestiae spoliatio,Shawna Aufderhar,Thriller,1978,0760557825249
angulus ceno voluptates,Juana Bauch,Science Fiction,2006,0876391925282
solium universe impedit,Lucas Dietrich,Fiction,1976,3873571782542
concido velum viriliter,Dr. Cornelius Beer,Fantasy,1974,7421442620164
delectatio theatrum pecco,Pauline Kirlin,Biography,2000,4947173377967
cavus quam accedo,Willie Nitzsche,Non-Fiction,1993,6407498873284
decens bos creptio,May Russel,Non-Fiction,2006,4280542159460
stips ulciscor vae,Joyce Predovic Sr.,Fantasy,2001,7823235928789
demens explicabo vulticulus,Phyllis Mann Jr.,Mystery,2011,8285639999348
clibanus corona quos,Omar Lynch,Thriller,2003,8702623085477
patior inventore vigilo,Dr. Laurie Franey,Non-Fiction,1977,3380030755892
subiungo venustas testimonium,Ed Feil,Biography,2000,5924521047381
acceptus crustulum aer,Derrick Roob,Romance,2021,3976023148003
adficio tabernus vesco,Annie D'Amore,Mystery,1971,5693183611997
sulum cubicularis tempora,Gerard Morar,Science Fiction,1999,2106977641568
spectaculum mollitia teres,Hugh Langworth,Romance,2018,6432636524308
depraedor vitae culpo,Lucille Runte,Mystery,1961,1875281715021
surculus vesper ullus,Roberto Muller,Biography,1993,8121946726023
derelinquo eos concedo,Jasmine Wyman-Goodwin,Science Fiction,2009,3429233929929
pax ademptio atavus,Sonja Kihn,Fantasy,2011,3876042816406
allatus attonbitus acer,Cecilia Dickens,Fantasy,1968,5692549775980
verumtamen antiquus tergiversatio,Louis Reynolds DVM,Fantasy,2024,0059498683477
solum aestus vito,Linda Klein,Romance,2006,3020805987224
tabula architecto statua,Fredrick Rippin,Fantasy,1971,2282666744452
quo sponte curatio,Freddie Murazik,Non-Fiction,2011,9921147909452
cui viridis subnecto,Dr. Cindy Jast,Romance,1970,7951585395971
defaeco tenetur agnitio,Harriet Streich,Thriller,1989,1519749754556
causa aureus cresco,Alfredo Olson,Mystery,2008,4556865616662
cursim cur concedo,Kevin Casper,Biography,2003,4691795732404
contra clarus est,Sonja West,Biography,2001,8213786498953
adduco speculum quam,Mona DuBuque,Non-Fiction,2007,4820775491357
vulticulus coaegresco atavus,Julio Herman,Fiction,2021,7421097302303
admoveo dens bis,Annie Hirthe,Thriller,2021,1714221232022
acceptus vero impedit,Isabel Cronin,Non-Fiction,1964,9330158585547
ad cariosus aspernatur,Alton Lowe,Fantasy,2024,5273177146887
consuasor summisse eos,Charles Towne,Thriller,2007,7084091589258
adflicto tondeo aequitas,Maureen Schiller MD,Fiction,2008,0462938490183
quisquam depopulo officia,Essie Nienow,Biography,1960,2026012705838
cupio conturbo bestia,Sherman McGlynn,Science Fiction,1955,4903939840652
aestas speculum aro,Salvador Altenwerth,Mystery,1987,5823569281696
vobis dens virtus,Dr. Carole O'Kon,Mystery,1968,1667916855743
aestivus natus vinculum,Tamara Raynor IV,Romance,1999,6877887878485
ex colligo hic,Christopher Hyatt,Thriller,1960,4041777915628
acervus curriculum viridis,Angelo Becker,Mystery,1996,1701410285069
vulnero uredo spiculum,Blanche Streich,Science Fiction,1963,7607739502747
deleo communis bonus,Jeanne Bogisich,Mystery,1990,6152107790198
tersus crebro colo,Clifton McKenzie,Romance,2019,8439624957041
ut nisi cui,Darlene Kautzer,Non-Fiction,1988,4403939718437
patrocinor decretum defendo,Mrs. Kristie Prosacco,Romance,2009,4147247922047
curriculum ante vestigium,Clifford Ondricka,Fantasy,2023,2728863566544
creta degenero una,Mr. Jessie Yundt,Fantasy,2011,1097346116270
theologus virga suggero,Ellis Beahan,Science Fiction,2014,6471915145149
anser totam versus,Anna Towne V,Fantasy,1958,0774308179867
possimus tempus rem,Ignacio Runte V,Fiction,1997,0612383719124
harum tergeo culpo,Dr. Randal Terry-Stracke,Romance,2025,4031987174689
cibus debitis deripio,Ed Bailey,Mystery,1952,9773151750511
conduco comburo decipio,Jesse Mosciski,Mystery,1975,4985169238870
decens turpis administratio,Lorenzo O'Connell,Thriller,2010,7508351680298
vorago provident voro,Van Douglas,Mystery,1964,5870831771496
cornu amaritudo numquam,Manuel King II,Fantasy,2021,8564081940240
amplitudo ascit thymum,Grace Cartwright,Non-Fiction,1961,1319786015275
adficio suggero cedo,Vincent Bins,Thriller,2019,4066659491268
currus vacuus cauda,Ms. April Miller,Thriller,2022,2159591980946
timor aestas debeo,Juanita Leffler,Non-Fiction,1951,6807967374151
stillicidium tristis crinis,Randall Tremblay,Romance,1966,5783080286198
pauper vehemens utilis,Lester Hermann,Fiction,1981,4712219032988
cursim timor coepi,Alfredo Mante-Cartwright,Fiction,2008,0345751981364
beatus casus earum,Kelli Murazik,Fantasy,1969,1133848880318
sit cuius adicio,Sonia Williamson,Romance,2000,7367547582178
caput pauper varius,Mr. Billy Robel,Science Fiction,1950,9839670059000
suspendo accusator amor,Marianne Upton,Thriller,2016,1670638232415
contego theologus tolero,Ashley Padberg,Thriller,1982,6577126635447
casso cursus cernuus,Wm Rolfson,Fantasy,1990,1451107819568
patrocinor sint undique,Carlos McDermott II,Mystery,1963,5705036747472
caelestis accedo administratio,Tanya Kreiger,Romance,2024,4952626073317
coaegresco tabella auditor,Candace Mills,Non-Fiction,1950,6787858979025
summa atqui alioqui,Dexter Ziemann,Fiction,1980,2283370835002
rem tendo cruentus,Jane Hartmann II,Thriller,1959,2339930308482
deleo reprehenderit comes,Jenna Hermann,Fiction,1994,9235894204070
claro somnus accusamus,Benny Gleason V,Science Fiction,2020,0376967365763
thymbra ante argumentum,Rhonda Nader,Mystery,2023,4756783865132
crebro aduro bonus,Mr. Santos Waelchi I,Non-Fiction,1981,7097387068358
uredo nulla caelestis,Felicia D'Amore,Non-Fiction,1999,0049406478157
annus vel ut,Cassandra Powlowski,Biography,2016,7917705409003
averto sodalitas civitas,Jo Mayert,Non-Fiction,1996,9981214713107
tempora comptus umbra,Kim Crist,Thriller,2005,9681679380765
uterque placeat valeo,Alfredo Schmidt,Non-Fiction,1962,1859123955237
aegrus comis desino,Jackie Roberts I,Non-Fiction,1985,9224921127328
dignissimos architecto cenaculum,Mandy Hauck,Non-Fiction,2006,5820016050992
suffragium civitas alter,Tabitha Dach-Hilpert,Fiction,1986,2463577307004
acervus abutor tribuo,Jonathan O'Connell,Mystery,1981,4936383577120
aperte animadverto colo,Noel Farrell,Biography,1964,5267394814264
curis suspendo accusator,Kirk Marvin III,Non-Fiction,2001,9105066685578
delego compono umbra,Pauline Ruecker,Thriller,1952,3088701917612
sunt argumentum tricesimus,Lester Cartwright,Fiction,1964,3598107118120
aeger arca supellex,Evelyn Lakin,Thriller,1969,4088022447964
placeat tenuis amitto,Dexter Dietrich,Fantasy,1963,2788990082357
ratione cauda aegre,Tamara Dicki,Science Fiction,1963,7633304543023
totus vulnus stultus,Irene Emmerich,Biography,1994,4349758051954
perspiciatis socius peior,Marguerite Koch,Mystery,1959,4881627930470
maxime vitiosus absorbeo,Lloyd Reinger Sr.,Biography,2005,2402601628622
possimus spectaculum culpo,Natalie Moore,Fantasy,1952,6470277598492
tandem admiratio aqua,Billy Lind,Mystery,2007,6268752525655
coma vivo minima,Frankie Rowe PhD,Romance,2002,3940853852429
cursus dicta beatus,Jamie Zemlak,Mystery,1990,6909524705607
conor ut doloribus,Dr. Carroll Sawayn,Thriller,2018,7720196730729
caritas corrupti subnecto,Raymond Shanahan,Fantasy,1977,4326505030119
arguo contigo avaritia,Guadalupe Hessel,Science Fiction,1970,6127413440850
sol nostrum commodi,Kim Mosciski,Science Fiction,1950,5741865459348
clamo sonitus tripudio,Ms. Amber Bayer,Fantasy,1968,8326103297279
ademptio deficio venustas,Julian Swaniawski,Fantasy,2011,8216821658498
summisse iure aduro,Merle Ortiz III,Biography,1966,7305594881816
denuo rerum coniecto,Neal Zieme,Non-Fiction,2017,5750187761560
carmen synagoga admiratio,Phil Lueilwitz,Science Fiction,2003,9293234428846
comburo strenuus coaegresco,Mr. Kenny Bins,Romance,1969,0281740069867
confido patrocinor in,Elijah Dibbert,Science Fiction,2007,9210071998629
degusto conturbo spectaculum,Toni Olson,Science Fiction,1971,6886842130452
aperte suus vinculum,Mindy Howe,Thriller,1972,8235206936474
timor possimus trado,Dr. Jacob Corkery,Fiction,2015,9765310048197
verumtamen dolore denuo,Alma Bechtelar,Biography,1993,3524106832929
odio canonicus ullus,Mrs. Rebecca Osinski,Non-Fiction,1985,9761821826829
spargo sequi tristis,Ms. Della Fahey,Science Fiction,1965,6527358486472
virgo aperiam accusantium,Joyce Schuppe,Mystery,2005,1309371539799
calamitas alioqui stips,Valerie Ankunding,Biography,1967,4088591231667
aequus damno centum,Kelly Strosin I,Non-Fiction,2009,0001013966506
curis amiculum possimus,Josh Satterfield,Science Fiction,2015,4399256886737
curso censura dolor,Laurie Thompson MD,Fantasy,1955,6263986739258
aiunt addo vigor,Brett Jerde,Romance,1961,2073724601142
victus valens adversus,Neil Barrows,Fantasy,2001,6429969350563
corrumpo tabgo utique,Kellie Gusikowski-McCullough,Fiction,1972,6611027837701
sui animi ullus,Dr. Garry Toy,Thriller,2000,0374764933718
deserunt avaritia crustulum,Diana Bruen,Non-Fiction,1951,5637701874631
vespillo adsidue verbera,Dr. Hannah Hammes,Fiction,1976,9571059174230
in distinctio suppono,Tim Watsica,Fantasy,1969,4093253877210
denuncio aedificium sumo,Shelia Muller,Fiction,1966,7821778133337
odio rerum vesica,Don Jenkins,Science Fiction,1975,2275735708350
capto texo tremo,Dustin Kulas,Thriller,2013,5803676596882
cimentarius vere vereor,Ramiro Dibbert,Biography,1966,8653769642749
volubilis chirographum velociter,Grady Harris,Romance,1950,9847009487264
triduana in cunctatio,Lucille McCullough,Mystery,1979,6251630142860
tollo canonicus decet,Sabrina Schuster,Non-Fiction,1995,0041195869787
capto suppellex tempore,Ana Pagac,Fiction,1952,3096807621955
aggredior iure degusto,Traci Sipes MD,Non-Fiction,1992,6589850254731
acquiro bibo tricesimus,Frank Ernser MD,Thriller,1975,6116483912012
verbum pauper pax,Carol Kiehn,Science Fiction,1984,1318383340397
vulpes tumultus aduro,Derrick Reinger,Mystery,1982,4232957956163
arto deficio cruentus,Miss Bessie Gleichner,Fiction,1992,7638457707461
audentia sunt deserunt,Natalie Flatley,Biography,1995,4730109424505
aeneus alias claudeo,Ginger Bernhard,Romance,1993,8390469530439
alveus aliqua tener,Max Friesen,Thriller,1988,0877148748033
repellat vergo et,Mrs. Tami Cummings,Romance,1964,5868922179308
decimus vergo urbanus,Kara Koepp I,Biography,2018,4004858829421
aduro crepusculum desidero,James Kling,Non-Fiction,2012,7401037355641
conscendo adflicto aestus,Deborah Krajcik,Fantasy,2012,7897103687142
deduco cenaculum adversus,Joanne Metz,Thriller,1956,5251007541529
iste claustrum absorbeo,Angelica Greenholt I,Fiction,1974,1232199582199
tabgo ulciscor ex,Danny Bergstrom PhD,Biography,2017,8289819868048
talis colo tribuo,Donald Hauck I,Romance,1971,1910349302633
aspernatur volaticus repellat,Dr. Darin Haag V,Romance,1968,2824069356703
calcar tutis doloremque,Carlton Heaney,Mystery,1998,5160076507451
soleo triduana astrum,Mrs. Nancy Rath,Fiction,1954,4607018911740
audax aequitas accusamus,Frank Rosenbaum,Science Fiction,2013,4139145823850
adsum aedificium adamo,Ira Ritchie,Mystery,2009,3082945359099
crebro ater ad,Isaac Bartell MD,Fiction,2021,3990045092029
caute allatus crux,Kelly Beatty,Fiction,2009,8527886772635
demulceo deserunt despecto,Henry Raynor,Non-Fiction,1986,8579122956074
aegrus esse volubilis,Juan Cartwright,Fiction,2022,2335912191495
vester capitulus vinco,Kenny Kunde,Thriller,1968,6889005943859
iure somniculosus thesaurus,Annie Rohan,Mystery,1999,4571943647331
cornu adfero curia,Warren Satterfield,Fantasy,1956,4012312081279
absum abstergo uterque,Cameron Mosciski DDS,Science Fiction,1960,3369060192462
dicta solium alias,Edith Huels,Science Fiction,1980,6513120025745
vulgivagus tepesco nesciunt,Dr. Oliver Graham,Fantasy,1964,7474337754558
vomica adeptio nulla,Guadalupe Daugherty,Thriller,1969,2822925308083
cimentarius confido tergiversatio,Dr. Brett Windler,Biography,1961,4299242991591
nesciunt illum decor,Ms. Jenny Casper,Biography,1981,7408786750511
solum damnatio ceno,Desiree Kris,Fiction,2022,7234963375334
sufficio vicissitudo vesica,Olivia Wehner,Non-Fiction,1960,9867772172172
terreo subvenio vivo,Marion Stanton,Fantasy,1995,8018281724755
cunabula vestrum arbor,Alonzo Deckow,Romance,1951,9342069790377
vinculum talio demo,Julio Friesen,Romance,2017,7951663012758
adhaero appello admoveo,Mr. Sheldon Leuschke,Fantasy,1968,2658048986546
suppellex subito custodia,Monique Hermann,Fantasy,1977,0961286678841
ut abstergo acquiro,Juanita Farrell,Science Fiction,1974,1557057264824
quas antiquus defleo,Abraham Hoppe,Romance,1953,0340272253482
templum tui vespillo,Nicole Price,Fantasy,1969,8554115084351
sui desolo denique,Chris Bartoletti,Science Fiction,1991,8438895261030
ciminatio trucido amaritudo,Lauren Farrell,Romance,1951,0933280872739
alo at audio,Larry Schuster,Fantasy,1974,8323084503491
vaco velut decipio,Katherine Keeling,Mystery,1993,5265314950511
quos suscipio aegrotatio,Rudolph Glover I,Non-Fiction,1965,7767377640744
arma ante decipio,Sonja White,Fiction,1995,0051238125271
termes accommodo concido,Joy Rowe,Romance,1980,1010375787481
curvo perferendis aiunt,Rose Ryan V,Science Fiction,2014,4484135449829
dens nostrum conventus,Rudolph Bednar,Science Fiction,1975,6804355216606
quaerat sub verumtamen,Curtis Reilly,Thriller,1959,3191207550784
amplexus vomica cinis,Cindy Oberbrunner,Science Fiction,2010,9654326526829
villa quisquam vulgaris,Paulette Robel,Non-Fiction,1971,9040369506799
abutor dens clam,Henry Bins,Thriller,1982,3407645442820
assumenda pecus antea,Alison Berge,Mystery,2015,4098923681722
cultellus delicate ut,Harvey Schuster Jr.,Fantasy,2005,6328411857722
denego amiculum magni,Cody Kihn,Fantasy,1998,8502998279935
ipsa defendo stabilis,Jerome Franey,Fiction,2025,9631779699339
defluo trado tremo,Dr. Mathew Runolfsson,Thriller,2017,7600729099337
vehemens video acerbitas,Janis Murphy,Science Fiction,1979,2521497949646
ustilo coerceo fugit,Natalie Gutkowski V,Thriller,1978,1296382884777
synagoga aptus eos,Elisa Prohaska,Fantasy,2007,1166825066771
concedo dolore sollicito,Dr. Daryl Bechtelar DVM,Mystery,1993,4513449862336
crur creptio agnosco,Eileen Pollich,Non-Fiction,1982,0061917430439
urbs alii doloribus,Gerardo Runolfsson,Fantasy,1988,4711783881742
arcesso tibi adnuo,Jody Harris,Biography,2009,7515290220982
tunc veritatis odio,Scott Donnelly,Mystery,1970,1260146025237
thalassinus bonus compello,Elena Kessler,Science Fiction,1965,0004909446036
aeternus cunctatio caritas,Harriet Pfeffer,Fiction,1956,2360400172236
spargo thymbra acervus,Patty O'Hara,Mystery,1955,7223145761479
vilis tempore tamisium,Arnold Miller,Romance,2011,8525868219936
dedico celer acidus,Kayla Abernathy-Ankunding,Science Fiction,2009,4556212347867
comptus apud ullam,Dixie Farrell,Fantasy,1995,0278389601528
dolores harum tardus,Patsy Rolfson,Fantasy,1999,2148779517188
inventore testimonium tardus,Darnell Bradtke,Non-Fiction,1999,9758466617636
celo patrocinor amo,Dr. Robin Carroll,Non-Fiction,1974,1984684677886
supplanto curriculum accedo,Maxine Schimmel,Fantasy,2007,8212759515793
hic nostrum doloremque,Jody Raynor,Science Fiction,1986,2463963770887
turpis tertius verus,Fred Gislason-Kuhlman,Non-Fiction,1960,8180648507733
defungo truculenter atque,Ricardo Prohaska-Ruecker,Thriller,2000,3329950766252
delinquo aduro ulterius,Essie Huels,Non-Fiction,1976,5530392809763
verus sub abbas,Bennie Beatty,Romance,1958,7158960060829
verbera eum aliquid,William Bauch DDS,Romance,2024,3937573857796
volva trepide amo,Dr. Rita Metz-Medhurst V,Fiction,1981,3336455942980
traho ullus territo,Ollie Turner,Science Fiction,1973,0538020382096
ipsam umquam caveo,Mr. Nelson Wilderman,Fiction,2016,3218179426649
contabesco celebrer delectus,Shawna Barton,Science Fiction,1987,6841227501394
deleniti curto cupressus,Marion Terry,Mystery,1981,5236761645111
numquam tempus depopulo,Dr. Ann Green,Biography,2017,1581132191689
magnam ago cognomen,Hannah Wuckert,Mystery,1988,7847500768010
ustilo ventito verbum,Terri Schneider,Non-Fiction,1956,5247381178916
consuasor xiphias totam,Cassandra Bahringer,Thriller,1964,8821268419591
audacia vester arbustum,Lloyd Schamberger,Biography,2023,2151397758096
decimus volo atque,Rita Cummerata,Romance,1996,6677475547499
vulgus surculus urbanus,Elijah Breitenberg,Fiction,1993,5273557341545
centum supra bibo,Ryan Konopelski,Biography,1981,8143315050825
statim tergeo quaerat,Lewis Gottlieb,Biography,1968,5614060669148
audentia optio cubitum,Richard Koelpin,Fantasy,1966,7937938023109
sollicito suppellex taedium,Donald Harvey,Fantasy,1968,3673781128427
audio pauci vado,Katrina Shanahan,Non-Fiction,1991,6164430911725
utrum cognatus combibo,Nick Kerluke,Non-Fiction,1972,9930041575464
vita adinventitias eos,Fredrick Weissnat Sr.,Romance,2016,0428784219026
alveus suppellex cura,Terrance Skiles,Fiction,1989,7637013153711
quam cubo vesper,Marshall Konopelski-Lindgren,Mystery,1957,7132442237542
vorago incidunt coepi,Sara Rutherford,Science Fiction,1959,7030223189029
torqueo occaecati compello,Damon Mann V,Science Fiction,2008,4852500910096
aureus sol demonstro,Phillip Olson,Fantasy,2021,0279464070605
succedo canto vita,Norman Cummerata,Mystery,2020,9558632478896
defetiscor ara repellat,Bryan Botsford,Fiction,1968,2370895181971
natus aegre amplexus,Roy Jakubowski,Science Fiction,1973,2849953721771
barba voluptas rerum,Gretchen Wolff Sr.,Romance,1967,9494829684288
desino odit quod,Philip Yundt,Fiction,1994,4173079120525
victus terminatio condico,Luther Kshlerin,Romance,1970,7626254449217
blanditiis defetiscor amet,Ms. Sylvia McDermott,Fantasy,1961,0735743831292
bibo amor deleo,Ginger Spinka,Non-Fiction,2000,8840231100640
suadeo clementia denego,Kimberly McLaughlin,Romance,1955,4137167042998
vel capio tabesco,Daisy Bernhard,Thriller,2007,6601140546707
optio torqueo aliquam,Ross Langworth,Non-Fiction,1967,7016207616589
spero ultra sophismata,Nicolas Tillman,Fiction,1999,2025972846528
et tergeo conculco,Ignacio Kub,Fiction,2008,7176909983991
turpis careo valetudo,Sherri Ledner,Science Fiction,1996,6739269035980
conor viriliter terror,Dr. Franklin Wiegand-Wisoky,Biography,2004,8300665198382
excepturi basium vomer,Julian Predovic,Romance,1962,1134819615994
anser careo maxime,Claudia Renner,Romance,1963,0949023187360
arcus vicinus amplexus,Aubrey Goyette I,Thriller,1960,5170332242479
thesaurus creta tabgo,Homer Cormier,Non-Fiction,1984,2876611655694
suspendo contra iusto,Steve Bartoletti,Non-Fiction,1976,6260348645461
similique denuncio subito,Loren Yundt-Jenkins,Non-Fiction,1981,2083354974116
aliqua consectetur versus,Loretta Donnelly,Romance,1983,2481179294472
crur suggero sortitus,Miss Carmen Hagenes,Fantasy,1960,1961380888947
allatus voveo tego,Mathew Schimmel,Non-Fiction,1966,2003674864405
synagoga ulterius conor,Maurice Pfannerstill,Biography,2000,4384569230329
velit condico congregatio,Frederick McLaughlin,Thriller,2017,5038653100961
alias suffoco tremo,Vincent Luettgen,Mystery,1970,1564076032369
auditor decimus assentator,Terrance Sipes,Science Fiction,2010,7720954950983
strenuus verumtamen somnus,Salvatore Cole,Mystery,1958,7716394151278
thymbra copia dedecor,Miguel Braun,Mystery,1977,4398651296937
creber temperantia corrumpo,Bessie Adams,Thriller,1965,6803645896517
deficio ceno sit,Kirk Armstrong,Biography,1968,1436682713389
bardus maxime uterque,Gerardo Emard,Romance,1982,8415224844427
asporto cunabula curatio,Elizabeth Johns,Thriller,1954,6830719173235
collum nesciunt casus,Hannah Goldner MD,Biography,1978,6622757200367
inventore deprecator denuo,Megan Nolan,Fantasy,2008,1794581219927
adamo coniecto beneficium,Tabitha Muller,Fiction,2006,0692429542920
ago cena arbustum,Lori Spencer,Biography,1992,4734426267206
quam cur ago,Sandy Mann,Thriller,1970,2569778580742
attonbitus textilis voluntarius,Taylor Conroy,Non-Fiction,1959,0699355458678
velum caritas fugiat,Dr. Barry Jacobi PhD,Fantasy,2021,2144939336234
ratione patruus adopto,Mark Mertz,Romance,2006,4413177702628
quos temperantia adfectus,Kenneth Little II,Non-Fiction,2014,2354049180122
stella tamdiu sulum,Lucille Abbott,Romance,2009,3819274674109
eius textor thymbra,Dr. Rodney Fahey-Powlowski,Fantasy,1970,4477399818276
verto totidem venustas,Lucille Kuhic,Fiction,2022,8264263634236
assentator atque suus,Camille Rogahn,Non-Fiction,1991,5973165466891
viduo adflicto provident,Pearl Bednar,Science Fiction,1953,0422188904820
sublime statim voco,Jake Kling-Jones,Thriller,1976,0088485701873
sulum valetudo coepi,Penny Mayer,Fantasy,2009,0572030948798
socius calculus carbo,Mable Keeling-Batz,Fiction,1980,3300893631074
vitium caute velum,Alan Kirlin,Fantasy,1985,4271797685256
solum textor tondeo,Luke Mayert,Mystery,1952,4333845027874
virga antea umerus,Jody Walter III,Biography,1990,1045811776236
collum consectetur trans,Janice Heaney,Romance,1986,4710160488528
conitor claustrum bis,Virgil Langworth,Fantasy,1964,0766646820035
studio totidem vigor,Sergio Cremin I,Fantasy,2018,7915610736650
cavus earum cena,Jorge Schultz,Thriller,1954,3945359595498
creptio adhaero quas,Emma Spencer,Thriller,1963,7100069780390
contigo aeternus cimentarius,Miss Samantha Hoeger,Fantasy,1981,5782633792517
contra eos amplitudo,Tommie Bogisich I,Thriller,2008,7122070440910
velociter denique vinum,Winston Monahan,Non-Fiction,2007,7540836063256
contego candidus somniculosus,Winston Hane,Thriller,1966,6457944421006
causa soluta defleo,Ed Adams,Fiction,1986,2337553724789
ascisco claustrum volaticus,Saul Dooley I,Fiction,1994,9115817009537
stipes tempore cultellus,Sherry Langworth,Biography,1964,2925098929136
crur quam stella,Lester O'Conner,Thriller,2008,2810466903270
argumentum peior uter,Ernestine Schumm,Science Fiction,2025,7504137002892
hic somniculosus accusator,Faith Berge V,Fiction,2012,0017433533449
ultio cibo sono,Kerry Tremblay II,Thriller,1965,3721656932500
amplus utrum appono,Amanda Bernhard,Non-Fiction,2015,2558022792569
adfero cultura vinum,Camille Cole,Mystery,1981,9971946809067
somnus teres socius,Dennis VonRueden,Romance,1988,9174710874648
sequi cras cur,David Considine,Mystery,2023,6539257668868
arto rerum constans,Sheldon Botsford,Biography,2013,4082802898557
dolore cura arcesso,Elmer Smitham,Science Fiction,2015,3550145482580
tempus cohors despecto,Amber Zieme,Mystery,2023,6344227412146
color ullus undique,Jeannette Kuhlman,Science Fiction,2014,8561555907234
tabesco truculenter cedo,Laurence Haley,Fiction,1959,9949998110067
certus ab complectus,Maggie Altenwerth,Romance,2004,2263630165707
depraedor turbo aegrus,Jared Boyer,Romance,1965,9161967373243
anser aperte sumo,Marsha Russel,Biography,2021,6209198372194
conservo canonicus valens,Nick Spencer IV,Thriller,1983,7108041970421
clarus utpote neque,Tyler Heaney,Fantasy,1950,2890382609682
demulceo vito bonus,Nathaniel Graham,Fiction,2017,7655830449678
adfero vulnero cresco,Neal Krajcik,Science Fiction,2013,3976620827133
amplus curis exercitationem,Allison Huel,Mystery,1950,6683544528922
trucido complectus enim,Mrs. Paulette Bosco,Fiction,2015,0079384373518
curso vulgivagus corporis,Christie Cronin,Science Fiction,1990,4361901991848
adaugeo corona tenax,Gary Baumbach III,Fiction,2006,8386001631890
labore autus laboriosam,Bernard Corwin,Fantasy,1993,5235058780502
volo vulnus ter,Arturo Mante V,Science Fiction,2021,7372106486174
adipiscor torrens deporto,Jerry Fay,Mystery,1985,3117889637650
cetera tempore alius,Mrs. Shelley Yundt,Non-Fiction,1965,8648002472688
terror temporibus ratione,Sandra Fay,Non-Fiction,2019,5991513288590
cohors traho degero,Noah Runte,Fantasy,2006,3943442238499
demum atrox caecus,Mr. Wilson Carter,Fiction,1954,7272589617285
vindico adfectus hic,Kim Breitenberg DVM,Thriller,2007,9747295642564
adulatio talis carcer,Marjorie Collier,Romance,2021,6677384411740
capto spectaculum aurum,Mindy Schimmel,Thriller,1950,2706801315438
error considero tripudio,Marco Green,Mystery,2019,9639039372198
ut repudiandae depono,Sidney Schaden,Thriller,2007,4210182706273
dolorem patrocinor patrocinor,Cindy Runolfsson-Wiza,Thriller,1984,7032418664890
vilicus pauper dolorem,Karen Stanton,Fiction,2014,7821627569177
quibusdam cubicularis circumvenio,Myra Schimmel,Fantasy,2024,0847423574689
theatrum sopor usitas,Dr. Nicole Marquardt,Biography,1976,3516276019415
animus degenero adfero,Frederick Upton,Non-Fiction,2010,1473648931742
magnam quam pariatur,Tim Thiel,Fiction,1967,2997313425159
tantum uberrime stultus,Armando Lesch MD,Non-Fiction,1987,1820799535420
antepono testimonium provident,Carole Stamm IV,Fantasy,1962,2646694402309
ascit decipio iusto,Kari Stehr,Science Fiction,1990,2796570544952
crepusculum facilis summa,Dr. Lorena Bailey Sr.,Mystery,1981,8066765536800
complectus patria ex,Barry Franey,Fantasy,1977,3542251025406
incidunt vetus spero,Levi Ebert,Thriller,1967,4900770082355
angulus abutor desino,Ray Dietrich,Non-Fiction,1965,7861908539959
celebrer quo aegrotatio,Miss Gertrude Towne,Romance,1955,4497575665794
vulgo concido cado,Sean Keebler,Romance,2021,9050389972265
culpo videlicet cursim,Joe Paucek,Fantasy,1952,0995295516725
vero cerno caste,Alan Hauck,Mystery,2012,7576899462997
coepi acquiro blanditiis,Mrs. Lynne Pacocha,Science Fiction,2017,2148981964280
sto pel quos,Wendy Feest,Thriller,1971,8452778527652
ultra sublime illo,Elijah O'Conner,Fantasy,1993,3657261373180
articulus ascit utilis,Dr. Yvonne Jones,Biography,1982,7096137095276
temperantia arcus abscido,Johnny Hansen,Biography,1959,4626447689664
tamquam virgo viridis,Charles Padberg,Biography,1975,5117704146791
thalassinus iure bene,Mike Lockman,Fantasy,1962,8486086417997
coaegresco curtus ver,Mr. Brendan Ledner-Ondricka,Fiction,2011,9283659650580
conitor reiciendis sui,Miss Fannie Roob,Fiction,1957,9604568961410
civitas vigilo alius,Rosa Emmerich,Fantasy,1970,9546658520074
utrimque ait denique,Rose Fadel MD,Romance,1964,2734345955271
accusator crustulum volaticus,Sheryl Yundt,Romance,1954,7038973584943
pauci stips surgo,Kevin Hayes III,Science Fiction,1965,8978481891507
mollitia astrum volutabrum,Melody Grady,Mystery,2014,3421173036845
taceo cohaero arx,Louise Kling,Fiction,1988,1015162045891
cubitum uxor voveo,Rodney Hartmann,Biography,1999,6770747242496
blandior clam sponte,Eleanor Bradtke II,Biography,1954,8434218134945
deprimo socius praesentium,Gloria Nolan,Fiction,1961,4756406764969
absorbeo certe aegrotatio,Dr. Omar McGlynn,Romance,1961,2985243233750
cruciamentum custodia ancilla,Elena Wisozk,Non-Fiction,1977,6893791357520
harum ancilla volup,Amos Ondricka PhD,Fiction,1975,4093720290475
sophismata vestigium vorax,Dr. Joshua McCullough,Biography,2009,4395431909887
articulus tredecim derelinquo,Sheri Dicki-Langosh,Romance,1977,3898459360216
debeo aro deorsum,Angela Wisoky,Mystery,2000,8406564044153
vinco creo ambitus,Phyllis Keeling,Romance,2004,3423306001068
modi cubo caritas,Arlene Quigley,Biography,2021,1184626737291
dolore condico enim,Annette Krajcik,Thriller,1975,9157170842786
utilis totam id,Eugene Corkery,Fantasy,2006,2995826095816
paulatim ultio cavus,Milton Mohr,Fantasy,2005,6974290692729
conicio tres expedita,Lora Heller-Romaguera,Fiction,1952,4663689345115
caput auxilium candidus,Mrs. Jenna Boyle,Science Fiction,2001,7328799661821
conscendo viduo venia,Wallace Mitchell,Thriller,1986,2678069257393
spargo suscipio doloremque,Mercedes Kuvalis,Non-Fiction,1960,9784122673782
accommodo sufficio auxilium,Marguerite Doyle,Mystery,2003,1605324031441
recusandae id suscipit,Jackie Ratke,Fantasy,2022,2053896465947
cum vilitas autem,Andre Kihn-Kilback,Biography,1972,6710834029830
odio video coniuratio,Harvey Heller,Science Fiction,1958,8200798977888
tonsor creator adiuvo,Doyle Koelpin,Biography,1988,4592513895530
viridis solum audacia,Danielle MacGyver-Lowe,Science Fiction,2014,2431438898665
corrupti aspernatur cado,Meredith Von,Fiction,1986,3306858139463
alii clementia voluntarius,Marcus Cruickshank,Fantasy,1984,6793363427704
usus tredecim caritas,Tasha Ortiz,Biography,2009,9289873972350
aequitas iure laudantium,Maureen Tremblay,Mystery,1975,1862621772272
valde sumptus universe,Josephine Wintheiser,Romance,2010,0295109856603
claro repellendus vinculum,Darnell Tromp,Fiction,1955,4035754816806
doloribus subnecto cicuta,Mathew Strosin,Biography,2000,8778154462742
tribuo utrum depulso,Mr. Guillermo Bailey,Fiction,1990,5954880113588
ubi depereo ver,Jacob Cruickshank,Mystery,1986,8353893715428
voluptatem vulgaris thermae,Jerome Bayer,Biography,1966,1239112737580
celo ducimus adsum,Katrina Collins,Thriller,1960,5804235853521
desino adficio tibi,June Greenholt,Biography,1996,2509723268242
deludo brevis sequi,Irene Crist,Mystery,2008,8672587768245
trado circumvenio adamo,Diane Gulgowski,Non-Fiction,2012,6112328002548
deserunt error ait,Mr. Shaun Haag MD,Non-Fiction,1957,0766739093510
approbo enim cogo,Hannah Hand,Thriller,1971,9765380773808
stillicidium venio utroque,Alfredo Torp,Mystery,1996,0311843003464
capillus despecto teneo,Steve Lesch,Romance,2001,0722118295169
quasi suffragium verus,Mr. Julio Hagenes DVM,Fiction,1957,1258437411505
audeo patior cognatus,Sally Hauck,Romance,1966,7349665160088
aequus quaerat uter,Thelma Shanahan,Science Fiction,1980,9291772244821
vesco aliquam adeptio,Corey Bergstrom,Non-Fiction,1978,7764922828347
absum deduco uterque,Ross Stanton,Non-Fiction,1995,2653097806384
confido arbor natus,Dr. Brenda Lindgren,Fiction,1950,4123404548269
derideo aliquam capitulus,Roberto Beier,Biography,2006,0548496524418
thymbra aeternus consequuntur,Camille Sipes,Fiction,1957,7624492088595
tolero uxor volaticus,Alvin Kuhn,Biography,2003,9452934049881
blandior suscipit angelus,Brittany Littel,Romance,2014,4697391055901
calculus capio tutamen,Benjamin Ortiz-Schultz,Biography,1954,5083706343169
astrum denuncio velociter,Chad Morissette,Non-Fiction,1951,8741258258383
cresco natus votum,Stuart Schulist,Fiction,1970,2280745941712
patria auditor desino,Dr. Chad Heathcote,Fantasy,2007,5385852849035
ullam libero cerno,Dorothy Runolfsson,Science Fiction,2014,5239898548845
depopulo allatus damnatio,Anne Wunsch,Fiction,2020,6412968963879
velut aut cilicium,Harriet Graham,Mystery,1974,8260669778344
amoveo sequi aliquam,Jackie Stokes,Non-Fiction,2018,4670888978403
velum cimentarius socius,Andre Pouros,Fantasy,1998,7962855908100
cunctatio correptius fugit,Dr. Eva Dach,Thriller,1960,3215899690840
arguo cattus culpo,Patti Crooks DDS,Fiction,1962,6227446206754
perferendis sophismata illum,Rolando Kunze,Science Fiction,1980,9753395444143
aestivus harum apostolus,Karla Feest,Mystery,1969,5628645042953
sit alter tondeo,Luke Larkin,Fantasy,1970,4097826341093
cupressus verumtamen tabula,Faith Schuppe,Fantasy,1966,0040899582298
adeo aeternus usitas,Jeff Orn,Fiction,2017,2303242308807
bibo patrocinor vobis,Joey Bechtelar,Biography,1978,8640894786198
veniam cetera pecco,Nathan D'Amore,Romance,1967,5304294289579
vae angustus coadunatio,Sylvester Crona,Fiction,1972,2619090422201
ustilo cilicium valetudo,Kara Wintheiser,Fiction,2016,3395002983681
tabella excepturi aestas,Jesse Conroy,Non-Fiction,2013,8893332338459
calamitas decretum confugo,Daryl DuBuque,Romance,1965,5711382023407
officia cupiditate tabesco,Ben Reilly,Biography,1969,4877104310711
auxilium calco pauper,Elaine Leuschke,Science Fiction,2008,8279663007927
adhuc sursum clibanus,Leon Becker,Science Fiction,1969,6985787083997
nemo succurro abeo,Josephine Vandervort,Romance,2021,3331417128527
cupio adopto occaecati,Dr. Irvin Williamson,Fantasy,1966,8127188013061
cedo vinculum supplanto,Anna Considine,Thriller,1951,9127230940902
totus clarus vix,Jesus Jakubowski,Non-Fiction,1962,2944995421326
ratione vos crapula,Roman Weimann,Thriller,2016,0436656055934
a cometes deficio,Pat Kulas,Fantasy,1984,4079379090104
solium porro eum,Elaine Buckridge,Thriller,2022,5376573723844
odio confugo sollers,Omar Bergnaum Jr.,Science Fiction,1984,8605183589558
teneo caecus sono,Jose King,Non-Fiction,1955,2227428382626
veritatis venio voluntarius,Misty Wintheiser,Romance,1992,8967627973144
tabgo vesco temeritas,Stacey Murray-Kunze,Romance,2000,0829421927020
bibo corroboro derideo,Freddie Lehner,Thriller,1976,7239938635231
vinculum claro venia,Justin Bauch,Fiction,1990,7138304581222
molestias repellat tenuis,Eddie McCullough,Romance,1954,1580065530250
venia volaticus astrum,Wilfred Little,Fiction,2018,0303196309243
terreo vitae tolero,Linda Fahey,Fantasy,1976,3121155100037
argentum vobis conforto,Corey Tremblay,Biography,1984,5556025425552
recusandae viscus deporto,Kristina Lakin,Fantasy,2008,8257272386779
vindico carcer advoco,Randy Runolfsdottir,Science Fiction,2008,6088309154424
tunc teres acidus,Geneva Kuhlman,Non-Fiction,1975,4539738486706
volubilis tempora depono,Dr. Charlene Lakin,Biography,2006,4332969238027
verus cotidie basium,Guadalupe Bogan,Thriller,1950,9363808701643
accusantium voluptate maiores,Shannon Feil,Mystery,2018,7040002017895
reprehenderit video arcesso,Estelle Cremin,Fantasy,1963,6489003393264
candidus cavus ab,Jeff Stehr,Romance,1955,9759688556187
commodi vinculum quis,Aaron Windler,Fiction,2006,5204601882081
animadverto adsuesco atrocitas,Wilfred Kling,Thriller,1977,3262252523435
aranea cur harum,Salvatore Johns,Science Fiction,1991,8063073304325
accusamus non comes,Micheal Stark,Fantasy,1951,2744518120861
similique officia admitto,Ruby Trantow,Science Fiction,2005,8015646211284
aestivus itaque coadunatio,Wendy Crona,Fiction,1995,5550610087573
ulciscor degusto amissio,Emilio Luettgen,Romance,1995,0514047728989
beatus cum sunt,Mrs. Roxanne Smith,Biography,1991,6767417556457
approbo coniuratio apparatus,Leigh Schamberger,Fantasy,1986,3530626228805
vulgaris odit tempora,Mr. Al Bartoletti,Biography,1978,3614325528745
verumtamen aetas rerum,Cindy Terry,Science Fiction,1961,0008302799175
comparo adulescens laboriosam,Debbie Osinski,Mystery,1970,5437915118598
cur certus ait,Lucy Kohler,Fiction,1992,9971511308017
tempus thermae eos,Cary Halvorson,Fantasy,2000,9876628586663
thorax ambulo comparo,Rosalie Franecki,Romance,1969,4640873017696
praesentium teneo aduro,Dominick Price V,Mystery,2009,8268512640261
pel depromo titulus,Ms. Yvonne Greenfelder,Fantasy,2020,9806117954282
tracto nihil sum,Marta Fritsch,Romance,2008,1669385859848
veritatis vitae crepusculum,Mattie Stark Jr.,Fantasy,2009,3303569361649
aequus versus suadeo,Hazel Johnston,Thriller,2018,5682777525963
talio cariosus aranea,Roberta Graham,Romance,1978,8113165466119
vapulus uterque centum,Essie Zieme,Romance,2021,0687445863127
suus ater defleo,Janet Prohaska,Biography,2003,6003726454842
claustrum chirographum ambitus,Barry Larkin,Romance,1975,6950018739314
veritatis stillicidium vomito,Rufus Windler,Mystery,2018,2285672591006
statim aurum iusto,Miss Susie Emard,Biography,1992,9706402288110
volutabrum urbs agnosco,Karla Franey,Biography,2005,2444246019068
tego aestus expedita,Geneva Brakus,Non-Fiction,2012,6672942479150
suppono tenetur distinctio,Lance O'Kon,Science Fiction,2024,7842373473291
tergiversatio vir comparo,Jackie Wunsch,Romance,1969,7371135215915
balbus abduco inventore,Hazel Kozey,Science Fiction,1974,5251598484759
dignissimos volva callide,Owen Considine,Science Fiction,1974,7400313591711
conspergo aliqua vito,Clark Rutherford,Thriller,1967,2688193200797
dedecor neque eos,Noel Haley,Non-Fiction,1968,8349764909692
voluptas fuga crudelis,Aubrey Bernier Jr.,Fantasy,2022,0378993504674
delinquo tempus arbitro,Sheryl Emmerich,Mystery,1976,9954631013045
volubilis tribuo trans,Clint Kertzmann,Biography,1985,4524095751870
ambulo spiritus crustulum,Joann Marks DDS,Romance,1983,4399623800818
curia illo commodi,Dr. Alyssa Bechtelar,Biography,2011,2016107886379
rerum amplitudo spes,Miss Guadalupe Pollich,Non-Fiction,2003,8740163899042
tabesco tergo varius,Irvin Kris,Fiction,2021,6392773322837
acsi caelum conor,Alyssa Mills,Fiction,1968,0010417768179
pecus tamquam anser,Erick Thiel-Connelly,Mystery,1969,1316126812098
angustus sordeo corrigo,Kimberly Dooley,Non-Fiction,2005,2827086015095
benevolentia adfectus comes,Nathan Fay,Romance,1971,5991991467363
thymum saepe verto,Darrell Johns,Thriller,1951,4846362821267
vacuus avarus commodi,Nora Murray DDS,Fantasy,1977,9795693594766
conventus celebrer velit,Brandon Mraz,Biography,1983,1869056076592
bellicus depono vito,Raquel Kemmer,Fantasy,1993,4968473449184
tollo vir pel,Misty Hayes,Thriller,2002,3732418932169
quasi depopulo appositus,Peggy Maggio,Non-Fiction,2012,7429628003119
vivo deserunt aperio,Jessie Will,Biography,2006,7124055353860
adimpleo ventosus bestia,Roosevelt Jast,Romance,2024,4385317538065
exercitationem itaque desolo,Jason Kilback,Romance,1955,3058916318816
deludo sumo talus,Essie Windler,Non-Fiction,1983,8644164425867
capto illum confido,Mr. Jamie Kiehn,Romance,1963,1510222735710
caecus certus dolorem,Wanda Carroll,Non-Fiction,2009,3696968907720
tenuis cursus umerus,Maggie Thiel,Fantasy,1960,9229646123678
admoneo clarus denuo,Kelvin O'Reilly,Thriller,1954,2631589133718
decretum angustus torrens,Billie Fahey,Non-Fiction,2012,2438221994075
culpa atque censura,Miguel Tillman,Non-Fiction,2010,6988088370092
vobis caveo cuppedia,Jorge Schaden,Fantasy,1998,3890420497286
cumque chirographum cultellus,Myra Flatley-Kilback,Mystery,1971,2515202224869
ars viriliter dolores,Delores Bosco,Non-Fiction,1988,9987788809444
doloremque depromo nulla,Jeanne Spinka Sr.,Mystery,2012,0436374812064
iusto atqui accusamus,Anita O'Kon,Non-Fiction,2010,0908785275307
uterque absum officiis,Johnny Hahn IV,Fantasy,1970,2039048376864
correptius caute tener,Anita Bruen DVM,Non-Fiction,2024,2950879563366
spiculum dolor votum,Ora Morissette,Science Fiction,1979,4553896928265
beneficium patrocinor versus,Bryan Frami,Fantasy,1998,4673778194725
cetera sint bos,Jimmy Predovic,Science Fiction,1970,5384895323180
demitto cibo avarus,Edith Stehr-Adams,Mystery,2024,9068184391268
crapula asper solum,Kerry Harris,Thriller,1982,8995387999797
trans nam vereor,Ms. Kelli Legros,Fantasy,1977,9429694744261
clementia arbustum cras,Ms. Delia Kutch,Thriller,2011,4972239144848
tempus cuius canonicus,Julian Ledner,Biography,1965,0598032811247
commodo confero ducimus,Randy Ziemann-Upton,Fantasy,1968,4180188984667
compono alter coma,Myra Dietrich,Fiction,2024,6509533081478
surculus velit incidunt,Heidi Schmidt,Fantasy,2010,1345643703425
illo tactus thesis,Jaime Bruen,Science Fiction,1981,7199662974305
denego amissio vulnero,Paul Hahn,Science Fiction,2016,8633770671876
cupiditate aeneus curo,Kelli Goodwin,Biography,2004,2661501693924
charisma umquam aspernatur,Hugo Mueller,Thriller,1972,7550444211732
curis pel tamdiu,Tracy Nikolaus Sr.,Fantasy,1990,6512615187219
astrum pauper coerceo,Stella Hauck-Cummings PhD,Thriller,1980,2467993026920
cubicularis civis volo,Cheryl Kuhn-Rohan,Mystery,1983,8158525687867
ut vestigium tendo,Brendan Huels,Mystery,2008,8317311679003
aranea tamen similique,Mr. Zachary Stehr,Fantasy,2025,6069689483007
praesentium expedita non,Darrel Zboncak,Mystery,1986,1490482500190
pecco utrimque quibusdam,Alma O'Keefe III,Fiction,1971,1822404812362
condico vilis esse,Amy Brown,Fantasy,1999,7565496979398
aestivus agnitio expedita,Geneva Veum,Non-Fiction,1990,9144423828218
traho deputo coadunatio,Jonathan Okuneva III,Fiction,1996,0093484057467
amplitudo ullus temporibus,Clayton O'Hara DDS,Thriller,1990,0579293865594
collum adopto sol,Lola Gibson Jr.,Science Fiction,1964,3743026590371
arbor triduana iure,Myron Maggio,Science Fiction,1957,9549360513092
baiulus rerum advoco,Lisa Brekke,Thriller,1969,3480228705636
crudelis ducimus pecto,Yvonne Hills,Science Fiction,2015,6941515581845
delectatio utique utor,Dr. Wilbert Cormier,Biography,2010,5428628498006
corroboro terminatio cubicularis,Sophia Breitenberg,Mystery,1962,7731749367343
laudantium bis ultra,Tonya Champlin,Non-Fiction,2016,6244544292024
ustulo decerno calamitas,Meredith Botsford,Non-Fiction,2019,9229597161455
tum spectaculum nobis,Elena Windler PhD,Biography,1988,9900824013378
colo cognomen tego,Chad McCullough,Fiction,1999,5495433453567
depulso decretum terminatio,Jennifer Bahringer,Biography,2022,9617361173665
harum vae cedo,Elsa Bechtelar,Biography,1991,8321814692948
colo copia vester,Mario Emard III,Biography,1955,3370465584400
conduco custodia tabgo,Eleanor Hudson,Non-Fiction,1975,9044088560334
ventus desolo aiunt,Mrs. Casey Boehm,Thriller,1991,9290626652659
subseco tristis eligendi,Harry Zieme,Fantasy,1976,2690379958251
tempore amissio tantum,Charles Bogan,Non-Fiction,1991,8218292646487
texo utilis amo,Alexander Fisher,Mystery,2007,1717733853943
attonbitus auctor alioqui,Geraldine Bartoletti-Wiegand,Romance,2017,9998932751388
adsum bellum decretum,Mindy Hilll,Non-Fiction,2009,3746968453956
attero tener claudeo,Mable Gottlieb,Fiction,1958,3332674359541
sono cupressus addo,Orville Hettinger,Non-Fiction,2018,1362824592300
adimpleo utor et,Christie Lynch,Biography,2006,9989801323787
suspendo deprimo accusator,Leona Feil,Fiction,1975,9133262656841
minus tardus videlicet,Bonnie Bernhard,Fiction,1973,0807609827942
aeternus via aetas,Gilbert Luettgen,Science Fiction,1993,9476219646742
stultus aliquam subito,Shawna Lind,Fantasy,1998,1118918996867
textor arceo ustilo,Muriel Schmidt-Sawayn,Thriller,1993,9518890387609
vel eum assumenda,Kathleen Walter,Biography,2017,3045178469065
appositus templum acer,Sally Corkery,Thriller,2007,4434318320040
nulla stultus solvo,Elvira Paucek,Fiction,1997,8485941554536
socius crebro unus,Ada Bogisich II,Fantasy,2020,9553609023763
turbo auxilium speculum,Lyle Towne,Science Fiction,1989,7489693378251
vero aequitas ceno,Janie Schuppe,Non-Fiction,2015,2897314870785
curriculum cunabula caelum,Kelvin Feeney,Biography,1979,5932267867860
terror conventus tenax,Leona Okuneva III,Biography,2000,5216401042033
sit votum stips,Bennie Schamberger-Sipes,Mystery,2003,0137054020627
peior conqueror caritas,Nina Ward,Thriller,1964,3921468758267
curtus contabesco acidus,Mercedes Wuckert,Romance,1982,2726410242467
clementia audax desolo,Irvin Pfeffer,Non-Fiction,2020,0116962738676
quos magnam curso,Bernard Wisoky,Biography,2018,6402499032835
victus artificiose addo,Forrest Schaefer III,Thriller,1980,9187980866614
certus maiores totam,Christie Gleason,Thriller,1957,2884798842855
verus similique arma,Estelle Kuhic,Fiction,1998,2743502808312
ademptio amaritudo sint,Kevin Wunsch,Romance,1960,1485311383824
voluptatem totus vita,Anna Cronin,Mystery,2020,1821680839540
vir cras tyrannus,Johnny Roob,Fantasy,1958,8389580927318
suus vobis est,Hope Russel V,Mystery,1994,0741365759461
infit cado arceo,Ismael Schinner,Thriller,1993,2384670027134
vespillo comitatus decretum,Lawrence Dicki,Mystery,1963,3000671678386
synagoga vitiosus aqua,Casey Hessel,Mystery,2003,7576888932261
voluptate deludo arbor,Cameron Beer,Biography,1985,2297574534979
summisse quis viduo,Carla Sipes,Thriller,1953,3227388048828
comburo speculum numquam,Gerardo O'Keefe-Ankunding,Science Fiction,1954,4576863836038
ambitus vulnero trepide,Felicia Ernser,Biography,2001,9290058552316
coerceo cultellus suppellex,Miguel Moen,Science Fiction,1963,6399040974431
admiratio amplexus solutio,Terry Schaefer,Biography,2020,3676708101592
deprimo sonitus placeat,Jody Schmitt IV,Non-Fiction,2010,0936536139089
laudantium assentator decens,Marcus Schaden,Romance,1995,7374139960372
utrimque officiis cuius,Percy Osinski-Larkin Sr.,Fantasy,1971,3610579020636
usus ulterius thalassinus,Dr. Benny Dooley,Fantasy,2023,2130359360868
delicate socius in,Marian Kub,Romance,2004,3579043299132
aedificium suppellex cursim,Meredith Prosacco,Romance,2003,6337361817623
celer alveus usus,Albert Kihn DVM,Non-Fiction,1966,4240942364771
aestivus confero tactus,Colleen Renner,Science Fiction,1966,4316761939512
aegre conatus cenaculum,Dolores Morissette I,Thriller,1974,5196154775347
velum cubo vulnero,Ashley Rempel,Science Fiction,1969,0210736850615
derelinquo acerbitas viduo,Bert Pagac-Carroll DDS,Fantasy,1995,7897795906181
conventus barba dolorem,Sherry Mayert,Fantasy,1955,2963385931300
vilis tamdiu demitto,Lucia Russel,Biography,1991,7699027567061
vilis agnosco decretum,Dwayne Ruecker,Thriller,1963,8074510051943
placeat deorsum atqui,Steve Kozey,Romance,1958,9855143480519
et demergo cura,Brandy Skiles IV,Fantasy,2018,9716505412758
tardus viridis reiciendis,Ms. Rhonda Jacobs,Mystery,1958,0549329562160
accusator exercitationem caste,Katherine Quitzon,Fantasy,1997,2592421979079
velociter cubicularis aggredior,Karla Rutherford,Biography,1999,2016021853231
deprecator adhuc cubitum,Yolanda Balistreri,Thriller,2025,6826551566788
demergo abundans tibi,Mr. Stewart Becker,Romance,1984,2066552007058
voveo tutis aggredior,Jacob Nienow-Hartmann,Science Fiction,2004,1458220783985
veritatis delinquo nemo,Lynette Lesch,Mystery,1974,4365484700702
tepesco aequitas summisse,Luis Powlowski,Romance,1957,4483869669453
ver inflammatio ascit,Martin Braun,Fiction,1952,1558618100286
ustulo adiuvo delicate,Mr. Allen Schinner,Fantasy,2002,8104719028024
versus deleo apostolus,Mr. James Smith,Romance,1997,9158029739742
cultellus stillicidium caput,Mr. Gilberto Hermann-Trantow,Mystery,1955,5716880132387
claustrum ventus defessus,Max Corkery,Fiction,1971,7279067449320
cunctatio collum triumphus,Gilberto Walter,Non-Fiction,1986,4682060370362
conatus timidus studio,Megan Ankunding,Science Fiction,2005,6183044159357
beatus a magnam,Eleanor Bogan,Fantasy,2013,9860889008102
ambitus curso careo,Dr. Lela Schowalter,Mystery,1969,2867877827202
virga demonstro animi,Sheryl Cruickshank,Thriller,2011,9554068895186
pel stips catena,Preston Becker,Romance,1996,2953386201274
conqueror absum cum,Kelly Pacocha,Fiction,1969,1776875474622
utrum desino constans,Brett Becker,Thriller,2020,5745311157070
tempus decor barba,Elias Spencer PhD,Fiction,1992,9938670934882
tantum illum territo,Molly Jerde,Thriller,1956,3489507545154
soluta creptio vorax,Ms. Deborah O'Keefe,Romance,1970,9358945096639
praesentium solium tertius,Misty Oberbrunner PhD,Non-Fiction,1990,4323170161097
defluo summopere vito,Olivia O'Reilly,Non-Fiction,2015,0182813308109
ustulo tibi vester,Claude Aufderhar,Fiction,1970,1752467301974
defero laborum suscipio,Mrs. Lois Conroy,Romance,1971,6568251722990
damnatio atrocitas quos,Deanna Block DVM,Romance,1968,5465917010655
bibo volva alo,Garrett Schmidt-Cole,Non-Fiction,1997,3890215289203
volubilis decerno arcus,June Doyle,Fantasy,1965,3042246957205
socius stips voluptates,Willis Pouros,Fantasy,2021,5028401678331
bellum culpa auxilium,Velma Mohr,Thriller,1979,1762498769689
acidus patior sodalitas,Emmett Schroeder,Fantasy,1987,4464814537851
amor denuncio coerceo,Erin Mraz,Fiction,1994,1182348078974
capio venio quidem,Otis King,Fantasy,1978,7716635191854
campana deprecator delibero,Gordon Lemke,Non-Fiction,1963,2111809931626
amiculum bibo cariosus,Marshall Borer,Romance,2005,9296327866285
defendo voluptatem perspiciatis,Shelia DuBuque,Science Fiction,2016,0675106162796
acsi aegre tametsi,Tricia Grimes,Biography,1969,4468533158219
usitas vespillo confido,Monica Huel,Thriller,2017,0235226267718
vulnus abstergo voluptatem,Claude Hagenes,Romance,1960,2536390425887
deprecator creo sapiente,Earnest Leuschke,Thriller,1958,6969576773820
tego clibanus vulariter,Rene Gulgowski,Thriller,1969,4291456300318
stella cognomen adhaero,Carlton Nienow,Non-Fiction,1965,0118296190705
soluta aspernatur vestrum,Joanne Bernier,Romance,1995,3976271010196
nulla tergum amita,Alexandra Purdy,Mystery,1968,6294995318636
trado tibi conventus,Marco Reynolds,Mystery,2018,8201865928948
creber confugo cito,Miss Charlotte Rogahn,Mystery,1997,4921091581951
statim vinculum corporis,Lindsay Tromp,Non-Fiction,1998,0216126352066
strenuus adduco perspiciatis,Mr. Max Kovacek,Non-Fiction,1961,7378022645386
caste alius cervus,Phyllis Johns,Non-Fiction,1968,1940326600587
cubitum vinitor tener,Irene Schroeder,Romance,1990,8595384800115
triumphus aurum vetus,Abraham Rice,Romance,1962,1460677762870
delectatio abstergo atrocitas,Mr. Joe Stiedemann,Science Fiction,1983,1726817739568
tempore sunt solum,Margie Muller,Fiction,1989,7579916690439
tumultus pectus curriculum,Grady Brown,Biography,2025,9942136597353
pax assentator vomer,Jessie Blick,Non-Fiction,1965,8366417542937
aranea basium vindico,Dr. Hugo Jacobi,Science Fiction,1961,4524504914414
comminor argumentum adiuvo,Felicia Zieme,Fantasy,1991,6166981669862
auctor supellex benigne,Douglas Parker,Non-Fiction,1996,4886916363048
communis avaritia arx,Emily Price,Thriller,2025,4373985169759
arcesso volo torrens,Loretta Ebert-Heidenreich,Biography,2010,3945224461352
arca vulgivagus vulgaris,Erika Wolf,Science Fiction,2008,5288013779098
supplanto curso canto,Rosalie McKenzie,Biography,1984,6376927268539
corrupti vicissitudo adicio,Dr. Oscar Connelly,Non-Fiction,2022,7421622521222
aureus cauda subvenio,Joy Stamm I,Romance,2004,7031701863693
arceo tamen sit,Rosemarie Wyman,Non-Fiction,1997,1879334905033
calco cedo uter,George Stoltenberg,Biography,1965,2229629092232
consequuntur ver comes,Gerard Rutherford V,Non-Fiction,1989,1409599003830
antiquus sustineo impedit,Levi Robel,Biography,2017,2829991149575
argentum calculus appono,Tara Koepp,Fantasy,1976,8451892450009
vox pecus curriculum,Sherry Wintheiser,Fiction,1994,6710229395609
vesica cuppedia atrox,Jon Bernhard,Fiction,1967,5435482294477
sustineo cuius capillus,Ernestine Prosacco IV,Mystery,2007,3069810667057
saepe adulescens bene,Malcolm Dickinson,Fantasy,2005,4322376019097
attero aliquam vesica,Jean Mertz,Mystery,1976,4958027215025
temptatio caterva votum,Derrick Mosciski,Science Fiction,2008,3319203143597
aveho auctor clarus,Johnny Stamm,Fantasy,1989,8679695238586
dedecor vehemens deripio,Gerardo Beer,Mystery,2012,3883278318757
incidunt amaritudo allatus,Erik Beatty,Mystery,2020,1676860220158
calculus sumo odio,Arthur Sanford,Science Fiction,1975,9161794311289
repudiandae colo tricesimus,Marcos Dibbert,Romance,2000,8833131566289
aiunt dapifer aggero,Stacey Block,Thriller,1953,2205080078802
corrumpo apto terra,Freddie McKenzie,Non-Fiction,1961,4432598842822
cena voluptatibus succedo,Angel VonRueden,Science Fiction,1981,8462820535053
tot vespillo infit,Guadalupe Wiegand-Schmeler,Non-Fiction,2002,7379934307133
deprimo tersus caelum,Marty Harvey,Fiction,1951,9379929280280
veniam tergeo uxor,Beth Boyle,Fiction,1999,5155272459059
tolero conspergo truculenter,Wilson Zboncak,Fiction,1966,0139632124232
sequi comis crudelis,Geoffrey Schuster,Romance,1992,1318007528043
temporibus defluo comparo,Ben Hudson,Romance,1953,4820840430977
doloribus unde admiratio,Trevor Cormier,Fantasy,1965,0974444668560
avarus quod antepono,Sherri Tromp,Biography,1982,4168086503154
torrens ustilo statim,Dr. Jonathan Hauck,Mystery,2010,1827190331242
recusandae culpa super,Lucy Swift,Mystery,2018,4058201330950
neque ciminatio adflicto,Don Hansen,Thriller,2002,6637654124688
tenus conatus decet,Ernesto Greenholt,Fiction,2000,8341872101528
copiose ultio vobis,Lance Rowe,Romance,1971,2601485683955
reiciendis cibus sub,Dr. Edward Stanton IV,Thriller,1970,1424849875603
copia adsuesco cognomen,Mack Witting MD,Mystery,1968,3395138091468
abundans virga acquiro,Dr. Salvador Toy,Science Fiction,1960,1654603322537
tametsi appello caecus,Mildred Funk PhD,Science Fiction,2000,8939816134142
valens contabesco aegrotatio,Mike Bahringer,Science Fiction,1996,0692240351246
stabilis reiciendis mollitia,Vickie O'Kon-Goyette,Fantasy,2008,3892616004627
corona rem audacia,Ella Gerhold,Romance,2006,9922393510385
vallum dens cursus,Wm Christiansen,Romance,1975,4325566815172
verbera capto artificiose,Mitchell Jacobs Jr.,Biography,1998,6419861557254
illo tametsi pauper,Elbert Abshire,Biography,1997,7220803379706
utrimque administratio annus,Oscar Price,Fiction,2002,0256279165574
temeritas caste desolo,Jennie Rohan,Mystery,1959,9494248138343
averto coadunatio adinventitias,Blake Marks,Biography,2001,9664367100836
conforto cubo timor,Faye O'Hara,Mystery,1966,6215627187624
texo cotidie vitium,Dr. Otis Blick,Romance,1993,5268456461058
esse desolo sit,Claudia O'Keefe,Science Fiction,1959,4935381284201
quas deficio ullus,Dr. Erik Beer,Fantasy,1995,7562698750396
curia adinventitias crinis,Kristen Bogan,Fiction,1991,5000352070089
vilitas cubicularis vir,Justin Lemke,Thriller,1971,6548600595074
complectus avarus quia,Jennifer Schoen,Mystery,1970,0693370454571
cinis stillicidium defleo,Edmond Ruecker,Science Fiction,1996,1090548414228
deduco aggredior amplexus,Dr. Winston Hickle IV,Mystery,2007,5917358113870
sequi aptus vel,Mamie Cronin,Fiction,2009,1455495137522
totam decretum barba,Bruce Fahey,Romance,2007,1420491933141
vacuus aspicio amor,Alejandro Bode-Rosenbaum,Mystery,2016,2424054694309
textus decretum crinis,Kristie Gibson,Mystery,1953,9577005879486
ratione alveus damno,Darrin Strosin V,Non-Fiction,1977,9296716722302
consuasor vigilo appositus,Terry Price-Okuneva,Non-Fiction,2005,0281753471504
thymum theologus caute,Laurie Robel,Mystery,1989,3449032606702
vespillo nobis aperio,Dr. Seth Hermiston,Thriller,2015,1170930294069
ventus quis deludo,Miss Mandy Corkery,Biography,1960,4915208275719
vulgaris curatio vetus,Madeline Treutel,Biography,1963,2536443133202
admoveo animi vomer,Marion Flatley,Non-Fiction,2023,5010512053765
occaecati suffragium desolo,Francis Thompson,Thriller,1972,8097141202674
damno atrocitas solvo,Nick Hilll,Fantasy,1977,3764420296483
doloremque patria acquiro,Allan Waelchi,Fantasy,2025,2691012454979
atavus curto arbitro,Claudia Bednar,Romance,1953,8032967592371
vigilo cetera viriliter,Kimberly VonRueden,Fantasy,1976,9010197412787
tondeo spes cohibeo,Dr. Wilbert Wunsch,Non-Fiction,2016,7043417185546
quaerat sequi culpo,Jack Cole,Fantasy,2023,7681375355442
taedium usus voluntarius,Elisa Buckridge,Thriller,1954,8791832432335
ab conspergo calcar,Joan Upton,Science Fiction,1965,3643281169422
officiis vulnus cultellus,Benny Jaskolski,Biography,2017,2319856933013
quas id culpa,Dallas Kunde PhD,Romance,1978,8403906008096
voluptatum accusamus in,Mrs. Carol Walter,Romance,1964,9961816166149
aduro nesciunt delicate,Jordan Leuschke,Mystery,1988,3605356316344
vel aestus coaegresco,Miss Lora Fay,Fantasy,1963,6459806042159
adversus concedo adflicto,Daryl Goldner,Romance,2020,7577853686017
aureus angustus reprehenderit,Marlon Senger,Mystery,2023,7650092696909
cruentus texo tenus,Desiree Zboncak-Kassulke,Mystery,2015,9611949333619
cultura auditor fugit,Ramona Torphy,Fantasy,1954,5868015916758
perferendis deorsum demitto,Santiago Larkin,Science Fiction,1963,6533400768039
cuppedia stabilis capitulus,Gerard Kohler DDS,Fantasy,1990,2236402176286
stips consuasor avarus,Bridget Rodriguez,Non-Fiction,1954,5775077292058
chirographum libero tyrannus,Harold Donnelly,Non-Fiction,2000,1980106747917
aestas confugo delectus,Angie Willms,Biography,2019,0646590903159
dolores vel claudeo,Sheila Kozey,Biography,1961,6628796799989
suscipio suscipio terror,Dr. Kristen Nikolaus II,Biography,1971,1231976617638
amo accommodo temeritas,Dr. Hugh Effertz,Non-Fiction,2000,4817418132987
spes talus aiunt,Barry Runolfsdottir,Non-Fiction,1983,0953642273792
cupiditate ter constans,Luis Mohr,Biography,1972,2737084485119
cerno quis tutis,Holly Pfannerstill,Biography,1957,8645425268034
depromo audeo bardus,Mr. Dennis Cormier Sr.,Fiction,1954,4869209604732
aegre asporto aspicio,Lillian Skiles,Romance,2003,3405981451050
utor corpus capillus,Karl Koepp,Biography,1962,4243090916428
uxor dolores assentator,Ruby Balistreri,Non-Fiction,1958,3922313857877
caute thymum carbo,Clara Pagac,Science Fiction,2008,1472831438957
odio adhaero conor,Joey Nolan,Mystery,2016,0439067877489
atque volutabrum demergo,Samantha Gerlach,Fiction,1954,4137653069764
attonbitus vero votum,Jacquelyn Yundt,Fantasy,1994,5414155225525
supplanto cupiditate adamo,Kendra Kub,Non-Fiction,1954,6012516794834
pel tam confugo,Mr. Guadalupe Raynor,Non-Fiction,1978,9670056002030
ipsa qui solum,Kerry Kulas DDS,Biography,2022,6832059381380
dolores sed solutio,Neil Hansen,Mystery,1957,2643140560295
enim ademptio voluptatibus,Dr. Rafael Klein,Fantasy,1958,6406673306580
beneficium distinctio quaerat,Vickie Waters,Fantasy,2004,7559929401334
truculenter succurro supra,Brandi Christiansen,Fantasy,1999,3046990581178
patrocinor cubitum claro,Jim Ankunding,Science Fiction,2017,7174080982442
aegrus stips avarus,Derek Daniel,Thriller,1963,3111739406962
claustrum admoneo laudantium,Jessie Keeling,Thriller,1971,1137633959227
vinco corporis decipio,Becky Klein,Fiction,2004,4027748568476
desparatus curriculum abundans,Ms. Jackie Senger,Biography,2014,8598946911540
ago adulatio beatae,Otis Haag,Biography,1954,3621946804733
cubitum desparatus asperiores,Earl Barton-Zulauf,Thriller,1990,9756468060454
verbera desidero toties,Lois Stamm,Biography,2009,3856334804364
trans utrum cuppedia,Olivia O'Reilly MD,Non-Fiction,1958,5224724557438
vallum abutor summa,Johnathan Gislason,Mystery,2018,2084593456018
eos incidunt dolore,Curtis Harvey MD,Biography,1950,5271679142629
adfero tempora spectaculum,Rosalie Christiansen,Thriller,2018,3052290604043
varius carcer optio,Dave Stroman,Thriller,1961,1120247382024
maiores vulticulus cetera,Robin Balistreri,Biography,1982,8113216824976
adsum pecus verumtamen,Don Pfeffer,Thriller,1968,2968835724962
sit verbera dolore,Mona Bins,Fantasy,1951,5233720364691
corrupti amita modi,Joanna Nolan III,Thriller,1956,0237437720407
vix nostrum summa,Allison Lakin-Hoeger,Science Fiction,1995,9394873163617
creo thymbra vinitor,Dominick Murazik,Romance,2013,4762887259646
tristis curvo adhaero,Johanna Strosin,Mystery,1986,1959789628107
aliquid curia acidus,Cecil Howe,Thriller,1994,3472586711841
tantillus voluptatem ver,Kelvin Wisoky DVM,Fantasy,2008,3584674184675
adnuo censura mollitia,Rufus Gerhold,Biography,1990,1979989949031
crebro suus auctus,Micheal Senger,Thriller,1993,5874732360495
corrigo cultura arceo,Cathy Thompson PhD,Thriller,1988,0676620836675
curso templum dicta,Jeanne Gottlieb,Fiction,2021,1652687360154
aedificium cuppedia pauper,Erma Kohler-Kuhic,Non-Fiction,1995,8164374339427
callide quod ullus,Marsha Hudson,Science Fiction,1990,7143785438782
undique correptius repellendus,Derek Turner,Fantasy,2000,4376453450868
tergo templum cimentarius,Homer Gulgowski Jr.,Science Fiction,1966,3996753365506
synagoga carbo solitudo,Doyle Gusikowski-Hagenes,Science Fiction,1990,3032594453654
angelus comparo tyrannus,Jennifer Lemke,Science Fiction,2003,0307011551359
cohors tubineus confido,Blanche Lockman,Biography,1990,3933903125219
vox contego vito,Roberta Pacocha,Fiction,2024,9900842449180
cura tandem conspergo,Silvia Dibbert,Biography,2020,5978247086458
paulatim adhaero uxor,Teresa Walker,Science Fiction,1973,6262006267054
theatrum civitas copiose,Randolph Ritchie,Thriller,1999,0034426678449
cultura decet subseco,Natasha Kris,Fiction,1954,0621608747411
conservo colligo sequi,Mr. Bob Hintz Sr.,Romance,2001,8364772591753
vero aliquam curo,Anthony Murray,Fiction,1961,6176273127642
altus bardus vesper,Lillie Mosciski,Thriller,1961,6919537802685
tabernus auctus subseco,Melinda Lehner,Biography,2023,0584806765727
sperno solium textus,Dr. Rufus Bayer,Thriller,1987,9220728567825
aufero virga circumvenio,Kate Little,Non-Fiction,1991,6363621451874
cibo solum clam,Marcus Wunsch-Labadie,Fiction,1965,5100271476536
umbra tergiversatio recusandae,Gabriel Homenick,Non-Fiction,1973,7948628886827
teneo ancilla subseco,Dr. Laura Tillman,Science Fiction,2019,5326109526750
torrens adipiscor desparatus,Tracy Kunze,Biography,2001,8206015661139
valde possimus cometes,Daisy Zboncak,Thriller,2013,5023235399130
hic umbra sol,Dr. Adam Wunsch-Ruecker V,Romance,1998,9937372413981
bellicus veritas vomer,Samantha Kuhn,Science Fiction,1969,9681651378253
tumultus tunc spiritus,Carole Hauck,Romance,1995,6137486423151
debitis spoliatio toties,Mrs. Traci Pfannerstill,Thriller,1951,3413112271466
thalassinus ancilla vester,Ervin Brown,Non-Fiction,1956,0825949833973
vulpes ago desipio,Jeff Lockman,Mystery,1980,1039985678721
convoco vulariter cultellus,Manuel Brekke DVM,Romance,2009,3330286262396
pectus vinco blandior,Dianne Miller,Biography,1999,0595313641641
tutamen trans laborum,Jody Sauer III,Fantasy,2001,1666124715787
thorax cupio autus,Kristie Franey Jr.,Mystery,2016,7107770269862
ciminatio amicitia solvo,Dewey Crooks,Fantasy,2008,8541347786760
angustus delectus amiculum,Jackie Schiller,Mystery,2012,8718801928794
arx pecco suscipio,Lindsay Bahringer,Fantasy,1997,3197706168876
virtus dolorem tener,Sean Stamm,Non-Fiction,1966,7552190332359
iste clamo tremo,Brandy Hermiston,Romance,2015,5062372352775
cornu colo commemoro,Gary Gleason,Non-Fiction,2021,8738443208985
dolorem ut constans,Sheryl Feest,Fiction,1976,0878839203679
acies credo pectus,Sheri Champlin,Fantasy,2007,1459260808482
utique commemoro mollitia,Amber Wilderman,Thriller,1975,8256660433766
vitium saepe volo,Dr. Ruth Barrows,Biography,1991,7552407095001
compono ustilo enim,Guadalupe Spencer,Fiction,2008,8177758088486
attollo arbor cogito,Harry Aufderhar,Biography,1978,1402373578909
angustus cometes studio,Morris Tillman,Fiction,1989,7270634944261
truculenter uberrime delibero,Barry Brown,Non-Fiction,1952,8020827437938
arbustum voluptatum solitudo,Marco Tromp,Thriller,1959,1887407050316
cruciamentum creo virga,Rochelle Goodwin-Pacocha,Thriller,1989,8792823256574
volva vestrum admoneo,Lucia McKenzie,Biography,2005,9119141708930
catena undique angustus,Elvira Steuber,Non-Fiction,1956,2131119104743
color tactus barba,Jody McDermott,Romance,2017,4807191743294
minus concedo conor,Vanessa Cummerata,Romance,1996,0854187603800
speculum usque cruciamentum,Ernesto Mosciski V,Non-Fiction,2004,4012596766723
demitto debilito vilis,Jackie Swaniawski,Fantasy,1959,9825070862398
cura quisquam adflicto,Eunice Bayer,Fantasy,1955,3882573328320
universe thorax depraedor,Mario Kling,Science Fiction,2023,3720727251119
suggero collum solio,Vanessa McDermott,Fantasy,1957,4129835271404
depraedor atavus victoria,Carl Donnelly,Mystery,1987,0489718168817
adiuvo aegre quo,Cesar Leannon,Romance,1993,2149141065748
textor aggredior tripudio,Julius Kulas,Fantasy,2012,0347542788109
voluptate combibo bis,Ruby Kris,Romance,2002,2297239407230
tempore super thesis,Edmund Runte,Fiction,2022,9310527141888
vos incidunt casus,Ella Weissnat,Biography,2019,5492373743577
cui venustas mollitia,Jacqueline Sporer,Thriller,2019,2805343841147
vindico confido comparo,Ken Donnelly,Science Fiction,1988,4282412537652
tristis aer calculus,Cesar Mayer,Non-Fiction,1961,4461962889227
audeo virtus absens,Veronica Swift,Biography,2015,4944613015378
voluptatum comis adeptio,Kelly Torp,Mystery,1951,5884928458594
claro clarus strenuus,Angel Gulgowski,Biography,1964,5346799579893
tolero adflicto magnam,Erma Effertz V,Fantasy,1958,0973350718896
viduo quia absens,Geraldine Marquardt,Romance,1968,4949006360633
aro urbs auditor,Zachary Bartell,Science Fiction,1959,2460787088397
virga comprehendo caelestis,Teresa Botsford,Science Fiction,1993,1239846790729
tabesco inflammatio varius,Martin Kessler Sr.,Science Fiction,1955,6897939427279
validus laborum ipsum,Santiago Schaefer,Biography,2023,9655351636129
celebrer certe confugo,Sadie Barrows,Romance,2009,8283183286787
agnosco molestias adhaero,Tom Rogahn,Fiction,2018,1583515263056
quod aufero demonstro,Muriel Welch,Mystery,2024,5594482850959
colo cotidie amet,Miriam Yundt,Mystery,1980,4408164182272
bardus acsi cubicularis,Francis Durgan,Biography,2012,1278183803174
demulceo necessitatibus balbus,Caleb Rau,Thriller,2008,8850814786179
optio vetus curo,Joe Hahn-Blanda,Science Fiction,1990,4489338959418
compono tondeo subito,Gustavo Runolfsdottir V,Romance,1993,2669679280111
adopto facilis utrum,Dana Lesch,Romance,2010,7471435296228
textilis contra veritas,Jody Schaefer,Romance,1962,9778093114635
solium comburo curto,Laurence Kuhlman,Romance,1993,1082312586943
vespillo vorax sursum,Terri Rogahn,Science Fiction,1976,8471908714491
sophismata tam deripio,Israel McCullough,Thriller,1995,8446542418246
cohibeo appello adsum,Kevin Zboncak,Mystery,1967,2677091914563
venia laborum defero,Stella Hansen,Romance,1962,1999383457812
cetera inventore adinventitias,Paula Wintheiser V,Mystery,2017,9897251788892
tergiversatio uterque temporibus,Lucy Boyle,Biography,2017,6384738985358
asporto certe audio,Henry Murazik,Thriller,2006,3848065081683
cohibeo adficio admoveo,Norma Lemke,Romance,1986,5319124237350
demulceo abbas deprecator,Terrell Sipes,Romance,1996,4454266230732
aeternus quas a,Kellie Dach,Fiction,2022,7251469004480
umbra testimonium tonsor,Christie Breitenberg III,Fantasy,2021,1102987341743
apparatus cubitum eveniet,Adam Crooks-Littel,Romance,1977,6455677301096
adinventitias vita paulatim,Marta Bernier,Fantasy,1998,9817476096192
summopere tabula ducimus,Marguerite Armstrong,Science Fiction,1995,2820437791526
vulgo vae deleniti,Randall Emard,Biography,1966,4616270321303
defluo comedo utrum,Dr. Erica Goldner,Thriller,1962,2899516923483
tristis depopulo creber,Mr. Pablo Ryan,Science Fiction,2007,7761198966442
soleo vox tristis,Faye Glover,Fantasy,1978,2506325404190
labore bestia apud,Faye Ratke,Biography,1995,4803892255793
sursum commodi curto,Mr. Jessie Beer,Non-Fiction,1957,8316462873074
mollitia toties utilis,Javier Block,Romance,1961,2555185920834
absorbeo suffoco modi,Kim Hoppe,Fantasy,1997,4979787422497
cunctatio conatus iusto,Jack Bruen,Non-Fiction,2025,3642159802116
theologus crapula aptus,Ella Shields,Mystery,1986,7472372076851
clarus trans conforto,Dr. Norman Mraz,Science Fiction,1962,5119200178576
sollicito degusto inventore,Susan Skiles,Biography,2021,3925241148520
occaecati cubo custodia,Charlotte Gleason,Biography,1968,6652790696673
defungo caritas adulatio,Mike Emard,Biography,1968,6571039434105
cursim cena advenio,Salvatore Murphy-Torphy,Fiction,1997,8454860928695
dolorum vespillo adnuo,Martin Johns III,Fiction,1957,7229957292926
subvenio decretum dolore,Darla Fritsch,Fantasy,1968,5042470244005
vicinus conduco vulgaris,Shannon Stark,Biography,2019,3566647484902
abeo adstringo solvo,Carla Roberts,Science Fiction,1967,7315086013644
credo coniuratio tribuo,Guadalupe Heller,Non-Fiction,2022,9164034707591
reiciendis nostrum soluta,Cynthia Hilpert,Biography,1958,3971344090052
tametsi adopto assumenda,Geneva Bednar,Fiction,1955,9939402814553
corrupti adaugeo sursum,Boyd Schowalter,Mystery,1964,4290447453511
caput animus vesica,Pat Jones,Biography,2015,0792443013487
cotidie surgo tondeo,Israel McGlynn,Fantasy,1986,7939106982000
pecco velociter vomer,Doreen Ferry,Science Fiction,1985,5448357977511
molestiae tactus usitas,Meredith Parker,Non-Fiction,2011,8430026551194
taceo accusantium cultura,Dr. Roman Rau,Thriller,2012,7131127277136
amplitudo aegrotatio vere,Betsy Koch V,Non-Fiction,2012,9892867961231
coadunatio subseco thalassinus,Melody Conn,Biography,1993,3018835564688
synagoga aiunt casus,Vera Feeney,Romance,1960,3598611583016
bellicus tandem creta,Caleb Sporer Jr.,Science Fiction,1970,9983327694853
peior vilis aliqua,Darla Cartwright,Biography,2019,6369688410791
corpus dolores maxime,Bernard Konopelski,Fiction,1953,7966290460598
ciminatio denuo amor,Ramona Beatty,Mystery,1994,6997410986377
cernuus nihil rem,Roy Smitham,Non-Fiction,1989,4551263561205
casso decet brevis,Deborah Doyle,Science Fiction,1961,9174132916371
ter corporis cupiditas,Raquel Emard,Non-Fiction,1953,5977356157669
tondeo ultio calamitas,Gladys Blick,Thriller,2015,6538205204658
adduco video vicissitudo,Mrs. Ginger Harvey,Fiction,1967,0108850566399
villa sto adicio,Ismael Kunde,Science Fiction,1987,8276137186141
adversus perspiciatis depono,Fred Hayes II,Mystery,1977,7502330643470
recusandae adsuesco sopor,Juanita Kozey DDS,Fantasy,1981,8299191762863
vis cultura coruscus,Arnold Harvey,Fiction,1968,0768114320800
validus abundans vicinus,Forrest Ernser,Fiction,1954,6767262782630
conscendo basium aspicio,Marvin Turner,Science Fiction,1983,4057702465056
talio voluntarius creo,Margaret Heathcote,Mystery,2022,4648709460459
corpus adiuvo amet,Dr. Diane Howell,Biography,1983,1220047248389
ab nobis ipsa,Laura Fritsch,Thriller,1960,2964387665825
ver tepidus carus,Emilio Hettinger,Science Fiction,1999,4322545314525
compello cubicularis correptius,Sergio Mann,Mystery,2004,7785429883257
vorago tametsi dedico,Mitchell Mills,Fantasy,1975,0690071115224
utroque asperiores brevis,Margarita Schultz,Fiction,1963,5589331280903
delego clam capitulus,Priscilla Ward,Fantasy,1966,2662171448285
ancilla itaque tutamen,Edgar Sanford,Mystery,2015,0392608652587
candidus terminatio angelus,Stanley Homenick,Mystery,1961,9841117594332
tutamen bellum temptatio,Elvira Kuphal,Fiction,1973,7876778139257
adeo alter cibus,Percy Murray,Fantasy,2007,6001727957282
cibo vero decerno,Thomas Keebler,Biography,1966,7458709478959
tantillus tenax strues,Marguerite Leuschke,Thriller,2016,8954049053459
annus consectetur tepesco,Brooke Dickinson,Non-Fiction,2020,1677400798674
degenero exercitationem uberrime,Susie Hills,Thriller,1981,1614228140382
acies incidunt peccatus,Mrs. Christie Homenick,Fiction,1988,2875957365435
verumtamen aer demonstro,Mr. Arturo Johns,Science Fiction,1989,5429514076839
ut absconditus corroboro,Mrs. Patsy Dibbert,Fantasy,2017,4861601686539
vicinus termes adamo,Ben Hoeger,Romance,1976,7447457760491
approbo tutis a,Mr. Curtis Howe,Fantasy,2024,9280569376914
demoror alias sui,Raymond Gleichner,Non-Fiction,1950,2939532367909
approbo et vesco,Ronald Oberbrunner DDS,Romance,2004,5723455351605
adeptio velociter asper,Jim Hintz,Biography,1966,7118815889453
subito colo carcer,Irvin Ankunding,Fantasy,1986,8419402127869
cum textor tui,Greg Jones,Science Fiction,2001,2940284984688
sed approbo adeo,Lynda Quigley,Biography,2022,0918529135383
aeternus theca corrigo,Malcolm Larkin,Fiction,1998,4249322064572
ago aeternus caelestis,Sylvia Bechtelar,Thriller,2008,1745734234984
avaritia damno desipio,Vicki Torphy III,Mystery,1980,9441338637092
stella undique artificiose,Erik Heidenreich,Romance,1964,0120742381159
vilis apto totam,Miss Hattie Will,Non-Fiction,1958,2041774574422
stips patior videlicet,Jacqueline Beahan,Science Fiction,1990,1222122857562
magnam tondeo ait,Karla Lockman V,Fantasy,2011,7560051836338
defungo vigor temeritas,Tommy Roberts,Science Fiction,1983,2912870845163
supellex pecco ipsum,Matt Reynolds,Science Fiction,2024,6329822494642
defungo appello aestivus,Hugo Okuneva,Thriller,1994,6737880047431
valde universe socius,Melba Nitzsche,Fiction,1978,8077943981564
demergo venio timidus,Alfred Smith,Biography,2023,1907578232572
a suggero careo,Charles Hauck,Thriller,1954,2402808826603
denuo comis ceno,Cindy Hermann,Romance,2019,3944691827889
peccatus causa assentator,Henrietta Block,Science Fiction,1979,3435201493632
alioqui traho minus,Maureen Bogan,Science Fiction,2021,9113167900015
certe aperio vulgo,Mrs. Mattie Feest,Biography,2016,5699676697545
aspicio appello totam,Sally Yundt DVM,Science Fiction,2009,0845849756472
soluta pectus cerno,Bryan Gorczany,Fiction,1962,4839786510351
alienus deleniti cilicium,Tasha Hirthe,Science Fiction,1994,2689551331496
cubitum suffragium omnis,Dr. Gerard Crooks,Science Fiction,1981,7323788002468
decerno deludo spiculum,Arturo Senger,Fantasy,1984,5732906941353
cuppedia decens vobis,Cecelia Schuster,Non-Fiction,1977,9366821228288
tonsor coma reiciendis,Christian Weissnat-Towne,Fiction,2013,7686413790552
thema cernuus caste,Clara Kshlerin,Romance,1956,6873773133020
calamitas universe sperno,Juanita Watsica,Thriller,2024,9670722665799
cervus inventore pauper,Jodi Koss,Science Fiction,1988,4149600500631
eum commodo contego,Ernest Roberts-Ernser MD,Fiction,1961,0628223226796
attollo utroque voro,Boyd Hermann,Fantasy,1992,8130476327392
velum molestiae textor,David Lehner,Romance,1961,4138064434381
tum currus repellat,Shelley Langosh,Romance,1952,7084072649117
valetudo vespillo corona,Ira Friesen,Fantasy,1978,8621790250487
claudeo consuasor attero,Yolanda Nicolas,Fantasy,1988,1833004071550
sint dolores annus,Theodore Auer PhD,Non-Fiction,1984,8619869388401
vir suscipio tamdiu,Natalie Bayer,Science Fiction,1985,4557707917979
capitulus timidus ultio,Johnnie Rosenbaum,Romance,1970,0583146183649
illo censura allatus,Wilbert Kirlin,Biography,1986,1253167720794
ter vetus decipio,Cathy Connelly,Biography,1977,1246899818745
pauper consuasor aiunt,Mr. Derek Lowe II,Fiction,1976,7332410959926
sit optio vesco,Jessica Howe,Thriller,1958,1805885366737
utroque caecus celo,Sally Quitzon,Non-Fiction,1979,7462496228569
civitas terreo aer,Amelia Mitchell,Non-Fiction,1994,7016523651301
viriliter vero cogo,Dr. Guillermo Mueller,Fantasy,1962,9013963634985
arx delectatio compono,Perry Littel,Romance,1984,8664019694530
totam annus defleo,Annie Wehner,Thriller,1980,1187478261788
xiphias sortitus sono,Pat Armstrong,Thriller,1958,3322763102897
appono agnosco expedita,Raymond Labadie,Thriller,1995,4203758249663
calco a volutabrum,Mrs. Shari Lubowitz III,Mystery,1992,3343100265628
corpus carmen acquiro,Blanca Hermann-Gerlach,Fiction,2012,8629259063656
tracto succedo video,Lisa Runte,Thriller,1968,7696719012075
bellum ut enim,Mr. Enrique Prosacco,Biography,2025,6260322858986
repellendus eveniet antea,Barbara Heaney,Romance,1992,6694699537826
tergum sufficio tonsor,Troy Rippin Sr.,Science Fiction,2014,3323494348522
vomica numquam numquam,Mr. Sheldon Marks,Fiction,1972,9679853375525
crudelis adsum aestivus,Toni Dare Jr.,Science Fiction,1965,8372441899067
abundans vado tutis,Shannon Davis,Thriller,1971,6856471636897
cohors nihil despecto,Gregory Shields III,Science Fiction,2011,7486318773891
vesica crustulum sopor,Moses Koch-Predovic DVM,Romance,1969,2335145558690
demitto suppono cohibeo,June Feeney,Fantasy,2002,8361765335433
degenero tabesco adaugeo,Malcolm Volkman,Fiction,2021,0866476489438
tot cruciamentum ulterius,Ernest Kuhn III,Fiction,2001,7092595448632
aestivus administratio curto,Muriel Franey-Nicolas PhD,Science Fiction,1973,3293216061252
vacuus nihil combibo,Bryan Bergnaum Sr.,Non-Fiction,1968,1691930662307
possimus carus crinis,Amelia Cremin-Boyle,Fiction,1985,6667749110638
totus stultus absorbeo,Mr. Leo West,Fiction,2023,7386867429705
constans thesis turba,Jordan Wuckert,Fantasy,2012,8129065638167
aestivus similique corrupti,Domingo Terry,Thriller,1964,9024764440913
infit trans pecus,Lauren Bednar,Biography,1980,2883652245535
circumvenio tricesimus depono,Amanda Morissette,Non-Fiction,1988,8815035852378
ambulo cibus asperiores,Shelly Cormier,Fantasy,1987,0238672450188
celer acies labore,Francis Schmidt,Fiction,1992,9568878475513
crux chirographum repellat,Ian Swift,Science Fiction,2003,0657420351504
vereor adsum adsum,Mr. Clayton Armstrong,Non-Fiction,2001,4290218692172
vitae viriliter peior,Herbert Jones,Science Fiction,2002,7873490744843
ascit turpis praesentium,Dr. Chris Stoltenberg-Wehner Jr.,Fiction,1989,8599529268173
corporis depereo sit,Elias Rempel,Fiction,2006,2215149432887
sollicito voveo admoveo,Jacqueline Littel-Mertz,Fantasy,1952,0914984370117
tenus derelinquo ambulo,Jimmie Collins,Science Fiction,2000,2213840988825
laborum somnus cohors,Abel Connelly,Biography,1964,3783565601239
appello vitiosus ambitus,Mack Heller,Fiction,2010,4994916706991
varietas minus patrocinor,Sonja Frami,Romance,2006,9765902808624
synagoga tracto in,Eloise Heathcote,Fiction,1995,8227747428997
agnosco tempora coniecto,Ryan Carter,Science Fiction,2013,7185613769186
tenuis curia laborum,Emily Murray,Mystery,1950,4673274641725
claustrum suffragium sufficio,Oliver Marquardt,Mystery,2006,2926094458374
caelestis crebro turbo,Lionel Boehm,Mystery,1950,3596064878985
cauda vel comprehendo,Sam Schneider,Romance,2022,6918507787805
altus antea coruscus,Christy Hauck,Thriller,1973,0184456056709
conitor crux angulus,Dr. Debbie Torphy,Romance,2025,4978527111073
veritatis numquam casus,Brandi Schultz,Fiction,1979,6580652546392
defetiscor vorax dolorem,Clarence Hane,Thriller,1951,9069074767539
circumvenio cupio ceno,Bobbie Altenwerth,Science Fiction,2003,2940303391596
cupiditas beneficium uterque,Mr. Lamar Hermann,Mystery,1988,6069756582181
nisi deprimo ver,Willis Kutch,Fiction,2003,8744956693636
collum agnitio vindico,Rosemary Bashirian,Romance,1997,1797888059157
quidem damno calcar,Carla O'Reilly,Fiction,1981,7716263425471
denuncio dedico suspendo,Ben Halvorson IV,Thriller,1962,4056931410309
alveus altus maiores,Fernando Roob,Fiction,1956,4008543698081
molestias quidem vilis,Amelia Goodwin,Fantasy,1971,8171368226773
at cultellus sui,Shawn Kutch,Non-Fiction,2024,5584049961191
itaque stips velit,Cary Reichert,Biography,1971,3875860708156
magni spiculum amplexus,Holly Hartmann,Fantasy,1954,2495455728056
altus acceptus suscipit,Sonja Morissette,Mystery,1988,7970970909011
aggero atrocitas canonicus,Traci Halvorson,Romance,1971,4745007199200
ventito defleo error,Alfredo Larson,Fantasy,2024,3957450964760
bis quidem cariosus,Clifton Hermiston,Non-Fiction,2001,7829010729206
ab creo demens,Josephine Hagenes,Fantasy,1980,0270472978181
acsi deprecator succurro,Edmond Gulgowski,Thriller,1951,6113691044924
vomica vilis vitium,Ms. Latoya Ankunding DDS,Romance,1983,4962349841291
adinventitias torqueo ipsam,Guy MacGyver V,Thriller,1992,2513472957534
quisquam bestia blanditiis,Gayle Ebert,Fiction,2017,7980011101005
certus ventito taceo,Vicki Wisozk,Thriller,1997,9798445162941
versus enim cupressus,Donald Hammes,Science Fiction,1971,2085763220211
molestias thalassinus at,Margaret Olson DDS,Fiction,1955,2069367952377
degusto adfectus creber,Mrs. Lynette Herzog,Romance,1979,6257617620921
summa advenio adamo,Roberto Connelly,Science Fiction,1951,0023040331578
reprehenderit corrumpo antepono,Annie Bode,Fantasy,2008,1469117529698
terror studio cribro,Ramon Block,Mystery,2009,2392366970703
abbas saepe inflammatio,Mrs. Lois Farrell,Fiction,2025,2792154195846
nihil ea ipsam,Vivian Carroll,Fiction,2016,9708660181922
eius socius nemo,Irma Corwin,Mystery,1956,1080840933954
inflammatio succedo amaritudo,Derek Stanton,Fiction,2015,7900254212878
cupiditate vado cavus,Lee Bosco,Fiction,1989,9654515641721
comedo cilicium amet,Jerome Stamm,Fantasy,1950,3166323930360
ubi balbus stabilis,Ed Hayes,Thriller,1976,5357285287563
communis vulticulus una,Mercedes Trantow,Science Fiction,1969,3235186546078
quas defungo ab,Roosevelt Walsh,Non-Fiction,1975,3279229415647
ulciscor totidem victus,Frances Collins,Science Fiction,2008,3285673529501
tui vulgaris corporis,Jimmie Maggio,Thriller,1951,1233209734955
ustulo tersus nam,Matt Strosin,Science Fiction,1993,3298931159772
amor quasi comes,Eileen Zemlak,Science Fiction,1990,3279522835171
amissio crapula appello,Gertrude Steuber,Biography,2013,9431634765107
tunc ultra cilicium,Sherri Gutmann,Thriller,1993,9466252345716
defero molestiae omnis,Betty Hettinger,Fantasy,1950,6380429020273
tantum tener spiculum,Max Ziemann,Science Fiction,1977,9086704059302
aegrus vitiosus thalassinus,Mike Romaguera,Thriller,2017,0393853706582
sollers textilis degero,Rogelio Wintheiser,Romance,2019,2173749581618
adiuvo ea bestia,Gustavo Thompson,Fiction,1957,9171995185319
patrocinor abutor arcesso,Johnathan Leffler,Biography,1980,5459555412714
adnuo vester crux,Dr. Corey Ferry Jr.,Mystery,2014,1724411268142
cohaero vehemens aegrotatio,Shirley Wuckert,Fiction,1997,5576174001378
deprecator tepesco aegrotatio,Juanita Daniel-Goldner,Romance,1968,5721299441691
acceptus vorago rerum,Veronica Kuhlman,Science Fiction,1996,3831551893189
comedo ab dolorum,Caroline Thiel,Non-Fiction,1971,5849689376219
solus consuasor verumtamen,Christina Heller,Science Fiction,1977,9280592324185
versus cultellus laboriosam,Dr. Elmer Johns,Mystery,1966,5139733510976
modi crux aliqua,Mr. Orville Kohler,Thriller,2000,5301258643563
basium adflicto tristis,Donnie Kuvalis,Science Fiction,1997,1026380502803
talis umbra suadeo,Jack Mraz III,Fiction,1971,9981090355245
velut cogito depopulo,Krystal Lueilwitz,Fiction,1991,7338523690951
comis beatae strenuus,Robin Nitzsche-Block,Non-Fiction,2024,4795602717298
recusandae dignissimos torrens,Kristin Kiehn,Fantasy,1959,6745995310120
sollicito veniam ea,Rebecca Stanton,Science Fiction,1967,6008489507194
temporibus tactus exercitationem,Charlene Deckow V,Fiction,2002,3915467328087
tollo texo stips,Beatrice Pollich,Science Fiction,1960,3417770914617
tergum advoco solum,Greg O'Keefe I,Non-Fiction,1950,7543855812136
facere odio aliqua,Phil Hansen,Mystery,1978,2148959184232
vito arbustum provident,Olga Littel,Non-Fiction,1953,9567716151938
cum qui dapifer,Teri Harvey,Non-Fiction,1955,5728630645186
utpote cena benevolentia,Nellie Brown,Mystery,2006,7800298807209
quasi pecus vivo,Nellie Moen,Romance,1950,2806643183994
totam abstergo victoria,Clay Langosh,Romance,2025,1049367007347
catena synagoga angulus,Rachel Boehm,Biography,2014,4771681906622
terminatio tres condico,Vicki Schamberger,Fiction,2025,6851838022490
deserunt debitis aliqua,Elbert Orn,Science Fiction,1994,5999752536450
adicio arcesso sodalitas,Gerald O'Hara,Romance,2023,9265518999348
eius ancilla infit,Glenda Lowe,Science Fiction,1954,6014437034751
crudelis sodalitas coniecto,Mabel Gleichner,Fantasy,2015,5733507030732
autus volubilis una,Jeff McLaughlin,Non-Fiction,2001,3588659040686
asperiores confugo patior,Ms. Tara Murray,Mystery,1984,0210385856652
cogito depopulo defleo,Robin Schmidt-Grant,Non-Fiction,2010,6743754395963
cenaculum dignissimos constans,Candace Stokes,Mystery,1996,1503796431593
sonitus trans votum,Edna Brown-Friesen,Thriller,1980,7827014851943
baiulus vetus cornu,Lorene Shanahan I,Thriller,2013,9152771245827
cultellus antea angulus,Nicole Harvey,Fantasy,1953,1950690495314
quos harum ante,Billie Hartmann,Fiction,1951,2872724203000
cum volutabrum strues,Nora Schinner,Science Fiction,1971,6000228859437
sollicito aeger denique,Raul Haley,Fantasy,1972,4710690808797
deporto benevolentia vinculum,Alison Stroman,Romance,2019,3054332579317
campana denego adiuvo,Bridget Hickle,Thriller,1967,7680836215686
speciosus tum aliquam,Jack Rath,Mystery,1999,7313345774301
ustulo rem viscus,Ms. Kimberly Collins,Fiction,1989,9306825151427
corrumpo thalassinus sulum,Otis Harris MD,Thriller,2016,2443556831358
creber veritas comedo,Arthur Schaefer-Hilpert,Fiction,2015,6611741217704
concido mollitia adipisci,Henrietta Denesik-Mayert,Thriller,2025,2718835362136
quis asperiores curto,William Sawayn,Science Fiction,2014,4450295165228
eveniet volva argentum,Mrs. Lula Sipes,Romance,1967,1813975333334
conicio amiculum crudelis,Eva Mann,Non-Fiction,1990,8000264122046
comburo una spoliatio,Joe Luettgen,Mystery,1978,1288720562612
quaerat vicissitudo decerno,Mrs. Karla Little,Romance,1960,7527035460770
adiuvo textus sequi,Dr. Nicolas Homenick,Mystery,1992,0322651514842
aranea turba accusantium,Nathaniel Thompson,Non-Fiction,1968,8420828304440
vulgo arbustum peccatus,Mrs. Sadie Okuneva,Biography,2015,3241330623837
comitatus crapula tardus,Bernard Bergstrom,Mystery,1981,3415897194536
abeo ab candidus,Anne Gerhold,Mystery,1967,7879797248828
maiores appositus cavus,Marty Mertz,Fiction,2005,4438234655462
velit sortitus caput,Lloyd Wintheiser,Thriller,1974,8222342505575
contra tabula corrigo,Mrs. Rochelle Langworth,Romance,2011,6522454413505
curvo curtus debitis,Ms. Lucy Anderson,Fantasy,1993,4057119543390
video spargo averto,Mrs. Miriam Watsica,Biography,1967,2436718103154
viridis demergo est,Lamar Torp,Romance,1983,0221633257015
socius textus pecto,Curtis Hintz,Fantasy,1952,4658328232767
distinctio volo tendo,Miriam Orn,Mystery,2025,3202664170402
suscipio contra sum,Randal Mueller PhD,Fantasy,2020,9962954962016
eos undique sit,Dianna Runolfsdottir,Non-Fiction,1992,0800891015276
cenaculum nemo pecco,Frances Nicolas-Bergnaum,Fiction,1954,0590312262359
balbus viscus candidus,Ignacio Daniel,Fantasy,1953,8111003375887
caterva careo uterque,Harold Treutel,Science Fiction,2023,0535079240223
subvenio comedo chirographum,Andrew Skiles,Fiction,2021,5100677342472
aperiam tandem vilitas,Candice Prosacco-Mann,Fiction,2022,0055361886185
tot cupiditas tutamen,Hugh Lueilwitz,Fantasy,1958,0906948593745
quia laboriosam solium,Dr. Lance Pouros,Science Fiction,2018,4254034290224
iste surgo cribro,Rene Klocko,Thriller,1979,1779676452900
utique terebro cunctatio,Colin Jacobson,Biography,2010,6456233497300
subseco derelinquo tribuo,Clayton Farrell,Romance,2016,9406725918358
voluptatibus utrimque cilicium,Charlene Mosciski,Science Fiction,2023,8192712865380
deinde adopto pecto,Amy Shanahan,Fantasy,1964,7634822883189
virgo aspernatur defessus,Dennis Collins,Fiction,2005,0991214310838
bellicus deputo arceo,Chester Shields,Mystery,1982,6887132282166
virgo cariosus auditor,Luz O'Reilly-Jast,Thriller,1986,3552045886372
adicio debitis sollicito,Margaret Swift,Romance,1980,1775874101944
iste adnuo adstringo,Nancy Bartell,Romance,2018,7715746659683
ipsa tertius officiis,Roy Dicki IV,Mystery,1969,2917315678055
solum absum supplanto,Rickey Bruen,Romance,1970,7940549032111
valens depopulo explicabo,Beth Nitzsche,Mystery,2021,1566615695495
tamen subito demulceo,Drew Stamm,Romance,2024,6462605340194
tergum doloribus vulariter,Rufus Labadie,Fantasy,1967,2412501769378
incidunt mollitia utilis,May Crooks,Biography,1986,9382512153339
dolorem cetera xiphias,Alyssa Pacocha,Fiction,2013,0528736059024
vigilo studio ademptio,Wallace O'Keefe DVM,Thriller,1989,3557356448414
quasi maiores abutor,Bradley Gerhold,Thriller,1990,8623741524269
vigilo suspendo ceno,Hannah Wilderman,Science Fiction,1958,6513672656669
arcus atqui sapiente,Sheila Dickens DVM,Thriller,2023,7711490656681
adhaero volva defetiscor,Ms. Leslie Marvin,Thriller,1952,1207450914982
tribuo verecundia cibus,Angel Hudson,Mystery,2000,5917227239121
casus assentator vigilo,Billie Johnson,Fantasy,1993,1223511509252
cupio candidus terga,Sherman McClure,Fantasy,2013,1834753732359
aspicio tergo ver,Wesley Thiel,Biography,1956,4492580142731
degero caput acervus,Rachel Grimes,Romance,1977,4342944315894
cibo thermae deserunt,Betty DuBuque,Non-Fiction,1963,2150730738625
tunc vallum strenuus,Charles Zemlak,Romance,1953,4219300069164
vitium centum ipsam,Allan Emard Sr.,Fiction,1987,4687356757615
cariosus vitium amicitia,Mrs. Heidi Glover,Fantasy,2018,3526004175710
audio depromo curvo,Frederick Monahan,Mystery,1954,8679655809741
sonitus basium atavus,Tom Mraz,Non-Fiction,2004,6553924689398
itaque delectus voluntarius,Emmett D'Amore,Biography,2004,2508695294840
causa officiis sortitus,Ms. Mindy Koepp,Fantasy,1998,9630416738984
damnatio suspendo aqua,Miss Erma Vandervort,Romance,1982,2062495115507
conturbo voluptatem dedico,Moses Stehr,Thriller,1997,1736463556543
suscipit triduana temperantia,Brett Hackett,Biography,1952,2716428921212
suppellex tenus bellum,Edgar Hilll,Thriller,2007,5774380072180
capillus attollo pel,Dr. Doug Blick,Biography,1965,5207102019391
studio pecco antepono,Mrs. Guadalupe Jakubowski,Biography,1995,6614094064921
coruscus clementia contabesco,Terence Heathcote,Non-Fiction,1962,5424675016153
apostolus viscus vilitas,Laurie Dare MD,Biography,2024,5704897296473
subvenio validus odio,Wilma Stiedemann,Non-Fiction,1954,1840074514260
centum nostrum thalassinus,Tonya Maggio,Romance,1997,9800165613934
viscus trado concedo,Clint VonRueden,Thriller,1959,1988347273252
abeo cubo turbo,Jim Mohr,Biography,2004,1113806139325
ancilla socius acceptus,Elijah Schmitt,Romance,1952,3055057558340
quibusdam alii contabesco,Otis Jones,Science Fiction,1988,1987143935581
sequi vero amaritudo,Abraham Nicolas,Romance,2024,0211403632436
vinitor sub amita,Phillip Rodriguez,Fiction,1998,3860873507905
adulescens conatus bardus,Jamie Muller,Thriller,2012,0969580667376
bellicus vorax adsuesco,Kenneth Wehner,Thriller,1956,2430434752278
bis tam spargo,Kerry Strosin,Mystery,1953,2291910522664
aestas eum cariosus,Roxanne Nikolaus,Fantasy,1979,1710236101535
arma vix defaeco,Nichole Block,Mystery,1953,3519487983828
synagoga vilitas virga,Timmy Ratke,Mystery,1951,2387148527344
magnam nemo aptus,Krystal Hammes,Non-Fiction,1966,9557407796680
ab ustilo vae,Alonzo White,Science Fiction,1994,6710258822814
sustineo necessitatibus clementia,Ms. Hazel Hane,Fantasy,2008,6162844368469
torqueo aer verbum,Candice Welch,Thriller,1979,7232376306273
consequatur iste statim,Ms. Mattie Moen V,Thriller,2002,5321516651775
tandem admoneo ars,Ella Wisozk,Thriller,2008,1669387590388
torrens admoveo contabesco,Kellie Dooley,Non-Fiction,1962,0724837432042
trado votum vobis,Elisa Koch,Thriller,2012,7299663840339
aegre ante utroque,Ramiro Gottlieb,Biography,1957,3922238218236
cognomen voro quam,Lonnie Dicki,Biography,1982,0795657213354
conor defaeco cogo,Blake Krajcik,Science Fiction,2017,6551433093801
consequuntur caelum spiritus,Johnny Kertzmann,Non-Fiction,1996,8831009046404
a crepusculum perferendis,Joel Schimmel,Thriller,2023,0104863712417
absque ab minima,Alexis Batz DVM,Biography,1991,1342846123982
aestas thesis culpa,Vincent Yundt,Fiction,2014,8346865645188
tredecim sursum ut,Wayne Kertzmann-Schaden,Fantasy,1955,7331888048481
quas pel acceptus,Greg Gottlieb,Mystery,2006,2139493568540
aperio arcesso amplitudo,Christopher McClure,Fantasy,1966,8471627510307
aeger illum sono,Yvette Veum,Biography,1966,3038302462081
amplitudo taedium desidero,Audrey Johns,Biography,1986,1052128850303
currus cinis voco,Willis Grimes,Biography,1980,4066629040245
tyrannus stillicidium cimentarius,Nicole Dare,Non-Fiction,1967,6331995846453
asperiores delinquo eligendi,Ricardo Mitchell,Biography,1996,2934888740439
ascit dapifer turpis,Lindsay Krajcik,Fantasy,1992,4814530420413
coaegresco vindico spoliatio,Dr. Wilfred Koelpin,Mystery,1964,8099561030337
uxor stips voluntarius,Francis Ernser II,Mystery,1990,0039377935808
venia expedita thymbra,Ramiro Luettgen,Thriller,2024,9578339896207
demum desparatus titulus,Sally Wuckert,Biography,1999,4244257137390
recusandae verus capillus,Gregg Denesik,Romance,1972,7372695211571
consequatur vitae velum,Cameron Kub,Fiction,2000,6877454492901
crux demonstro auditor,Edwin Goyette II,Thriller,2015,0458595953504
quam deduco vulnus,Verna Heaney,Fantasy,2002,1090821964754
conspergo succedo taceo,Dale Heaney,Mystery,1976,8309523122753
sponte claudeo basium,Herbert Beier,Mystery,2014,0476252372467
antea audax uredo,Johnny McGlynn,Romance,2024,8718442522498
amo aiunt stipes,Ms. Yolanda Erdman IV,Romance,1955,5984263916976
cribro sono eligendi,Samantha Price-Mertz,Non-Fiction,2015,8991684348799
conturbo cursus ceno,Doyle Williamson,Thriller,2011,0168528825745
summopere cetera supra,Ricky McCullough,Non-Fiction,1966,5878163664641
copia adaugeo talis,Nina Mayer,Mystery,1997,1059127752428
nesciunt esse patria,Rebecca Stehr III,Science Fiction,2015,2731550566280
quisquam sumo trucido,Maria Hartmann Sr.,Romance,2011,2653446139469
creptio similique praesentium,Salvador Hickle,Science Fiction,2015,4395641540038
vereor tamquam animi,Cassandra Hudson,Biography,2017,6620201183703
quae sit velut,Alex Baumbach,Fantasy,2009,7215389331638
adimpleo amicitia sustineo,Pat Lubowitz,Thriller,1976,3123952574437
pauper caelestis amitto,Dr. Barbara Stoltenberg,Romance,1988,9814103489056
crastinus stabilis beatus,Dr. Dana Hane,Non-Fiction,1971,0284228748026
adduco concedo delego,Lydia Schinner,Science Fiction,1997,8098488843371
ara stipes argumentum,Dr. Willie Morissette III,Thriller,1963,8591844388154
est varius patrocinor,Kellie Koepp,Non-Fiction,2014,7546952466275
pauci stella via,Karl McClure,Romance,1999,2302160080567
somniculosus considero tametsi,Miss Jessie Botsford,Science Fiction,2015,7082743985052
utpote ocer urbs,Eloise Heller,Non-Fiction,1998,3051935229107
aurum tumultus conventus,Emma Schmidt,Fantasy,1964,9228297567419
demens decens sordeo,Jill Cronin,Thriller,1956,8865193237688
vindico balbus alienus,Suzanne Luettgen-Stamm,Non-Fiction,2020,5847317382189
patior somniculosus desipio,Jamie Farrell,Biography,1982,6810954025969
agnosco annus auditor,Elena Ratke,Science Fiction,1971,6088159257380
conforto auxilium vigor,Wallace Kemmer,Fiction,1963,5282809191976
stips strues ipsam,Santiago Weimann DDS,Mystery,2010,4569552907907
terra celo ultra,Wanda Prohaska,Biography,1964,8228090108334
talus amiculum perspiciatis,Ray Buckridge,Biography,1958,1681050400267
spectaculum capillus vallum,Theodore Brakus,Mystery,2018,5201365378883
thymbra armarium totidem,Dr. Joy Kassulke,Science Fiction,2001,4087954314401
conservo strenuus alienus,Clara Friesen,Romance,1981,6910863634291
ascisco agnitio sponte,Cristina Sauer,Romance,2021,0480254180248
acies repellat magnam,Jana King,Thriller,1975,2328290806823
cogito dolore suus,Mrs. Sonia Ankunding III,Fiction,2014,2599572520293
eveniet adamo adsum,Myrtle Lehner,Thriller,1985,6426115668013
adimpleo tondeo nemo,Patsy Nolan-Crist,Non-Fiction,1991,3941762386128
torqueo conspergo claudeo,Paulette Macejkovic,Science Fiction,1951,2716202741487
varietas vir appono,Lynn Lakin,Biography,2009,0250750914997
subvenio cupio conatus,Ricky Ondricka,Fantasy,2001,7161023723492
vacuus alii alienus,Woodrow Grimes,Romance,1989,2841134089047
dolores textus carcer,Mr. Larry Windler,Fantasy,1961,0903293925831
claro occaecati minus,Rolando Spencer,Non-Fiction,1957,0216074060264
aeternus vergo cur,Dr. Garry Marvin,Mystery,2012,5749310905537
subseco speciosus defluo,Valerie Champlin,Biography,1991,1515904677368
defendo cilicium suscipio,Salvatore Rowe,Fiction,2019,7808195261013
termes celer ex,Marianne Grant,Biography,1982,9286046281144
modi terror cena,Brandy Schuppe,Biography,2002,9387150895746
aspernatur admoneo eveniet,Lynne Rohan,Science Fiction,1997,8696852304223
canonicus carbo tui,Crystal Kovacek,Non-Fiction,2006,2199966630951
caveo argentum uter,Katie Wisozk,Fiction,1952,1342749255742
tyrannus caritas vestrum,Miss Molly Sauer,Fantasy,1988,8807963946654
dolorem ara facere,Marvin Hackett,Mystery,1990,2927309823104
virtus alias cedo,May Kshlerin,Fiction,1976,7972781898489
adulatio crastinus sufficio,Sadie Graham,Mystery,2006,7379976815323
voluntarius crinis cupio,Darlene Gulgowski,Romance,1975,9206416795505
adversus corrigo laudantium,Norma Wuckert V,Science Fiction,2017,4077950030448
suadeo viduo stillicidium,Patsy Weimann,Romance,2001,8725493737404
vomica denuncio currus,Marlene Weber,Mystery,1958,0340327373914
appello angustus teneo,Casey Ledner,Biography,1993,9060143336375
vis spiculum terminatio,Ramiro Gibson,Science Fiction,1964,1035022421037
cohaero appono patior,Krista Armstrong,Mystery,1983,0675906250575
cur cilicium canis,Ada Smith,Fiction,1971,9940361720694
turbo averto creta,Ms. Margarita Kirlin,Fiction,1986,1637592745851
conscendo demo tonsor,Georgia Rau,Mystery,1975,7681308662248
cohaero contigo sumo,Dr. Arnold Gulgowski,Non-Fiction,2019,6234814537582
sufficio vita ambulo,Kayla Willms,Fiction,1962,2555050648937
auctor contabesco accommodo,Miss Shari Mayer MD,Fantasy,1956,0108152597314
omnis vinculum arbor,Mr. Luther Bahringer,Mystery,1976,1459348450007
crux sufficio ager,Ms. Kristin Schaefer,Science Fiction,1966,0691205941616
carmen arcus possimus,Mr. Lloyd Ledner,Fantasy,1962,0263490345911
tripudio conatus surgo,Vera Rath,Biography,1952,8312819971429
cauda suspendo nihil,Terry Marvin DDS,Non-Fiction,1982,7984135128121
desparatus dapifer abbas,Delia Farrell PhD,Biography,2001,2291208026637
amplexus suffragium deserunt,Angel Oberbrunner,Thriller,2003,1456687509989
asperiores causa veritas,Toby Satterfield,Non-Fiction,1959,2280385187480
thesaurus tres quia,Angel Conn,Science Fiction,1965,5432018569198
maiores absconditus tactus,Suzanne Zboncak,Romance,1971,9324326104871
sumo amissio sollers,Mrs. Wendy Zboncak,Fiction,2012,2542798045238
cubo sub tres,Elizabeth Kautzer,Thriller,1971,7649822546180
depromo arto cometes,Elsa Labadie II,Fantasy,1985,1242734715948
suffragium statim error,Dr. Alicia Beier,Mystery,1952,2791726898823
fuga tamisium esse,Ricky Renner,Fantasy,2022,8931659744202
surculus creator vapulus,Ms. Latoya Sanford,Fantasy,2019,0071769004864
aptus cui tabernus,Sally Ritchie-Conn,Fiction,2024,6976126527850
voluptatem comprehendo textor,Dr. Dawn Johns,Non-Fiction,2017,5698238441935
argumentum comedo aurum,Maureen Conn,Biography,2001,1023142554382
triumphus capillus molestiae,Margaret Botsford-Steuber,Fiction,1960,5464331549763
acer ventito curis,Cedric Schultz-Harvey,Science Fiction,2016,2512230106520
aequitas virtus ager,Brett Price,Fantasy,2015,8290979689242
cura supellex temeritas,Joann Batz,Science Fiction,1991,1683564400931
campana accommodo vivo,Celia Kunze,Mystery,2012,6461524848165
combibo tibi atavus,Adrienne Dickens,Mystery,1966,4953753575846
facere communis ultra,Manuel Ortiz,Science Fiction,1976,6591351458544
vix appello appositus,Tyler Willms,Science Fiction,1960,0596845242322
absconditus sapiente demulceo,Vivian Dicki,Mystery,1979,1572558920633
triduana utrimque cohibeo,Earl Volkman-Bahringer,Fantasy,2003,0384966946193
ademptio thymbra eum,Dr. Cathy Powlowski I,Mystery,1981,7890025797123
sumo depromo amissio,Lawrence Leuschke,Biography,1970,8085469454754
decumbo cernuus sub,Becky Dach,Biography,1996,2645340011628
rem creber uberrime,Mr. Eddie Pollich,Science Fiction,1966,3755888803238
deleo amo patrocinor,Irma Schmeler DVM,Thriller,2003,2411481076500
dolore ad crudelis,Susie Williamson,Fantasy,2001,0036225605045
claustrum coadunatio reiciendis,Stewart Bashirian,Romance,1977,3354813936932
aggredior videlicet theca,Jermaine Cronin,Non-Fiction,1984,7362982383906
vomer attero bellum,Judith Pouros,Non-Fiction,1958,9188030874829
tepesco suffoco acceptus,Miss Blanche Lakin,Non-Fiction,1957,2849889601716
cruentus verumtamen tantum,Heather Bechtelar,Thriller,2002,7344666107793
veritas vilis alioqui,Julia Homenick,Thriller,1957,3457995860222
auctus temperantia vapulus,Josefina Crona PhD,Thriller,1995,5725367688420
acervus artificiose credo,Dr. Judy Braun,Non-Fiction,2024,0222171270887
corporis cribro voluptatum,Scott Sipes PhD,Fiction,1954,2791764224448
vere totam alo,Tiffany Hettinger,Fiction,1992,0035921780353
nostrum comes cultura,Dr. Elias McClure-Schamberger,Biography,1991,9704294651031
aranea doloremque casso,Jeanne Yundt,Mystery,1960,9906620359034
caelestis aqua argumentum,Miriam Pfeffer,Fantasy,2003,2259887259865
venio cibus crux,Mr. Al Murazik Jr.,Thriller,1969,2539575641142
demum a quo,Max Bailey,Biography,2024,5931905167150
cuius vitium quis,Angelo Zboncak,Non-Fiction,1991,4616428717490
asperiores deinde dapifer,Kellie Baumbach MD,Biography,1995,8645427138263
correptius audax volaticus,Alton Torphy-Schaden,Thriller,2022,6197319171715
commodo aranea termes,Mrs. Rosie Haag,Biography,1985,8249523807532
decumbo tandem demonstro,Mabel Quitzon II,Mystery,1978,3051427231205
odit vomer altus,Archie Shanahan,Mystery,1959,9349828547855
surculus deripio turbo,Carroll Lind,Fantasy,2019,2993369199966
ver basium acceptus,Roberta Smitham,Science Fiction,2004,8786382518426
consectetur curia voluptatum,Lois Zieme,Fantasy,1954,8468155262701
tolero vilitas campana,Clifford Ziemann,Fantasy,2015,1823011804524
tactus ab enim,Alfred Gusikowski,Fantasy,1963,6470439371293
caput cuppedia minima,Miss Krystal Wilkinson,Romance,1960,8261637181396
tracto decerno caecus,Roger Paucek DDS,Mystery,2013,7491651842067
cornu degusto appello,Melanie Mann,Thriller,1959,4053994976645
corrigo accusantium demonstro,Mr. Alonzo Parker IV,Mystery,1964,9940678678528
laboriosam correptius collum,Billie Ebert,Non-Fiction,2005,9548366151244
angelus vesica synagoga,Vanessa Osinski,Romance,1991,7837909494740
solutio verto animi,Darnell Fisher,Mystery,1952,5492582759442
amor sunt minus,Bert Cummerata,Fantasy,2011,0754607070246
absum aliqua volo,Blanche Bechtelar,Biography,2022,1687299428982
sustineo suffoco enim,Gene D'Amore,Thriller,2014,2422437251425
eveniet catena terreo,Juanita Marks,Fiction,1986,2922757762542
abeo spero laborum,Stephanie Adams,Fantasy,1991,5190910406496
ad voveo adnuo,Raquel Murray,Romance,1979,7575838372915
cohibeo fugit celo,Wallace Haley MD,Fiction,1973,9108434567804
corroboro demum cubicularis,Dr. Christy Batz,Thriller,1965,6606031209077
rerum copiose voro,Boyd Labadie,Science Fiction,1969,2301258811705
capio templum consectetur,Lorraine Kuhn,Non-Fiction,1957,4343877882740
occaecati suffoco cernuus,Marion Bailey,Biography,1965,5147403119559
sumo cotidie sordeo,Maria Trantow Jr.,Romance,1970,1452590460826
conitor ulterius alioqui,Carolyn Lehner,Biography,1966,2991828365282
sollicito temptatio suscipit,Lorene Koss,Biography,1955,9788913980390
curo aspicio cado,Mrs. Janis Hodkiewicz,Biography,1972,5230295946645
vivo compono denique,Rodney Lindgren,Biography,1999,5195707722959
vinum carus tardus,Stewart Dooley,Fantasy,1982,4623348542128
crepusculum non verecundia,Ted Ortiz,Fantasy,2023,7786303925292
aestas voluptas patruus,Mr. Adrian Sipes,Fiction,2008,6073855851569
pecto arbor deduco,Lola Gutmann,Fiction,2019,6838672485223
coma praesentium vere,Patsy Davis Sr.,Biography,1951,6311479914603
aeger varius caste,Erica Dooley,Fantasy,2019,0682511795559
caries celo surgo,Tasha Hyatt,Non-Fiction,2005,7770205172264
vulgo tepidus spes,Silvia Spencer,Science Fiction,2016,5924789639417
tremo bestia cribro,Herman Yundt,Thriller,1980,9135106660469
degero averto cedo,Ignacio Trantow PhD,Thriller,2004,4875807627153
labore peior culpa,Virginia Bogan,Fiction,2010,7356756103335
coma vociferor aestas,Vickie Witting,Mystery,2000,6362986891329
bellicus vindico credo,Jeannette Buckridge,Biography,1952,8135833237215
vomer aegre volaticus,Dr. Tami Stroman,Romance,1963,9201621184752
libero summa adnuo,Justin Conn V,Romance,2008,4458149906240
quae asperiores creta,Wilfred Graham,Science Fiction,2002,0301469031009
triumphus excepturi accusantium,Jeremiah Weimann,Fantasy,2005,2350391744726
accusator absorbeo vetus,Homer Kassulke-Hauck,Fantasy,2004,1468311132874
sollers ipsam cras,Cecelia Graham,Non-Fiction,1955,7504395382474
suppono thesaurus baiulus,Lorena Lang,Romance,2023,1375098334923
advenio sed volup,Christina Feest Jr.,Non-Fiction,2019,8285020821922
tutamen demonstro vado,Mr. Gilberto Macejkovic,Fiction,1983,4730082994358
valens minus adipiscor,Heather Feeney,Non-Fiction,1977,0897832173407
vir demens turpis,Wilma Mitchell II,Non-Fiction,2006,3831416735624
abundans tardus tamisium,Christopher Rogahn,Science Fiction,2001,2496459506535
aro administratio suus,Sophie Bernier,Fantasy,1984,3757949400024
velit surculus adfero,Angie Russel,Mystery,2008,1045872376809
ustulo appositus suus,Dustin O'Keefe,Fiction,2005,3354853625483
quas porro tremo,Harriet Goyette,Non-Fiction,1953,0740910549316
decumbo auditor optio,Wanda Bernhard,Mystery,2016,8706128643412
talio eaque vicinus,Shari Goldner,Biography,2003,6458425849400
sophismata spiritus viscus,Scott Rath,Thriller,1987,9190286634024
adinventitias deripio adsidue,Cassandra Grady,Biography,1961,7067817214927
amaritudo non stella,Mr. Paul Dach,Fiction,1984,8991323601940
quaerat fugit provident,Lynette Schaefer,Fantasy,1953,6468992019501
delibero viduo sed,Leticia Haley,Science Fiction,1988,3441271081706
aequus cedo crux,Willie Schultz,Mystery,1982,4220078583499
depromo arto volubilis,Mrs. Sheryl Bartoletti,Biography,1957,6475280971754
supra aestus creo,Dr. Tara Macejkovic,Non-Fiction,1989,6755092301259
adduco tutamen vociferor,Curtis Osinski,Fantasy,2008,0111276188392
vesper circumvenio valetudo,Sharon Parker,Thriller,1960,4933045824496
cupiditate minima sub,Sean Sawayn,Romance,1957,6158735297985
repellat patruus compello,Debra Hansen,Non-Fiction,1950,5802974957173
vindico sodalitas velociter,Shelly Cummerata PhD,Fantasy,2005,4689237885017
curia tyrannus delectus,Emanuel Kovacek,Mystery,1972,8149619025746
sponte adhuc eligendi,Nicholas Schoen,Biography,1961,8418630809230
administratio deprimo magnam,Josephine Kuphal,Mystery,1983,1532687475519
quibusdam venio sit,Leon Pagac,Biography,1961,7230879684044
quibusdam verto debilito,Taylor Howell,Science Fiction,1981,4022384228155
sumo perspiciatis solutio,Mrs. Kelly Herman MD,Fantasy,1950,4262907055421
argumentum cultellus tergiversatio,Shane Gislason,Mystery,1997,4309276027638
arcus acceptus xiphias,Zachary Kozey,Fantasy,2021,9681278734516
accusamus vobis uberrime,Mr. Ramon Graham,Non-Fiction,2002,2991560775428
degenero ante tergiversatio,Julie Runolfsdottir,Non-Fiction,1974,0741196844930
quis artificiose talis,Muriel Bartoletti,Science Fiction,2018,8163778912867
cunabula cupio solitudo,Luke Becker,Fantasy,2004,1805270497668
coepi curvo alioqui,Terri Kris,Mystery,1963,5836164474671
copiose cruentus inventore,Jake Bradtke,Fantasy,1984,4450513438443
benevolentia solvo contra,Jean Parker,Fantasy,2014,1460801703117
vestigium tandem bibo,Harriet Gulgowski,Mystery,1977,7946985197155
conor vigilo carmen,Alfredo Kozey,Fiction,2001,9218799509409
sollers expedita desolo,Deborah Gibson DDS,Thriller,1952,2335880557441
peior tardus clibanus,Ginger Nikolaus,Thriller,1956,5441410721197
clementia vel aegrotatio,Regina Schneider,Fiction,1973,9999845680652
apparatus despecto ustilo,Craig Auer,Science Fiction,2012,2209997816423
aer thema dens,Jana Hayes,Romance,1983,7222008784678
claudeo ullus similique,Melissa Kris-Moore Sr.,Thriller,1973,9410533821071
colo tabgo vinitor,Rosie Doyle,Thriller,2020,6677675532934
spiritus asper crepusculum,Vickie Keebler,Fantasy,1962,7861609002192
repudiandae eum audacia,Lillie Emmerich,Fantasy,1967,6092146789121
suus aureus tandem,Clint Abshire,Science Fiction,2012,5145868091032
tenetur coniuratio vulgo,Jeannie Zulauf,Romance,2020,3584089737603
in celer maxime,Mrs. Laura Hoppe,Biography,2006,4299890281680
via omnis versus,Victor Schultz,Biography,1975,3018675241506
cinis tot pecus,Ida Adams,Biography,1989,4306477745521
amaritudo virga aqua,Loren Adams,Mystery,1961,9169807218873
solio venio apud,Cristina McDermott,Mystery,1975,7573746551361
crudelis enim amicitia,Guillermo Murray,Non-Fiction,1993,7942498668810
pax absconditus baiulus,Alexandra Heathcote,Science Fiction,2020,3616622867649
vorago tantum sodalitas,Thomas Mills,Non-Fiction,2015,1580118636616
conscendo canto nostrum,Rene White,Science Fiction,2014,1829316331478
arceo laborum cognatus,Louis Hamill,Non-Fiction,1974,3059046429194
constans neque tondeo,Margie Bins,Fantasy,2018,8229537335421
utique admitto aliquid,Herman Medhurst,Fiction,2010,8261523258042
terror vis acies,Lynne Monahan,Fiction,1979,6280326741196
adhaero degenero defleo,Terry Spencer,Biography,2007,4520707406970
caelestis pecto compello,Leona Bailey I,Thriller,2022,7277561240839
utor defaeco repellat,Darrin Boyle,Mystery,2019,0573796121042
solutio ustulo ceno,Ricky Mitchell,Fantasy,1994,8533841229649
ara vir spoliatio,Mr. Enrique Boehm,Thriller,1981,4623731610713
despecto ante defero,Tommy Huel,Science Fiction,2002,1713677985713
aestivus demum congregatio,Phillip Stokes,Biography,2025,5803970800994
adfectus atavus utroque,Alonzo Little,Biography,1968,3997307236861
theatrum balbus aequus,Erma Stehr,Biography,1979,0453012370860
cattus alo tero,Casey Koch,Thriller,1992,9186275616169
versus sui spero,Daniel Schamberger,Biography,1982,8293406250794
sumo vix in,Dolores Buckridge,Mystery,1988,6399952221112
accusamus administratio utilis,Daisy Morar-Lemke,Mystery,1990,6815551079247
decipio placeat conservo,Danielle Cummings,Fantasy,2017,9812635760030
ventosus triumphus accusantium,Boyd Quitzon,Non-Fiction,2024,3591559528906
antea consuasor triduana,Mr. Arnold O'Keefe MD,Biography,1953,8552461349503
speculum tremo vaco,May Gottlieb,Thriller,2022,3989835708132
atavus vis valeo,Myra Wilderman,Science Fiction,1958,8011503415686
sublime callide demulceo,Eloise Cassin,Science Fiction,1985,8191861236274
copia comedo vestigium,Caroline West DDS,Mystery,1986,7552347548278
damno claro aureus,Erica Hessel,Fantasy,1993,9743588992584
tantillus nesciunt valde,Angel Runolfsson,Biography,2017,0043369526253
ab solio comes,Donald Dach,Fiction,1956,5845180600525
valens autus decimus,Kara Brown,Biography,2016,8098131862903
abscido speciosus iste,Kelvin Nikolaus,Science Fiction,1995,5413676833418
sum adstringo delicate,Austin Ward-Romaguera,Fiction,2017,2586650176100
cresco pecus impedit,Rogelio Buckridge,Fantasy,1987,7050613519013
villa videlicet antepono,Ms. Rochelle Murray,Fantasy,1961,7506695722080
clementia amet adhaero,Bruce Fahey III,Non-Fiction,2007,8683383032854
animadverto ipsam defluo,Al Kilback,Romance,2000,7738186636677
addo vindico excepturi,Ray Ebert,Biography,1983,4994810976549
aeternus uberrime substantia,Lance Larkin I,Thriller,1988,2592386462074
venio vesper tripudio,Johnathan Keeling,Fantasy,1957,0193065160616
pecco auctor labore,Dr. Rosie Schmeler,Non-Fiction,2000,3838421717006
ventus unde cimentarius,Dr. Lindsey Swift,Non-Fiction,2018,3853783057698
tracto verus nulla,Miss April Williamson,Mystery,1951,3779959759821
velum articulus angulus,Catherine Schinner PhD,Science Fiction,2014,5909584007426
fugiat culpa artificiose,Marion Trantow,Mystery,2017,4880996726191
numquam benevolentia facere,Patricia Zulauf,Romance,2006,7328283837248
damnatio adeptio vulgaris,Evan Carter,Thriller,1987,8645232969644
crur vesco tubineus,Sandra Rohan,Fantasy,2012,6805484308485
curatio aestivus accusator,Gwendolyn Collins,Non-Fiction,2013,4047115785895
victoria abduco omnis,Antonio Marquardt,Mystery,1957,3247415343384
beatus synagoga censura,Shelia Schamberger-Jones,Fantasy,1993,6226575630877
decipio carmen video,Lowell Thompson,Non-Fiction,1972,2322429130241
non sit acceptus,Angela Howell,Fiction,1968,7715517623664
video iusto spoliatio,Alyssa Brakus,Fantasy,1979,5505180073999
sophismata ventosus pauci,Manuel Crist,Non-Fiction,1981,4803982182630
caste tribuo confido,Adrian Wunsch,Science Fiction,1997,2525975768559
collum officiis vilicus,Cary Beahan,Fantasy,1965,0367333658529
tripudio termes nemo,Roger Tillman,Biography,1988,1696037150856
tristis venio corona,Mitchell Will,Biography,1975,9170940585203
vigor spargo dolores,Miss Geneva Rodriguez II,Fiction,1964,6536521416836
collum taedium unde,Leticia Miller DDS,Fiction,2002,8973689077226
corrumpo odit communis,Raymond Borer-Heidenreich,Thriller,1969,4909613724856
carpo suppellex aestas,Carlton Rowe,Non-Fiction,2018,0685241817983
desidero id vacuus,Taylor Lesch,Fiction,1993,7287424525653
coerceo suscipio chirographum,Sandra Grimes,Biography,1984,7970260563465
cohibeo quaerat vaco,Katrina Lang,Mystery,1954,6096287045116
vociferor termes utique,Peggy Haag,Biography,1964,6347488307960
peior cauda eligendi,Doris Langosh-Kirlin,Fantasy,2024,8392250347202
tui subseco undique,Hubert Schimmel,Fantasy,2024,4134557814676
paens tabernus consequuntur,Dr. Debra Parisian,Biography,1955,5085146525472
truculenter timor casus,Jake Weissnat,Mystery,2007,4821161944968
volva vulgivagus sortitus,Kristina Runolfsson,Biography,1999,2319262741753
admoveo abutor solutio,Sergio Bergstrom,Romance,1956,6613361315174
appello celo damno,Mable Heidenreich,Mystery,1989,5952476388497
apud unus cohaero,Carole Ratke,Science Fiction,1973,0345958460666
canis ultio id,Ms. Lynne Wyman,Non-Fiction,1976,6149563867560
censura convoco textus,Becky Ryan,Science Fiction,1964,7167070018296
saepe curia cupiditas,Mark O'Kon,Fiction,1966,2787897686907
civis amoveo sordeo,Sherri Schaefer Jr.,Science Fiction,1977,9947684267271
accommodo acerbitas denique,Gerald Ritchie,Fantasy,1969,0243741499748
corrupti textus virga,Jorge Feil,Romance,2023,9084410565861
cogo deduco dolores,Julian Stroman,Thriller,1977,8214655557706
terebro nulla temperantia,Jane Shanahan,Fantasy,1969,8123540332482
crastinus sumo sollicito,Rex Kreiger,Thriller,1981,6034516499390
titulus vis volaticus,Sherri Daniel-Roberts,Mystery,2014,7720160707363
ambitus sumptus alo,Willie Spencer,Mystery,1999,8206776288263
validus perspiciatis necessitatibus,Todd McKenzie,Fiction,1960,5087409323789
volup clementia acies,Natasha Towne,Fiction,1956,2003713628089
depono comburo cibus,Marian Rice,Fiction,1977,5041781329588
abscido coadunatio cumque,Phyllis Fritsch,Biography,1961,0670610340659
thermae totam cura,Lynne Flatley Jr.,Non-Fiction,2016,5296862492136
aedificium atque attero,Joel Legros,Non-Fiction,2005,1438708492022
terebro cavus cavus,Miss Lucille Block,Biography,2007,2424909631097
sumo voluptatibus accusamus,Arthur Douglas,Mystery,1968,1618102849238
thema vulnus sto,Cindy Batz,Fantasy,2009,3447045392555
vestigium callide conqueror,Darrel Rodriguez,Mystery,2019,6656045091057
vado tener despecto,Marilyn Howe,Fiction,2019,3649653963215
urbanus dedecor comedo,Lena Kub,Science Fiction,1964,9560179494608
repellat sortitus sopor,Glen Gulgowski PhD,Romance,1960,0004037901827
magnam turpis labore,Barry Beier DVM,Mystery,2018,7280338610853
delinquo tenuis angulus,Doug Murray,Mystery,1971,7737827142758
tristis cena apud,Dr. Carolyn Vandervort,Thriller,1987,7870287610658
tum crebro claro,Percy Bartell,Mystery,2000,5449441533243
praesentium cursim deripio,Mark Ortiz,Romance,1971,9343552187184
acidus tepidus ascisco,Kathleen Hegmann,Romance,2008,9128931448658
confido cohors agnosco,Rogelio Boyer,Thriller,1984,6982246824768
verumtamen voluptate deporto,Kristie Lowe,Mystery,2003,2735239870815
caecus unus conicio,Antonia Russel,Non-Fiction,1992,1880206034643
cuius inventore atqui,Samantha Wiegand,Biography,2011,5464571040777
vulgo cursim illum,Dr. Gordon Walsh-Ankunding,Fiction,1973,9401052745199
crur vulariter tremo,Dixie Zboncak,Thriller,2007,5819118071483
eligendi curatio iste,Sandra Wiza,Science Fiction,2023,1208438449063
curso tondeo impedit,Esther Grady,Fantasy,2008,9697447215458
curtus caelestis suffragium,Jean Torphy,Science Fiction,2015,7657392236638
amissio tenus thermae,Cory Hamill,Thriller,2015,3230781207630
ager tantum teneo,Dr. Antoinette O'Conner,Biography,1973,6628866919976
pectus verbum harum,Barbara Windler,Science Fiction,1987,7561756072496
bos auditor aiunt,Mr. Merle Schneider,Thriller,2012,3744093879553
creptio vociferor considero,Reginald Hintz,Fantasy,2006,5085264538506
vestigium collum debeo,Miss Silvia Abbott,Romance,1997,0372953788604
tristis sollers vulariter,Woodrow Bailey,Romance,1979,3398472914872
thermae capillus ad,Tomas Aufderhar,Biography,2000,6546564868880
copia tamquam triumphus,Dr. Johnnie Borer,Science Fiction,1998,4064674526841
tertius ager cavus,Karen Blick V,Fantasy,1985,5297852999296
quos ubi vero,Bryan Crona,Thriller,2007,4934057823525
pauper caritas bestia,Kerry Gleichner,Science Fiction,1966,1312764130631
uterque collum campana,Jerry Kulas IV,Mystery,1987,2256243634997
dolore sint sol,Hope Lowe,Romance,1989,8881224290107
compono uredo nisi,Melinda Weimann,Mystery,1956,2843534983155
valde accusantium ulciscor,Johnny MacGyver,Romance,1962,7651164763830
basium cohibeo adulescens,Dale Halvorson,Science Fiction,2006,9977025288572
facere denuncio tracto,Gerard Waelchi,Science Fiction,1968,4917883260789
depromo verus supellex,Mona Nolan,Non-Fiction,2016,6386104622370
degenero decumbo debeo,Harvey Morar,Non-Fiction,1957,7725679210112
vesper depromo succurro,Rogelio Macejkovic PhD,Fantasy,1952,1515562464533
arceo adulescens decumbo,Danielle Kessler,Fantasy,1957,8460822547394
carbo casus quia,Ms. Candice Kassulke,Biography,1985,2935670572533
caries natus spiritus,Carla MacGyver,Science Fiction,2015,5340472679233
amissio odit optio,Hope Grady,Science Fiction,1994,4688260074743
thymum beatae spero,Darren Bins,Non-Fiction,1982,4820647171729
delego conqueror aureus,Taylor Lynch II,Non-Fiction,2013,9205760680772
argumentum ager caute,Leroy Bahringer,Fantasy,2020,5341048461461
spiritus vociferor astrum,Mr. Bryan Cole,Fantasy,1998,8116949499027
terra ventosus catena,Dr. Melissa Dietrich,Thriller,1974,6802681519934
paens umbra thymbra,Shari Weber,Thriller,1990,7284932344139
cultura aduro truculenter,Kellie Kulas,Fantasy,2015,0941529681500
alo aspicio cursus,Salvatore Fisher,Thriller,1986,9757230768783
doloremque cur corpus,Sara McDermott,Science Fiction,1963,8566733238207
carus tutamen cursus,Steve Turcotte,Biography,1958,0186013491777
conscendo demonstro turba,Warren Grady,Science Fiction,2001,7338051846947
demonstro adhaero balbus,Dr. Joshua Ruecker,Biography,2011,8463754528434
suppellex sursum appositus,Marjorie O'Kon,Non-Fiction,1958,0198268981728
vilis coadunatio cumque,Wallace Stamm,Fantasy,1965,1515723334184
volutabrum viscus trado,Emily Nienow,Science Fiction,1988,3051829925394
cubicularis studio decet,Dr. Warren Willms,Mystery,1972,7380375822529
somniculosus aggero supplanto,Guillermo Effertz,Romance,1967,7196839648548
statua aggero vicissitudo,Melody Runolfsson,Thriller,1961,6253492117857
comis acervus deporto,Roland Windler,Biography,2023,4902723278597
tunc cubicularis summisse,Mr. Jake Harber,Thriller,1988,2730470157714
alias adflicto repellendus,Emanuel Rau,Romance,1977,5523447290354
ara pariatur appono,Elaine Friesen,Mystery,1996,8635711163800
truculenter tempus vinculum,Norma Koepp IV,Romance,1992,7995665084302
pel defero succurro,Jaime Keeling,Biography,1997,8507256979797
pax absque crur,Dr. Megan Crona,Non-Fiction,1990,1995430172181
verbera claro coerceo,Miranda Zemlak,Science Fiction,2020,4918819184887
ante caecus curatio,Victoria Morissette,Thriller,1981,4393431038919
pax ad astrum,Traci Ebert-Armstrong,Fiction,2023,7285750351609
aequitas undique stultus,Dr. Arturo Murazik,Romance,1967,9206322539600
ab adaugeo torrens,Krista Robel,Mystery,1987,2291245218964
corrumpo tenus quam,Joey Torp,Romance,1961,0366231151804
bonus vis victoria,Francis Runolfsdottir,Fantasy,1974,5690204403493
debilito saepe callide,Kathleen Goodwin-Bashirian,Mystery,2020,2211456717211
ciminatio vapulus traho,Shawna Hahn,Fantasy,1974,7523922189196
ars cogo abscido,Joan O'Kon,Fiction,2001,5969363702674
curto defluo sol,Sheri Volkman,Science Fiction,1950,2855589874077
tamdiu charisma conturbo,Josephine Gerlach,Science Fiction,1966,1727415770053
illum conventus avaritia,Connie Bailey,Thriller,1987,5794273831020
crastinus desparatus auditor,Jackie Ritchie,Science Fiction,2007,7004446352366
caveo fugit demoror,Barry Senger-Steuber,Mystery,1951,8172857745778
quo ver adfectus,Percy Padberg Sr.,Thriller,2011,4578477745271
decipio sapiente facilis,Stacy Crona,Romance,1958,2458395893136
theca perspiciatis comptus,Julian Olson,Thriller,2018,7774423051779
corrupti agnitio aperte,Sarah Kessler,Non-Fiction,2025,2640622052510
video aranea accusamus,Hugh Feil-Schmeler,Fiction,1951,6693150416101
officiis comminor saepe,Everett Kris,Non-Fiction,1980,3528833542464
cena ultra sapiente,Ms. Rebecca Leuschke,Thriller,2007,3940953545298
cauda thalassinus calco,Shelley Connelly,Non-Fiction,1983,1308007227920
id pectus contigo,Mr. Harold Roberts,Science Fiction,2009,6624926829536
viscus trado accusantium,Steve Ullrich DVM,Romance,1992,7892023421443
ait fuga utor,Cynthia Smitham,Fiction,2005,8781018841287
hic voluptatem uxor,Jennifer Batz,Thriller,1974,6759711597524
somnus subvenio enim,Shane Klein,Science Fiction,1976,0213310544844
animus creator conspergo,Dr. Travis Abshire,Science Fiction,1990,1180862244108
arca quos tutamen,Shawn Von,Fantasy,1978,3498244536993
advenio tempore tergeo,Mario O'Conner,Science Fiction,2014,2762511934342
undique denego demulceo,Ada McKenzie DVM,Fiction,1952,8775268877447
caveo amplus concido,April Robel V,Non-Fiction,1972,9456873749574
tametsi solio desidero,Mrs. Charlotte Windler,Romance,1965,8794623217916
tunc vesper excepturi,Olive Skiles,Romance,1985,9490620135752
advenio astrum neque,Craig Bogan,Biography,2025,3807957599018
vicissitudo admiratio venustas,Everett Pfeffer,Mystery,1988,8587501249054
sapiente tepesco contego,Salvatore Hessel,Thriller,2022,3724062775269
torrens ascisco decet,Mr. Leland Collins,Non-Fiction,1960,9622727742921
balbus adflicto molestias,Mr. Brendan Purdy,Science Fiction,2013,8457527016923
vinculum confero quisquam,Lorena Feeney I,Non-Fiction,1991,5709127233240
velociter fuga officiis,Lynda Heidenreich,Biography,1961,5640776927194
copiose nemo dolore,Philip Klocko,Thriller,2002,9464030477659
sulum altus amita,Miss Velma Howell IV,Romance,1989,7280760818756
id abscido voco,Mr. Edward Macejkovic,Mystery,2017,4509075592561
triduana deprecator ustulo,Devin Daniel,Romance,2014,6388975160694
crebro advenio commemoro,Jeanette Flatley,Thriller,1954,0656818882115
appositus optio aspernatur,Roderick Herzog II,Fiction,2012,3266537398147
ascit benevolentia adaugeo,Nadine O'Conner,Biography,1990,1249715172534
cito caute capillus,Linda Armstrong,Biography,2002,4151588259203
vorax reiciendis caecus,Florence Marvin,Fantasy,1976,8405019243054
turpis verto supra,Darnell Schamberger,Romance,2019,7122919113355
vesper solvo amicitia,Sadie Cummings,Science Fiction,2012,3488826247009
argumentum cursus deinde,Gordon Morissette,Mystery,1968,7642907400252
altus advenio reiciendis,Shawna Hoeger,Biography,2017,9597695586935
comitatus vulnero vito,Mr. Erik Veum-Kessler,Non-Fiction,1966,5602839621012
verecundia sum infit,Mr. Jesse Connelly,Fantasy,1962,5221169117000
quo admitto tener,Stella Weber,Fantasy,2018,2269716064198
vulariter teres creo,Miss Lucia Kemmer DVM,Biography,1992,3769123990791
ater stipes possimus,Ervin Tromp,Non-Fiction,1985,9220708656310
bellum tertius similique,Geraldine Sanford II,Thriller,1976,5095359515482
soluta adopto vereor,Ms. Kristi Ryan,Mystery,1989,7053389320651
campana ager pariatur,Elsa Koss,Non-Fiction,2001,7073156363045
attonbitus venustas cimentarius,Jermaine Quigley,Mystery,2017,9065284687232
amet ea ciminatio,Dr. Erin Donnelly PhD,Science Fiction,1954,9190665378089
audeo charisma tristis,Janet Morissette,Fiction,2013,4357695063442
ustulo corroboro exercitationem,Allison Kirlin,Mystery,2025,7510769834281
thorax attollo spiritus,Miguel Baumbach,Biography,1995,7719475608879
harum amita acerbitas,Leon Greenfelder,Biography,2004,2954653357473
decimus ago suadeo,Alan Hessel,Biography,1953,4346017994161
traho solio attero,Beverly Terry I,Fiction,1983,0897263596284
capto sumo crinis,Gustavo Kutch,Romance,2017,9073199529272
terminatio audax voluptatem,Jamie Hudson,Science Fiction,1959,4144843141224
casso depopulo thema,Mr. Jorge Gutkowski,Non-Fiction,2017,0896211136821
tenax cribro victus,Dr. Preston Klocko,Science Fiction,2006,6365120176067
thesaurus caveo beatus,Erika Harris,Mystery,1999,3955348301019
caterva depulso subiungo,Luis Monahan,Science Fiction,2024,2688872234104
theologus quo accendo,Marcos Hand,Biography,1986,5562688614820
alii ago communis,Clint Wuckert,Non-Fiction,1981,8623443022635
cimentarius aro similique,Drew Fritsch,Fiction,1977,2296293620847
molestias volubilis vorax,Pearl Mann,Fantasy,2001,0478027289411
viscus testimonium copiose,Cedric Mueller,Mystery,2017,6248054791296
cinis est patrocinor,Cecelia Bins,Romance,1973,5086054128727
caste tametsi illum,Laurence Zboncak,Science Fiction,1990,5931353247782
abutor arcus synagoga,Terence White,Biography,1993,8530688498401
inflammatio convoco spectaculum,Dr. Bob Cassin,Biography,2025,1160861039529
certe astrum pauci,Lester Hackett DDS,Non-Fiction,1984,0561123621180
deputo antea cibus,Shelly Blanda,Non-Fiction,2010,4939485499634
contego confido cena,Arnold Rice,Thriller,1973,0809529782036
amplus paens tardus,Casey Larson,Biography,2010,7017529187130
vorax caste cubicularis,Betty Hudson,Romance,1958,0973833194532
consectetur damno arbor,Dr. Levi Reynolds,Fantasy,1969,9051334235373
quia nesciunt nobis,Frances Barton,Mystery,1983,1727108965205
ater vulgivagus quidem,Travis Batz,Mystery,1976,7153930222623
absque auxilium testimonium,Duane Wilderman,Science Fiction,2001,7717292159180
color demulceo ago,Isaac Runolfsdottir,Thriller,1975,3974537520789
depromo vinum pectus,Vernon Swaniawski Sr.,Mystery,1991,8752543226738
clarus bellum suadeo,Nichole Considine-Towne,Biography,2005,6876299845516
cavus eum adnuo,Gina Collier,Non-Fiction,1981,8839878044436
tendo tubineus curiositas,Wanda Brakus,Fiction,1986,2358317105668
caste auctus tui,Agnes Moore,Biography,1969,0603440421818
surculus maiores tamquam,Ricky Huel,Fiction,2000,4323306078113
caelestis vesco totus,Austin Wunsch,Fiction,1951,6935583861839
ullus avarus perspiciatis,Kristina Steuber,Mystery,1991,5636355668249
bene conatus defetiscor,Allen Rowe III,Fiction,1991,2906186835010
speculum inventore caveo,Sheryl Lockman IV,Thriller,1970,7611709867200
argumentum vulgo harum,Shannon Torphy,Fantasy,1994,9041975325915
ager deduco benigne,Armando Rice,Science Fiction,1956,1112496769100
video appono amplus,Neil Kreiger,Fantasy,2005,2206042701480
traho astrum omnis,Camille Murphy,Fiction,2022,6187701498130
veniam corrupti aliquam,Miss Vera Wiegand,Non-Fiction,1991,6671848094158
rerum solum amplexus,Mr. Lance Schowalter,Fantasy,2023,7065014890931
tumultus cado vobis,Clinton Kuhic Sr.,Romance,1985,9238054264623
acervus averto canto,Maurice Wehner III,Science Fiction,2017,0958105375100
id repudiandae aequitas,Mr. Simon Ruecker DVM,Thriller,2025,9571986662294
possimus anser degenero,Austin Cummings-Zemlak,Non-Fiction,1988,9689154892210
desidero confugo ad,Ruben Sauer,Science Fiction,1978,7907675929852
curto ab sumo,Ora Jenkins,Fiction,1975,7330266369617
avarus statim reiciendis,Donna Kub,Science Fiction,1957,7147105953757
amaritudo decor cunctatio,Sheila Becker,Science Fiction,1989,1508056612299
subvenio beatus temperantia,Dr. Leland Satterfield,Thriller,2012,8448034156857
caute vulgo atavus,Lee Schinner,Fantasy,2015,9943196018576
tamen clam textor,Helen Tromp,Non-Fiction,2016,3563498743024
cras tot aedificium,Harry Heaney-Altenwerth,Fantasy,1960,3989579487084
praesentium clarus cuius,Alberta Welch,Romance,2012,8225484523260
argumentum thema arma,Eleanor Koch,Mystery,2003,2574483936392
voluntarius demulceo cernuus,Marc Hills,Thriller,2007,4899349910600
varietas coepi amor,Donnie Volkman,Non-Fiction,1957,3477353149625
crinis denuncio veritas,Johnathan Ortiz,Romance,1968,2057546471775
accendo acerbitas aiunt,Morris Trantow,Biography,1972,8652048037650
varius sponte allatus,Debra O'Kon,Science Fiction,2002,3585843919167
colo neque vitae,Gertrude Champlin,Biography,2025,7396254815473
baiulus deserunt antea,Mr. Colin Hills,Fiction,2021,5358646079145
ultra spes suspendo,Minnie Harris,Thriller,1982,9782888813220
eaque cunae vel,Yvonne Beatty-Romaguera,Biography,2019,8675352376856
brevis demum succedo,Tracy Brakus,Fiction,2023,0834334632328
tendo bellicus constans,Bill Glover,Romance,1972,8399949315283
aufero creber callide,Alberto Harber,Fantasy,2014,0424705380846
caterva arbustum acidus,Karl Murphy,Science Fiction,1987,6546058030218
crux velit adstringo,Dr. Jeffrey Treutel,Science Fiction,1971,7223960349770
peccatus valetudo clibanus,Bert Bins II,Mystery,1996,7237048878558
talus aestivus caritas,Mrs. Sophia Shields I,Fantasy,1953,3922063234429
speciosus dolores deduco,Alan Hayes MD,Biography,2011,5108767327869
solium conor curia,Blanca Cassin-Kirlin,Thriller,1976,2156962583315
votum corrupti administratio,Jan Crooks,Romance,1983,9638022003550
curriculum hic coaegresco,Cameron Auer II,Romance,1956,7702086999386
tamen adversus cupressus,Nellie Wolf,Mystery,2008,3343909662708
solus summa repudiandae,Annie Dickinson,Biography,2005,7525166689943
compello pecto demitto,Sheryl Kessler,Non-Fiction,1962,7430586521820
adinventitias pax tametsi,Louis Hettinger,Romance,2024,6852207078544
aegre quidem ater,Dr. Lynette Ritchie,Science Fiction,1953,7585007084256
subseco asper conculco,Eddie Mosciski IV,Mystery,2016,3449956398515
spargo sumptus thesis,Lana Pollich,Thriller,2022,1924992653326
aro armarium deinde,Dr. Tyrone Gulgowski,Fiction,1987,5290348938029
vesper ubi caput,Eduardo Franey,Romance,1988,0198648918458
coniuratio stabilis asper,Horace Olson,Science Fiction,1981,5398213112918
tres vulnus venio,Theodore O'Keefe,Mystery,1954,6191887676837
cupiditate argentum trans,Ms. Elsa Borer I,Fiction,1965,4696410370142
tutamen cariosus defetiscor,Samuel Waelchi,Biography,1960,2978438700690
deprecator torrens defungo,Tommie Witting,Biography,2016,2934247285849
volaticus voro curto,Ginger Torphy MD,Fantasy,1959,0769476249617
complectus commodi adstringo,Rita Schinner,Biography,2015,0655364755839
vix supra accusamus,Christopher Mohr,Thriller,1989,2635209979947
sui vilitas tenuis,Robyn Schimmel,Mystery,1984,9541783729151
curriculum curatio compello,Casey Cartwright Jr.,Biography,2005,8436982336754
tabernus certus sumo,Walter Effertz,Fiction,2025,8829720089480
laboriosam suffoco deporto,Adrienne Towne,Fiction,1975,1543291759950
cogo iste cognatus,Miss Marguerite Lang,Science Fiction,2001,7592433486984
ulciscor compello velut,Penny Sawayn,Thriller,1978,3505907410797
somniculosus tabella ara,Violet White,Fiction,1950,5977834343143
abscido pecco surculus,Jackie Cassin,Biography,1981,0686758628969
arbitro adulatio bene,Rolando Wilderman,Biography,2025,3929030105052
sopor nesciunt tolero,Ramona Block,Fantasy,2001,1542087667046
turpis atqui vorago,Salvador Tillman,Non-Fiction,1977,8835249683402
desolo summopere admiratio,Lillie Gutmann Sr.,Science Fiction,1965,2879902677283
cur tot adamo,Melissa Jerde,Mystery,1970,0169232599962
certe carus concido,Dr. Jerald Bednar DDS,Mystery,2018,1151707430973
adduco desino aliquid,Jo Wilderman,Fiction,2012,8676650426047
adversus creber neque,Sammy D'Amore,Mystery,1965,1093047913253
curo ulciscor depromo,Miss Kellie Quigley,Biography,1966,8265573427420
atqui beatus tego,Justin Doyle,Non-Fiction,1995,6919229780146
annus acidus adstringo,Mr. Alexander Runolfsson,Science Fiction,1960,9528217556510
audio virgo ulterius,Wm Lemke,Mystery,1999,0609641356186
claustrum ancilla arceo,Cary Ferry,Fantasy,1975,8985188959782
tenuis umbra admiratio,Hector Swift,Mystery,2020,6424037020568
tenetur correptius cura,Vivian Daniel,Romance,1967,3017265961231
cognomen adipisci caelestis,Mr. Fredrick Bayer,Thriller,2023,2600297354982
audax dolorem commemoro,Conrad Adams,Science Fiction,1966,6814123044070
cornu in demo,Mr. Ray Erdman,Mystery,1982,7422404401329
perspiciatis temeritas tumultus,Nora Nikolaus Jr.,Mystery,2025,7129348782239
thymbra tantum recusandae,Frank Gusikowski,Mystery,1972,3514765715556
ater commodo cubicularis,Sandra Fisher,Non-Fiction,1995,9686206935453
uterque amissio adhaero,Betsy Marks III,Romance,2007,9893525475543
aperio curo solutio,Eula Tremblay,Science Fiction,1980,6481239059749
eligendi enim mollitia,Jodi Heller Jr.,Fiction,1965,2151194018237
appono tersus approbo,Marjorie Rath,Biography,1987,1564289250961
versus illum audentia,Mr. Steven Jast,Non-Fiction,1950,4136184634701
tredecim adduco nobis,Dr. Wanda Sanford,Thriller,1950,5701487870901
umbra ascisco una,Conrad Stanton,Romance,1996,6386799253763
labore commodi xiphias,Rex Adams MD,Science Fiction,1969,3801559320754
vero basium asporto,Tommy Blick,Biography,1963,7490872038235
sint bene verbera,Nina Raynor,Fiction,1984,6272322304906
solium civis vomito,Linda Schmidt,Romance,1996,7617561642780
surgo terror cariosus,Dr. Ian Zboncak,Non-Fiction,2008,4419952521845
saepe adsidue vitae,Juana Abbott,Fiction,1966,2591451062362
abbas bellicus coerceo,Leigh Jaskolski,Non-Fiction,2013,7852237066931
careo spero aspernatur,Loren Stiedemann,Mystery,2000,3545352907364
tersus confugo thermae,Darrin Schaefer,Thriller,2006,8669094738937
cuppedia repellat denuo,Gregory Davis,Fiction,2008,4644785713917
voluptatum certe iure,Melanie Breitenberg,Thriller,1989,5896408123428
summa defendo explicabo,Carl Mitchell,Romance,2000,0560227219936
aro vos benevolentia,Mr. Oscar Turcotte,Romance,1965,9215252547190
adfero complectus adnuo,Merle Murazik,Science Fiction,1983,3672307949605
demens ter tyrannus,Kristine Schowalter,Mystery,1951,6467575243853
articulus omnis absens,Sandy Gislason,Mystery,2004,5339666615601
studio denuncio vorax,Jackie Kertzmann,Biography,1980,0549188931429
cauda nostrum nobis,Gabriel Buckridge,Biography,2022,7234586766789
venio utpote comptus,Lamar MacGyver,Fantasy,1995,2308489910687
adeptio considero ut,Ervin Ruecker,Romance,2003,2059105321830
pel conventus tepesco,Susan Cartwright,Mystery,1951,2970259145214
eveniet bardus conor,Ellen Walker,Fantasy,2023,0612700780947
cultellus summopere thymbra,Edmund Funk,Biography,1960,8819532795254
sapiente subiungo cernuus,Charles Grant,Non-Fiction,2010,7557347293731
decimus accendo adamo,Ernesto Macejkovic,Biography,1993,7839628269421
coerceo cicuta nam,Isaac Bernhard Jr.,Biography,1983,0759607065761
amita arbustum texo,Whitney Abbott,Biography,1951,3725153785523
curto creo templum,Katherine Davis,Science Fiction,1977,2446759272418
vero alienus tepidus,Mrs. Kimberly Bartell,Non-Fiction,1996,3791430626960
crebro arbitro cura,Mrs. Dora Littel,Biography,1994,4140694403649
tergo ut conduco,Clyde Rempel,Biography,1952,6659369753777
molestiae vilicus amet,Nicolas Ward,Thriller,2017,2507479353495
tergeo dolore absconditus,Orlando Rippin,Science Fiction,1992,4682999220958
casus clamo sophismata,Miss Nicole Reynolds Sr.,Thriller,1996,7525531539069
vacuus cornu ducimus,Marguerite Barton,Fiction,1964,8063694157162
aureus cotidie carus,Ann Schmeler,Romance,2010,4209692241065
auditor recusandae adfectus,Juan Lueilwitz,Thriller,1968,9481895156144
itaque facilis pecto,Rex Frami-Simonis,Romance,2007,5701248720522
brevis utrum aegrus,Harriet Schuster DVM,Mystery,1955,3116028250219
tredecim territo quaerat,Dr. Rex Hettinger,Thriller,2018,5769595811064
utroque vereor odit,Daisy Grant,Fantasy,2017,5509615694880
vox animadverto compello,Kenneth Willms,Non-Fiction,1984,8067315443103
curis tonsor adulescens,Lois Bednar,Biography,2004,2532253033969
abstergo pecto aliquam,Dr. Shannon Nikolaus-Mills,Mystery,1980,1017155852439
accusator vero asporto,Ann Mills,Fantasy,1951,3973294089773
amplitudo inflammatio xiphias,Phyllis Conn PhD,Science Fiction,2007,0371591184082
commemoro urbanus adicio,Monica Hegmann,Romance,1994,1742676604593
vestigium comis tondeo,Julian Steuber,Fiction,2004,8416363322844
audio corpus annus,Rose Reinger,Fantasy,1972,7245323530214
carbo iure depulso,Larry Reynolds MD,Mystery,1962,0999288874731
sordeo claro cattus,Armando Goodwin,Science Fiction,2004,0468947588863
ascit aufero vulgo,Ernesto Goyette,Fantasy,1957,7340514130997
crapula quae velum,Thomas Skiles,Romance,2002,9414029686277
suggero deputo annus,Michele Jast,Thriller,1989,4100744984768
cura toties deserunt,Blake Oberbrunner,Biography,1973,8635696074317
comedo tergum a,Reginald Hammes,Romance,1966,3517280386609
reprehenderit fuga demens,Ben Friesen,Biography,1976,3001663319854
celebrer vitae capio,Marion Koch,Fiction,2015,2211514513490
unde pecco veniam,Paulette Gislason-Stark,Thriller,1991,8325608570722
illo crastinus pariatur,Dr. Tyler Harris,Thriller,1986,1773849922652
audax suadeo quidem,Mr. Edwin Klein,Science Fiction,1958,4826930056296
concedo in utroque,Bryant Koch,Non-Fiction,1954,6827111046219
assentator unus coniuratio,Clayton Batz,Science Fiction,1985,8163394714417
crux itaque accommodo,Jerome McCullough,Fiction,1975,9350827821548
contego comburo cum,Darrell Turner,Fantasy,1994,7569680340393
aequus voco arto,Gail O'Hara II,Non-Fiction,2024,2994434550191
deleo adsuesco culpo,Mrs. Tracey Christiansen,Fantasy,1981,6977778194057
depono rem vel,Margaret Bruen,Biography,1966,3614188900100
comptus cunae studio,Homer Pouros,Fiction,1953,0517023392534
cui artificiose cras,Minnie Runte,Science Fiction,1983,2596368487100
basium ascit pecto,Terence Ruecker,Science Fiction,2010,8267806286664
adflicto aegrotatio uberrime,Irving Volkman V,Romance,2001,2777624422220
valens desolo delego,Garry Paucek,Science Fiction,1954,8616526608431
commodi vulariter veritas,Johnnie Volkman,Thriller,1997,4628647620845
cohors tolero cognomen,Owen MacGyver,Fiction,2009,0636883725964
virgo canonicus appono,Luther Schamberger,Non-Fiction,1972,7374860659010
pariatur ipsum desparatus,Darla Kautzer,Non-Fiction,1971,9462309119420
comitatus compello vos,Shelly Schulist,Fantasy,1983,3245799781886
custodia ventito utroque,Sylvester MacGyver,Romance,1999,3186345417189
attero caelum ustulo,Bessie Kuhlman,Fiction,1991,4139851949201
ciminatio auctor crebro,Sonja Barrows,Romance,1996,8320725396648
conatus adsuesco acer,Evelyn Haag,Fiction,1966,1905376131430
pauci adeo tricesimus,Misty Lemke,Non-Fiction,2002,9233489372598
vulticulus caterva infit,Ms. Carrie West,Non-Fiction,2013,1179668907579
vulgaris suffoco enim,Christy Hirthe,Mystery,2011,4800816997762
vapulus triumphus accusamus,Dr. Tom Barton-Jacobi,Fiction,1958,5734479210057
addo cultellus valeo,Neil Schneider,Biography,1978,3235151758160
ulciscor pecco reprehenderit,Lester Mraz,Non-Fiction,2006,4929960364372
vigilo sollers toties,Nicolas Runolfsson,Fiction,1973,3473192090590
clam exercitationem usitas,Mrs. Sharon Bruen-Zulauf,Mystery,1967,8413306335257
una eum sunt,Mindy McKenzie,Mystery,1980,3286045816951
tabella aliqua abutor,Renee Hills,Fiction,1981,9449092396734
censura cicuta certus,Louis Fritsch MD,Biography,2006,7791352768648
molestias crux credo,Chad Sporer MD,Romance,2002,3398397195587
corpus incidunt audax,Juanita Stroman,Thriller,1996,9337140291684
sto ustilo amplus,Lila Steuber,Fantasy,2001,7520967174425
socius virgo vigor,Jessie Altenwerth,Non-Fiction,1968,1461497657363
amitto acies audacia,David Zieme,Science Fiction,2018,5676891021549
callide tremo vulticulus,Eileen Ebert,Fantasy,1972,9623923881383
commodo vulariter explicabo,Jermaine Gislason,Fantasy,1986,5552121233268
thesis degusto aeneus,Laura Abbott,Mystery,1955,6079072438587
avarus carmen officia,Adam Gutkowski,Biography,1960,3912867764839
acies asporto alveus,Doug Okuneva,Thriller,1970,8430329093915
esse comis absorbeo,Noel Jacobson Jr.,Fantasy,1952,9400377901548
conculco campana volva,Laurie Bauch,Science Fiction,2013,5806223476950
caritas carpo autem,Henrietta Carroll,Science Fiction,1973,7879238607856
stabilis demitto quis,Noel Cummerata,Fiction,1957,2019884552049
aliquam acceptus vinculum,Andrew Reinger,Fiction,2013,5211927374203
audacia calamitas placeat,Elena Reynolds-Cummings Sr.,Non-Fiction,2006,6808858968800
coepi desidero ullus,Dr. Clint Morar-Franey,Fantasy,1967,8562925258117
summisse video teres,Karl Jerde,Thriller,2002,9996735372214
valeo balbus audax,Francisco Wyman,Non-Fiction,1988,9019269098596
quod asporto totidem,Bert Monahan,Thriller,1970,9253045313563
ver tollo aestas,Myrtle Beatty IV,Romance,1964,6792648180535
cupiditate sulum tamisium,Charlie Swaniawski,Biography,1980,7687098512251
condico odit summopere,Jorge Mertz,Science Fiction,1988,9190980340133
animus comburo itaque,Lucia Morissette,Thriller,1987,2347156658104
crustulum tantum deporto,Lonnie Batz,Science Fiction,1977,9601163179318
arceo ustilo accedo,Drew Kuphal V,Mystery,1961,3854126868510
tero statua stipes,Dexter Abbott,Biography,1981,9884003860750
validus canto comparo,Chris Volkman,Non-Fiction,1978,6690869651953
coaegresco inflammatio aranea,Antonia Wiegand,Romance,1957,6194586117297
voveo una adhuc,Jonathan Haag,Non-Fiction,1988,1577524200761
capitulus auditor ullam,Candice O'Conner,Romance,2000,7376918339728
repellat apostolus cohaero,Melanie Bosco,Romance,1957,9602552120376
ulciscor carbo recusandae,Joey Rath,Fiction,1985,5657286541099
calco tibi absque,Levi Keeling DVM,Biography,1971,1404982133610
coniecto decet aestus,Candace Crona,Romance,2021,2520194997594
arca temperantia dedecor,Harvey Smith,Biography,2022,4670419531884
varius circumvenio error,Sandy Konopelski-Corkery Sr.,Biography,2025,5482856993115
communis umerus vilicus,Kristine Baumbach-Heathcote,Thriller,1971,9618037960438
cimentarius pax necessitatibus,Irvin Erdman,Biography,1967,4963856371307
aequus debitis uter,Rufus Kling,Romance,1956,5130695409981
una summa vigilo,Dave Hickle,Fiction,2013,6278753545192
absorbeo caries sequi,Emma Feeney,Romance,1982,5244152530196
defero caries tonsor,Margie Hyatt,Fiction,1954,2534973955128
voro thymum conforto,Kenneth Anderson,Mystery,1997,3671709174006
amita desidero tego,Regina Nicolas,Fiction,1957,2037938186751
cito doloribus suppellex,Jerome Bosco,Non-Fiction,1975,1540742404244
quos aranea vitae,Claude King-Mraz,Mystery,2012,4613481250179
casus debitis tondeo,Laurie Cronin,Thriller,2004,0196470109367
trucido sono desolo,Mamie Braun MD,Science Fiction,1982,9996314022299
socius addo temperantia,Wilson Kirlin MD,Mystery,1976,6408035033590
cuius acsi spiculum,Bernard Hoppe,Romance,1971,2984946278257
conturbo conculco alioqui,Brooke Torphy,Science Fiction,2017,4106849066508
civitas artificiose tenax,Jeremy Hayes MD,Non-Fiction,2006,3460136446617
aggero aegre alveus,Jenny Ledner,Science Fiction,1956,6107331683150
conatus cribro apto,Patrick Wisozk,Fiction,2001,2351527682197
solvo alii vicissitudo,Ms. Paulette Flatley,Romance,1985,8250795137022
damnatio vestigium crudelis,Lela Osinski,Non-Fiction,1992,7160752109962
tredecim caecus infit,Vanessa Muller,Fiction,1978,1177600947862
cupressus terra combibo,Mr. Peter Homenick,Science Fiction,2011,4740721272498
convoco damno cuius,Sonya Mueller IV,Romance,1992,2796997300986
aestus turba ceno,Mr. Dwight Wolf III,Non-Fiction,2008,5565746666792
ustulo admoneo conservo,Lucia Tremblay,Thriller,2002,8120850795224
quaerat viridis vinitor,Ms. Meghan Hackett,Fantasy,1970,2822837910731
tutamen dicta verto,Dr. Rodney Treutel,Romance,1971,6037493459525
cui spoliatio vestrum,Miss Lillie Labadie,Fiction,1992,6564447394674
curia tergum ciminatio,Jan Willms-Bernhard,Biography,1953,4300908304746
ubi urbs alius,Ed Schmeler,Non-Fiction,1990,4533065091464
audax tego vae,Miss Camille Pfeffer,Fantasy,1966,3205741258569
cerno contigo ad,Maureen Veum,Biography,1951,8539083793771
cito bos vereor,Samantha Bashirian,Non-Fiction,2022,1875479302021
combibo subseco voluptatum,Becky Wilderman,Science Fiction,1988,7967595362118
alioqui calcar acer,Madeline Kuhn,Mystery,1958,7362807100289
thymum cum vestrum,Charlotte Gibson,Thriller,1992,1643593130824
accusator conscendo combibo,Ginger Weimann DVM,Biography,1982,7317456824092
culpo ratione cubo,Arturo Lindgren,Non-Fiction,2014,0470690167093
traho statim patrocinor,Blanche Spinka,Fantasy,1978,1982792427692
custodia utroque tergum,Erma Hudson,Mystery,2023,8249309745515
appositus arca uxor,Steven Kovacek,Biography,1982,4590769136328
defero utrum comis,Miss Eva Stoltenberg,Non-Fiction,1950,4729990742421
anser fuga basium,Rosemarie Barton,Mystery,1956,6278446800788
cornu reprehenderit unde,Rafael Ratke-Christiansen,Biography,2006,5264180248918
voluptatibus tenuis adipisci,Dave Johnson,Thriller,1953,7426026615162
paens utilis voluntarius,Francisco Bogisich,Non-Fiction,2003,1002230339761
aetas sint trans,Estelle VonRueden,Thriller,2002,2277874115710
ullus spargo amplexus,Alberta O'Conner,Fiction,1991,4465084570439
spiculum optio contigo,Whitney White,Fiction,1951,3534905068712
victoria agnosco urbanus,Barbara Pollich,Romance,1977,7105226788592
non demergo bene,Alton Durgan,Science Fiction,2000,5318741029034
thesis curvo cultellus,Karl Kilback,Thriller,2006,5069204981892
antiquus taedium ipsum,Dr. Aubrey Wisozk,Fantasy,1983,8470752363191
victus avarus atavus,Shelly Kilback,Thriller,1997,5832888382332
constans cedo infit,Miss Olivia Goodwin,Science Fiction,1987,6485608287002
culpo temeritas conicio,Louis Schmidt,Fantasy,1982,6483241837718
velit velum celebrer,Alton Gutmann,Fiction,2007,4791802702777
benevolentia approbo ullam,Sally Davis,Biography,1984,7757258582151
eaque quod clementia,Joseph Beatty,Thriller,2022,6523793228010
neque cum sodalitas,Morris Fisher,Biography,1994,1879574116066
convoco suppono contego,Pam Bartell,Fantasy,1960,1180429131786
sortitus tero vae,Elias Luettgen,Biography,2001,8480777485148
minima cernuus crastinus,Marco Tromp,Fantasy,1994,4990556542134
confugo carbo undique,Benny Hartmann,Non-Fiction,1972,6008983382161
consuasor angustus comedo,Kayla Hamill,Romance,2016,8808283752251
sursum cetera caste,Theodore Gutmann,Mystery,2022,4090852711140
verto quisquam amita,Amos Champlin,Romance,2022,7882529618530
taceo dedecor taceo,Julius Roberts,Fantasy,1958,4847140064497
aequitas hic cupressus,Cora Streich,Mystery,2012,0084185463847
thymum vix bardus,Bert Williamson,Biography,1997,7320194589861
deinde vestigium tui,Janie Steuber,Thriller,1989,3095571712589
teres vero deserunt,Samantha Steuber,Thriller,1978,8293989573135
carpo amoveo accedo,Kenny Price,Fantasy,2003,0236008680885
deleo caecus aegrotatio,Dan Reynolds,Mystery,1999,8893611752377
vestrum urbs aegrotatio,Kerry Swift-Gibson,Romance,1998,6227763022569
in audacia cur,Anne Stoltenberg,Fantasy,2025,1330942104864
cursim terminatio caecus,Jerry Gusikowski,Fantasy,2005,3104696817040
cattus bellicus canis,Kenneth Effertz,Mystery,1970,9225102529140
certe corporis creptio,Freddie VonRueden,Mystery,1959,0331508759091
videlicet sublime tempore,Stella Kub,Romance,1980,4271290430094
vicissitudo texo aedificium,Jeanne Klocko,Non-Fiction,2015,7031066049376
cum vorago carmen,Clay Schaefer,Fiction,1989,2823395749104
ut cuppedia supellex,Alvin Runte,Fantasy,1978,2982773540977
ab caelum constans,Van Waelchi,Romance,1994,7406003456223
corrumpo atrocitas deficio,Dr. Mabel Abshire,Science Fiction,1982,0587552579783
cultura impedit aqua,Moses Kris,Mystery,1994,1424051961676
summisse minima caritas,Hattie Zulauf,Romance,2023,8969931383350
vae delibero varietas,Jan Gibson,Fantasy,2002,8194080708704
arto totus ipsa,Ramona Goldner,Romance,2020,1387253307581
sumptus carpo soleo,Mrs. Carmen Gibson-Nitzsche,Fiction,1958,1044771639688
cibo voluptates amaritudo,Donnie Volkman,Biography,2001,2824993602328
ab tribuo denique,Mamie Tremblay,Fantasy,1997,9708281160360
catena usus arguo,Brandi Hoppe-Bechtelar,Fantasy,1985,1072424397558
consequuntur trucido adaugeo,Denise Wisozk,Romance,1969,3151584735162
aperte adduco voluptatibus,Jaime Nienow,Fantasy,1993,8711511390398
auctus defetiscor desipio,Dr. Paul Conroy,Romance,2009,0654350895920
veniam arx ars,Michael Bailey,Fiction,2014,3474010470252
vetus sonitus cilicium,Kim Simonis,Biography,1957,2681452562643
audio constans vomer,Dr. Suzanne Mohr,Fantasy,1988,7291968007035
depopulo depereo suppono,Gerardo Zboncak-Runte Sr.,Romance,1983,5906919513245
pecto alioqui statim,Guadalupe Carroll,Science Fiction,2002,7626258141980
quas truculenter culpa,Bill Hodkiewicz,Fantasy,1996,9195262617281
stips concido verbera,Alonzo Padberg,Fantasy,2002,6921737693069
tribuo voluptatem vomito,Jackie Hauck,Fiction,2019,0998740491739
cohors suppellex adstringo,Nicole Doyle,Biography,1955,1536833706355
deorsum repellat adopto,Gretchen Goodwin,Fiction,1956,5806670084272
theologus cenaculum angelus,Jamie Moen,Thriller,2012,4723537765366
expedita vae cado,Gustavo Medhurst,Biography,1973,7805487361355
coadunatio venustas capto,Dr. Jeannette Morar,Romance,1961,2408380312768
nihil aiunt volva,Earl Windler,Thriller,1976,6998271946808
tertius caries deprecator,Ms. Candice Ward II,Fantasy,1974,8358626588969
vinitor cogito capto,Daisy Huels,Science Fiction,1960,3859268450859
subvenio textilis tamquam,Ruben Ruecker,Mystery,1964,3454957708425
despecto custodia conventus,Shirley Fay,Thriller,1988,2320191275439
ullus tribuo amaritudo,Eugene Rosenbaum,Non-Fiction,1997,1907984873593
canto cibus templum,Vickie Hahn,Non-Fiction,2011,8804158557443
cohaero quaerat fugiat,Celia Nikolaus,Mystery,2005,6318006394752
infit magnam coaegresco,Lucia Raynor PhD,Fiction,2004,0136055346913
bestia aurum decens,Marianne Robel,Mystery,1952,1880185221492
defetiscor abbas suggero,Bennie Boyle,Non-Fiction,2011,9931666888342
agnitio terga suppono,Antonia Reichel,Thriller,1992,6380014498862
distinctio annus terebro,Kendra Morissette,Biography,2018,3391028286657
capitulus tremo decumbo,Woodrow Schimmel IV,Romance,1977,6278658039046
amor acer vae,Melvin Feeney V,Biography,2002,8592776297180
arcus desidero theatrum,Pam Haley,Fiction,1995,8597864622425
acer vehemens acceptus,Nichole Gulgowski Jr.,Science Fiction,2012,4818471382751
verto vociferor cunae,Jon Witting,Non-Fiction,1952,8027957720618
careo aeger urbs,Frank Spinka V,Non-Fiction,1955,6109313230840
porro conculco cupressus,Mrs. Darlene Paucek-Vandervort,Thriller,1970,4539647910815
veritatis vito tripudio,Miss Gertrude Harber,Non-Fiction,1971,9643273524528
celo demoror universe,Vera Schneider,Non-Fiction,1960,8034323549428
vobis debilito utique,Seth DuBuque,Thriller,1977,2822506199491
maiores corona absorbeo,Janis McClure,Mystery,2009,2775210515263
abduco adficio speciosus,Edward Glover,Fiction,2017,8203493440061
autem commemoro spectaculum,Enrique O'Reilly,Romance,2025,0231695541200
dolorum astrum audeo,Emma Murazik,Mystery,2004,9046356615263
colo venustas alioqui,Sherry Heidenreich,Mystery,1960,4306425419641
praesentium undique recusandae,Julio Casper,Fiction,2025,7055812557803
audacia aequus beneficium,Lynn Russel,Romance,1970,9931170235309
abeo viduo iste,Austin Lubowitz,Thriller,2016,6333653765731
atrocitas volubilis adipiscor,Mr. Gregg Orn,Fiction,1968,5579761544122
autem supra coma,Cameron McDermott,Non-Fiction,2007,3823792712864
dedico celo caste,Oliver Lesch,Fantasy,1996,2118817493471
deinde tyrannus quaerat,Iris Friesen,Fantasy,1991,8182959207684
tenuis contra sustineo,Edith Muller,Romance,1979,9042845482711
apto condico odio,Arlene Williamson,Romance,1963,4847291682305
celo depono carcer,Julie Labadie,Thriller,1994,7986669542176
incidunt ab demum,Dr. Patsy Raynor,Biography,2018,7970682440278
aureus natus amitto,Vickie Vandervort DVM,Non-Fiction,2012,4024306135458
balbus depromo succurro,Christina Mante,Thriller,2000,6636284186949
aperte tonsor cursus,Glenda Hirthe,Non-Fiction,2020,4532791227685
corporis adsidue crepusculum,Ken O'Reilly,Mystery,1962,1031822041810
absens ocer sordeo,Shelley Cartwright,Mystery,1971,3471039985547
ventito vitae triumphus,Dr. Curtis Welch,Science Fiction,2004,8726006252965
absum trucido beatus,Howard Smitham,Non-Fiction,2007,5842235114378
pecco audax celer,Ian Murphy DVM,Biography,1985,3596502087168
defero crapula casso,Joshua Purdy,Science Fiction,2011,6148147837815
deduco utilis ulterius,Brent Gerlach,Fantasy,1962,3799174343104
officia capillus caterva,Dexter Beatty,Thriller,2010,7199904271926
spectaculum turpis studio,Hattie Langosh,Science Fiction,2006,5880960732208
quos turbo vulgivagus,Darla Harvey,Biography,2001,4379291795194
nulla degusto ciminatio,Jay Batz III,Non-Fiction,1954,2009988648307
solvo quisquam adipisci,Jody Bins,Non-Fiction,1988,8704803566627
accedo aestas denique,Cary Donnelly,Fiction,2003,7810738001452
bestia vulariter texo,Melvin Price,Biography,2024,6120782218641
comes eaque damnatio,Lois Miller,Fantasy,2006,7009961412383
tandem cetera incidunt,Samantha Heidenreich,Science Fiction,1993,8922872649547
comprehendo sed aperiam,Keith Mann,Fantasy,1985,2163256616712
vomer cilicium vobis,Lola Koelpin,Romance,2024,0739031954869
thesaurus nihil mollitia,Valerie Sanford MD,Fantasy,1999,9840977582778
corporis crepusculum voluptates,Kenny Treutel,Non-Fiction,2025,6305811032742
statua quam strenuus,Lucia Torphy,Thriller,1955,7136344618692
conturbo cognatus voveo,Jessie Schowalter,Thriller,1985,1694156508696
accedo solvo sum,Mandy Smitham,Non-Fiction,1983,4752304708412
acquiro suasoria pauper,Colin McKenzie II,Romance,1985,3685856631466
comedo tenetur tersus,Shannon Waters DDS,Non-Fiction,2011,4834882157830
aedificium trepide aggero,Rolando Murazik,Mystery,1996,9050294632435
teres tricesimus summopere,Tommy Torphy,Fiction,2001,1557969759278
similique reprehenderit attonbitus,Andrew Miller,Fantasy,1960,3056861056188
architecto amo stillicidium,Emanuel Pfannerstill IV,Science Fiction,2025,4257305459343
socius eligendi derelinquo,Antonio Toy IV,Science Fiction,1960,3465394366091
doloribus aegrotatio speciosus,Arlene Kuhn,Romance,2018,5060557271683
cohaero voluptates credo,Olive Schinner,Biography,1980,6224771082526
aiunt creta denuo,Susan Lind,Science Fiction,2000,9004078504459
cornu esse advoco,Evelyn Carter PhD,Biography,1970,7964565707551
collum accedo placeat,Elsa Kertzmann,Mystery,1971,9600470621638
allatus tepesco solutio,Sidney Braun,Mystery,1981,9229369770850
sopor patior textilis,Mark Smitham,Fiction,1994,9523282140566
apto sollicito aufero,Mabel Mitchell,Romance,1961,4462328392034
aegre brevis voluptatem,Billie Sauer,Romance,1985,9830157782618
clementia uberrime saepe,Violet Kutch,Thriller,1990,4873248203627
xiphias in peior,Emmett Nicolas,Science Fiction,1964,1065579282293
vel stella auctus,Sylvester Armstrong,Thriller,2010,2824063569553
votum conqueror decimus,Mr. Amos Murazik,Science Fiction,2025,0427976105520
abutor demo colo,Evan Jacobs,Fiction,1999,4599837526853
adficio dapifer accedo,Shawn Mohr,Thriller,1966,0206166861036
quasi beatae adsuesco,Anna Morar,Mystery,1992,4020288444392
virga architecto accendo,Jody Gutkowski-Pagac,Mystery,1997,1555312966945
carcer omnis capitulus,Salvatore Flatley I,Thriller,1966,2287083293248
suffoco benigne debilito,Clay O'Keefe,Fantasy,2013,6372287850007
cado temperantia vulnero,Traci Greenholt,Thriller,1979,6865664014330
communis adficio texo,Tonya McClure V,Romance,1969,2730287104749
cur contego contabesco,Willie Steuber,Mystery,1963,2612311483691
cimentarius vox tyrannus,Kay Tromp DVM,Science Fiction,1965,3959745264584
sed ait admitto,Mona Harvey-Schamberger II,Romance,1962,9281243626087
terebro valeo aptus,Danny Jacobson,Biography,1998,4573605737637
bardus thymbra uxor,Alex Kulas,Fantasy,1981,7097729536876
quia aliqua una,Ebony Bailey,Thriller,1992,9780271479389
sustineo quos coaegresco,Rosie Bernhard,Science Fiction,1989,1655519740718
viriliter iure averto,Mario Price,Thriller,2023,7368530241234
contigo conturbo porro,Monique Hodkiewicz,Non-Fiction,1977,6451995468401
deduco admoneo aestivus,Dr. Karl Schaefer,Mystery,1986,3922602519794
atrox administratio turbo,Estelle Lockman,Thriller,1976,0187920571316
sopor solus iste,Terrance Blanda,Science Fiction,1965,0401202956811
studio aegre eius,Kent Fadel-O'Conner,Science Fiction,1983,7713448412546
ante succedo celebrer,Miss Claire Kuhic,Romance,1958,5653580585108
soleo claustrum undique,Lester Nicolas,Mystery,1966,0645968632113
amita damno corroboro,Pat Kihn,Thriller,2000,0359291427878
vilitas angustus communis,Albert Krajcik,Thriller,1990,3661215720788
congregatio crastinus avaritia,Norma Upton,Science Fiction,1955,3716084193584
inflammatio civis cicuta,Denise Bode-Champlin,Fiction,1967,8262214420625
cuius acerbitas casus,Jared Langosh,Fantasy,2021,2489156746042
copiose tantum adfero,Jeanne Lang,Thriller,1999,1414773633790
trepide ultio dapifer,Jo Halvorson,Mystery,1952,7785150922845
possimus teneo absconditus,Nelson Kutch,Non-Fiction,2023,0557489485422
vomer uxor vivo,Robert Rosenbaum III,Fantasy,1956,1734897501099
cuppedia acquiro ait,Ginger Bergnaum,Fantasy,2001,7374325639604
thymum commodi provident,Janet Marquardt,Fiction,1952,4510334256253
unde amplus barba,Damon McKenzie,Science Fiction,1980,6177599979791
denuncio neque sit,Erik Streich,Thriller,1999,2832706222312
tero trado sublime,Sandra Cronin,Science Fiction,1971,4653944222461
labore debitis carcer,Yvette Harber,Fiction,2022,0009480841299
calamitas cicuta baiulus,Jeannie Von,Fantasy,1966,9209236742893
odio conturbo defleo,Allison Labadie DDS,Mystery,1985,8975864105605
aetas termes thema,Roxanne Labadie,Fiction,2008,5463540502301
civis tabesco aequitas,Nelson Gutkowski,Romance,1987,6329670492746
depono sublime arca,Bradley Gorczany,Fantasy,2013,3510621979410
cupressus casso volva,Maggie Morar,Fantasy,1953,7461549081083
cur ultio testimonium,Harold Rodriguez,Mystery,2014,7810983739673
corrupti crepusculum crinis,Ida Williamson,Fiction,1991,4238995405187
accusantium ventito strues,Courtney Wyman,Non-Fiction,1982,3105901831750
solum vinitor provident,Chad Feil,Mystery,1951,5777427853845
comburo vinitor casus,Carroll Jerde II,Thriller,1996,5439995156062
ulterius toties vero,Darryl McLaughlin,Mystery,1965,8522012443404
defetiscor desidero vero,Mr. Fernando Swift,Non-Fiction,2006,4209567097220
defendo adhaero contego,Lela DuBuque,Non-Fiction,1962,3322646214021
aurum desino creptio,Rachael Auer-Kovacek,Thriller,2018,6023705344793
caterva tepidus aspicio,Jeanne Cremin,Thriller,2021,1184672006541
coaegresco officiis sublime,Lynne Wiza,Fiction,1979,6389068777177
animadverto solutio aetas,Lucy Stiedemann,Fantasy,1983,9484621716643
corrigo auctus adsidue,Ken Mohr,Science Fiction,1962,0951478677718
admiratio accusantium casso,Meghan Stamm,Fiction,2015,1029837930920
suus tredecim sophismata,Merle Klocko PhD,Biography,1959,0181186410490
curis eius thymbra,John Huels,Biography,2024,1937513985561
cito adfectus tabgo,Fred Herman,Fantasy,2015,8936693097179
virga trucido taceo,Lynne Sanford I,Biography,1975,6139993293986
comminor tendo ad,Craig Bailey,Romance,1974,7935046134473
similique vita aliquam,Dr. Neil McClure-Greenholt,Romance,1954,9202714922409
ustulo adamo comis,Delbert Hahn,Non-Fiction,2022,6050254644659
cursus convoco creber,Mabel Barrows,Romance,1998,3354343219922
ater astrum dicta,Jennifer Dach,Romance,1954,6035135199408
id error nesciunt,Dr. Brad Kuhn,Non-Fiction,1999,5276376485377
officia carus compono,Beulah Padberg,Mystery,1961,9233289046195
umquam cattus vilis,Justin Hettinger,Mystery,2020,3215643856831
terreo congregatio cum,Marlene Brakus,Thriller,1973,5749613320847
attero callide undique,Sheryl Schaden,Science Fiction,1982,4716378424840
dicta antepono conor,Alvin Bartoletti,Romance,1959,8301966655915
statim tantillus vomer,Alexander Hudson,Biography,1975,0462266647909
stipes viridis auxilium,Rosalie Lynch,Fantasy,1969,0519255978157
earum auditor somniculosus,Lucas Bailey,Fiction,1956,9060006131663
celer ascisco absque,Simon Hagenes,Biography,1979,3769857347187
deleniti cibo averto,Grace Klein,Science Fiction,1957,5138975098852
solutio ab valde,Warren Parisian,Non-Fiction,2009,7778416643695
attonbitus administratio suppellex,Andre Mraz-Walsh,Thriller,2019,0687573891885
coadunatio suppono vesica,Amanda Feil,Thriller,1999,6715063180723
adopto vinculum tantillus,Kerry Casper,Biography,2022,0636455906214
quia caries collum,Jeremiah Moore PhD,Romance,2019,7141066529718
cursus talus sumptus,Andres Zboncak,Fantasy,2013,5290833194320
spiculum aureus expedita,Stella Padberg,Fantasy,2020,2225171998430
eos volup iure,Robert Beer-Bernhard,Non-Fiction,2019,4083510316183
confugo vita astrum,Genevieve Wisoky,Science Fiction,1979,1369101886731
comminor accedo delicate,Ken Farrell,Fiction,2018,9078425584051
usque fugit solio,Evan Botsford,Fantasy,1993,2349069279773
conventus vado culpo,Faye Dibbert-Brakus,Non-Fiction,1983,3658216811549
thymum varius crudelis,Tara Brakus,Non-Fiction,1959,3621030249304
degusto vos rem,Alicia Gutmann,Science Fiction,1965,0890588341977
animus aperiam veritatis,Stella O'Conner-Lowe,Non-Fiction,1952,3159724661319
optio cupio aer,Peter Hagenes,Science Fiction,1995,5375664916548
celer color amissio,Laurence Carter,Mystery,2001,1401314140417
uredo curso caelestis,Karen Hayes,Fiction,1970,4047044973507
maiores sunt circumvenio,Ida Reynolds,Fiction,1967,1226555265780
deorsum umerus tui,Beth Runolfsdottir,Romance,1962,5938473968434
abundans clarus capio,Ivan Boehm-Dooley,Non-Fiction,1980,5314717564738
torqueo crustulum molestiae,Terrence Rice-Hoppe,Science Fiction,2001,3890839059835
peccatus amissio cohibeo,Ms. Rita Mayert-Weimann,Science Fiction,2004,0186190901086
enim contigo cupiditate,Marlon Dietrich,Science Fiction,2017,5477492926812
bestia baiulus suscipio,Bernice Moen,Biography,2019,8027885919353
suspendo repellat sum,Joyce Hansen,Science Fiction,1969,6783650792747
nulla caste crur,Jimmie Ferry,Thriller,2011,7554549196160
terror adipiscor tamquam,Gwen Franey,Biography,1985,5178366218475
torrens adulescens claudeo,Edmund Harris,Biography,2011,9184343538806
avarus cupressus arto,Alison Jacobson,Thriller,2016,3406286210447
harum arceo quis,Dr. Taylor Runolfsdottir,Thriller,2009,2529364737708
surculus eos tergiversatio,Wayne Ernser,Fiction,2007,1873391053253
vomer capillus adulescens,Fernando Dare,Fiction,1990,8392287558835
vestigium concedo vulnus,Maxine Wintheiser,Non-Fiction,2022,7262440245092
calco terga verbum,Rhonda Lang MD,Romance,1962,9744081589288
admitto corrumpo suffragium,Josefina Monahan,Fantasy,2013,7923923529341
temporibus auxilium speculum,Mrs. Beverly Macejkovic,Thriller,2014,2412445681957
conculco verecundia cribro,Mr. Glenn Wolf,Non-Fiction,1977,5215552859619
tamdiu amo suscipit,Byron Wuckert,Thriller,1980,5208470002203
cupio amo spoliatio,Jake Mertz,Romance,2011,7230718898984
venia conventus condico,Devin Larkin,Romance,1968,1440211198535
deficio cernuus animus,Dr. Troy Bartoletti III,Fantasy,1970,6591738291305
vester delicate aduro,Grant Tromp,Fantasy,1969,6597480194979
quod talis sodalitas,Roberto Luettgen,Science Fiction,1975,8855363971475
adamo cibus baiulus,Byron Hansen,Romance,1954,9157666049768
aliquam victus assentator,Dustin Wyman,Mystery,2014,5358377260287
conor eligendi civis,Yvonne Hane,Science Fiction,1971,0743164885922
vilicus a victoria,Adrienne Sawayn,Mystery,2011,1592651066633
vaco armarium patruus,Marcia Moore,Science Fiction,1980,6320822586936
ipsum desolo vinco,Mrs. Brandi Grant,Thriller,1985,0336987079626
atrox tener campana,Theresa Bergnaum,Science Fiction,1987,9560403177033
cogito molestiae natus,Perry Goodwin,Non-Fiction,2012,2189289324031
decimus spes absens,Priscilla Kling,Fantasy,1971,6051875270260
bene acquiro volaticus,Verna Konopelski,Fiction,1966,9414447005220
tenuis dolor quisquam,Anita Dooley,Biography,1987,9104682960155
temptatio spiculum varius,Suzanne Cormier,Mystery,1966,6090517899530
celer aliquam curatio,Ignacio Hegmann,Fantasy,2008,8510434700701
carcer tero volva,Evan Connelly II,Mystery,1976,0665334898219
paulatim custodia creo,Calvin McClure,Mystery,1970,6384601400405
distinctio torqueo surculus,Nick Hamill,Non-Fiction,1990,3629476921059
admitto vigilo theologus,Kim Sporer,Thriller,1997,3599030236166
demitto articulus quis,April Willms,Non-Fiction,2006,2306686313882
anser possimus rem,Greg Jenkins,Mystery,1957,0701906501211
trans stabilis aliqua,Teresa Davis,Biography,1964,7056370430876
derideo audax architecto,Mrs. Leona Torp,Thriller,2000,8336409185705
quo suasoria tantillus,Matthew Yundt,Biography,1959,3247666463398
adeo ascisco eum,Eduardo Monahan,Mystery,1983,5891490058927
suadeo supplanto capto,Ginger Parisian,Biography,1986,2024215370377
degusto doloribus cernuus,Felipe Collier I,Biography,1978,3793700300053
sordeo concedo acsi,Donnie McKenzie,Thriller,2009,1451565338851
antea subseco maxime,Irving Larkin Sr.,Fiction,1997,6861620897197
alter placeat altus,Susan Shields,Mystery,2024,6847006459904
ipsa aperio vehemens,Rick Streich,Romance,1995,5280081398968
compello a aduro,Mr. Aubrey Waelchi-Feest,Thriller,1961,4356084893634
territo vir sequi,Mr. Randall Rath PhD,Fantasy,1969,4449348308102
curia color inflammatio,Miss Robyn Collins,Non-Fiction,1982,3564224504761
cimentarius verto defetiscor,Evan Nolan,Thriller,1957,4137727109370
surculus suffragium alius,Carlton Corwin,Fiction,1969,9215339466481
cupiditate tempora amaritudo,Willard Wisozk,Science Fiction,1984,4256411845478
stella tenuis sulum,Elvira Walsh II,Thriller,2013,7916415738450
pauci advenio comitatus,Wilfred Rosenbaum,Non-Fiction,2019,9232510876565
alii carcer defero,Francis Smitham,Fantasy,2005,0306715784659
universe cruciamentum confugo,Alexis Batz,Biography,1982,1622718328640
spero utique terra,Lena Donnelly,Non-Fiction,1961,7775858793213
tabella aduro perspiciatis,Omar Hirthe,Romance,2017,7662225988889
absconditus derelinquo convoco,Carla Schamberger,Science Fiction,1953,7338835277814
acsi termes ago,Alan Cremin,Fantasy,1963,6328300312660
circumvenio tremo vergo,Sara Balistreri,Mystery,2003,4179621170917
sollers casus aspernatur,Maureen Stroman,Biography,1977,4969860304970
stabilis avarus theca,Catherine Howell Sr.,Non-Fiction,1996,6470138190562
adopto volubilis veniam,Ruby Luettgen-Kshlerin,Romance,1992,0585037380690
eos antea deserunt,Zachary Zieme,Thriller,1980,8484419658505
adsidue tibi cruentus,Mrs. Eula McKenzie III,Romance,1960,2409484872669
arceo degusto eos,Alberto Armstrong,Thriller,1950,0135378216607
aperiam commodo vorax,Forrest Bins,Mystery,1985,5399619545944
curtus aestus certus,Laurie Blanda,Fiction,2013,2939541260473
velociter aro consequuntur,Arturo Kassulke,Fantasy,1991,2869369512493
uberrime cometes vomica,Mae Morar,Science Fiction,1998,8120149004405
tabernus solitudo custodia,Angel Walker,Fiction,2016,2123263445636
tenus ater ascit,Joel Hane,Fantasy,2005,0178150009031
cibo thymum dolor,Harriet Hermiston,Mystery,2025,0859468455618
conventus armarium caterva,Ms. Joanna Schroeder,Biography,1972,0013496596730
accusantium inventore auctus,Devin Harber,Non-Fiction,2020,3969382404539
ultio vir amitto,May Kertzmann,Science Fiction,1972,6248709286358
tempore accusamus creber,Rebecca Romaguera,Thriller,2011,3952660388691
denego articulus commodo,Mr. Tomas Pagac,Fantasy,1976,7995710780316
suffoco antiquus dolor,Annie Mosciski PhD,Science Fiction,1952,4201927043750
curatio umquam altus,Mr. Nelson Jerde,Mystery,2021,9131582428020
coerceo iure bestia,Dr. Garry Hammes-Hudson,Thriller,1978,2721677475157
cruentus averto vomito,Jake Ward,Romance,1950,2400209891486
quas adeo verto,Denise Steuber,Fiction,1983,5636436932363
eos peior civis,Joyce Quigley,Science Fiction,1951,4384380810218
aequus tot auditor,Tyrone Kutch,Fantasy,1981,5679792481020
turba atrox denuo,Sheldon Franey,Fiction,1975,1093188750983
bellicus stella alienus,Melanie Buckridge,Thriller,2004,6159798031909
taedium delinquo damnatio,Randolph Corkery Jr.,Fantasy,1971,2626903423967
solium bene arto,Patty Schamberger,Thriller,1991,1386560878120
corporis subiungo alii,Misty Konopelski,Romance,1965,7127853078830
temeritas aer culpa,May Lindgren,Mystery,1974,1396039220947
apparatus laborum arx,Cheryl King,Non-Fiction,1961,1961670401299
ager cuius abutor,Cynthia Gerhold Sr.,Fiction,1956,1836061111541
ago cognomen exercitationem,Horace Hauck,Fantasy,2016,9542762283455
curtus denego turpis,Diana Miller DDS,Biography,1976,5537714384707
tubineus colligo tubineus,Dr. Harold Schiller-Schowalter,Thriller,1989,1087980637077
speciosus cursus at,Russell Renner DVM,Biography,2015,1449495971556
canonicus crinis tubineus,Jonathon Adams,Science Fiction,1959,4726809340183
agnitio ante vix,Martin Berge,Fantasy,2013,8421317289688
cunctatio nostrum delicate,Clara Ondricka,Science Fiction,2010,8748174700380
consequatur cunctatio spectaculum,Olivia Runte,Fiction,1956,1202836174576
spero caute cohors,Dr. Kathleen Ernser,Romance,2009,8959730883475
comes tunc catena,Gene Sporer II,Romance,2024,1029610495406
adinventitias urbanus villa,Nick McClure,Non-Fiction,1957,9797907955152
angulus angelus aegrus,Jan Carroll,Science Fiction,1970,6986129469242
vel alveus tremo,Mindy Koss,Romance,2005,1598555020464
caries quae carpo,Jaime Green,Mystery,2020,3291336933768
subito cur depulso,Brian Gleichner,Biography,1965,0947579075184
curia veniam comptus,Cameron Brown,Science Fiction,1995,5458819002039
cimentarius deprimo omnis,Carroll Toy,Thriller,1998,5876295535962
solus varietas maiores,Sheri Feeney,Mystery,1956,0615068172593
sumptus casus solum,Jimmy McClure,Romance,2005,8408269125384
cohaero exercitationem theatrum,Desiree Barrows,Thriller,1951,1387957787954
altus sublime barba,Yolanda Koepp,Romance,2008,8905984748618
demulceo certe aegrus,Leah Mayert,Biography,1978,6782177851317
ultra vaco pax,Nichole Wuckert,Fantasy,1999,6087263520268
demoror optio virga,Doyle Williamson,Fiction,1974,4882642527999
tabgo error cohaero,Audrey Stoltenberg,Romance,2000,7518921091489
venustas vox autus,Carlos Kerluke,Biography,1979,0366736429145
civis acies aspicio,Wilbur Nader,Fiction,2013,3833598514579